age,sex,diabetes,systolic_bp,diastolic_bp,activity_mims,n_medications,adherence_pct,pain_score
56,2,0,117,87,7221,5,73.4,0.0
56,1,0,122,82,8748,3,36.7,0.0
34,2,0,91,65,11648,0,66.5,0.0
9,2,0,99,64,14733,0,31.8,0.0
56,2,1,98,60,10261,1,39.7,0.0
57,1,0,124,85,12248,0,49.7,0.0
36,2,0,91,60,7522,2,38.6,1.0
11,2,0,102,69,6730,0,19.9,1.0
61,2,0,120,54,12657,0,54.0,0.0
46,1,0,118,88,7301,3,65.4,0.0
43,1,0,111,72,10343,0,39.2,0.0
42,2,0,97,58,10697,0,55.4,0.0
39,2,0,100,72,11214,2,45.2,0.0
64,2,0,125,67,8456,5,34.4,0.0
57,2,0,127,75,12719,2,57.4,0.0
40,2,0,118,80,6839,0,57.3,7.1
8,2,0,95,44,19704,0,26.2,1.0
39,1,0,122,76,8838,0,38.7,0.0
70,2,0,128,59,9263,2,71.0,0.0
62,1,0,124,66,9719,0,59.3,4.3
26,2,0,121,62,13461,1,59.8,0.0
19,2,0,107,51,6560,1,37.2,0.0
34,1,0,98,69,12880,0,49.3,0.0
8,2,0,109,42,13833,0,50.7,0.0
60,1,0,123,73,14037,2,63.2,0.0
43,1,0,123,77,13955,0,46.3,0.0
65,1,0,133,48,9692,1,83.3,6.4
74,1,0,128,67,7772,0,51.3,0.0
63,2,0,133,78,9669,5,37.1,0.0
45,2,1,144,88,14019,4,41.7,4.0
13,2,0,96,45,13103,1,45.8,6.7
22,2,0,109,61,10300,0,52.5,0.0
72,2,0,128,47,7955,4,95.0,2.9
11,1,0,91,51,13293,0,12.1,0.0
41,1,0,171,95,11242,0,26.1,0.0
42,2,0,128,73,12334,0,46.5,0.0
67,1,1,116,76,8298,6,6.8,3.3
56,2,0,118,88,12074,3,44.6,1.0
23,1,0,129,48,14563,0,49.4,0.0
51,1,0,122,70,10619,0,65.6,4.1
22,2,0,111,66,9153,0,54.8,0.0
14,1,0,107,52,179,0,31.4,0.0
41,2,0,108,67,13460,1,54.2,2.6
22,2,1,135,63,7750,2,10.6,0.0
64,2,0,112,79,5123,3,70.7,0.0
23,1,0,107,69,18678,0,36.8,2.2
39,2,0,110,67,16012,0,58.4,0.0
11,1,0,102,47,13187,0,46.1,0.0
8,2,0,96,42,16481,0,27.9,3.3
64,2,0,128,74,13959,5,60.0,1.9
51,2,0,113,63,19897,0,58.2,0.0
29,1,0,106,59,13518,0,34.9,0.0
15,1,0,111,41,10401,0,59.7,0.0
76,1,0,122,46,9003,7,26.4,0.0
54,2,0,137,91,12099,3,56.6,3.5
8,1,0,108,52,16303,1,38.7,6.5
78,2,0,105,67,8113,0,34.8,0.0
10,1,0,115,68,14633,1,25.7,0.0
24,2,0,105,75,16239,1,53.7,3.7
36,2,1,105,70,7181,3,33.6,1.0
47,2,0,124,81,19097,3,49.7,0.0
16,2,0,109,75,10600,0,50.3,0.0
70,2,0,134,57,9183,10,5.0,0.0
35,1,0,107,62,12310,0,42.8,0.0
38,2,0,110,70,3163,4,36.5,0.0
51,1,0,121,88,7937,0,67.5,3.5
12,1,0,117,75,14214,0,29.6,0.0
70,1,0,95,62,10255,2,59.3,0.0
25,1,0,113,57,11632,0,11.2,0.0
60,1,0,152,78,877,0,66.2,3.6
50,1,0,121,81,1568,0,77.2,0.0
64,2,0,113,62,10945,7,5.5,3.0
19,2,0,107,49,11981,0,16.5,0.0
28,2,0,108,75,10203,0,61.0,0.0
21,1,0,119,71,15227,1,41.4,0.0
20,1,0,112,80,14113,0,66.4,0.0
57,1,0,113,61,29613,2,57.8,0.0
49,2,0,117,72,11029,0,72.2,0.0
56,2,0,111,67,11360,2,51.4,3.2
57,2,0,107,80,17256,0,50.6,0.0
57,2,0,137,93,15008,4,56.3,0.0
74,2,0,121,69,10112,3,71.4,0.0
80,2,0,159,69,6996,8,23.9,1.5
74,1,0,168,56,8323,3,57.2,0.0
52,1,0,113,70,11314,0,61.9,0.0
60,2,1,119,69,9975,5,30.1,4.3
57,1,0,105,68,8021,4,45.5,0.0
14,1,0,111,52,13560,0,39.7,0.0
48,2,0,98,66,4460,1,49.1,0.0
11,1,0,101,46,16701,0,36.5,5.7
31,2,0,139,88,13585,0,72.8,0.0
80,2,0,115,60,8056,4,47.5,0.0
71,1,1,131,42,7377,5,33.4,1.2
20,1,0,114,72,11842,0,34.1,0.0
9,2,0,95,48,17216,0,23.5,3.2
68,2,0,138,74,16075,0,89.0,0.0
47,2,0,91,62,15471,0,70.1,2.8
15,1,0,117,40,13038,1,16.2,3.9
8,1,0,99,48,14900,0,24.1,0.0
48,2,0,132,90,13923,0,53.7,0.0
10,2,0,101,51,19469,0,29.3,3.6
52,1,1,125,67,7019,7,13.8,4.7
15,1,0,112,65,13535,0,40.8,0.0
80,2,0,161,67,959,3,90.9,0.0
45,2,0,130,81,10957,0,38.5,0.0
41,1,0,116,76,21678,0,42.0,0.0
26,1,0,121,68,12185,0,20.0,0.0
33,1,0,126,78,7126,0,30.2,0.0
59,1,0,109,50,23491,0,53.2,0.0
46,1,0,110,62,11446,0,37.2,0.0
38,1,0,165,108,13101,0,54.2,0.0
80,1,0,149,25,7654,0,75.9,3.8
80,2,0,108,59,6948,5,38.2,0.0
55,2,0,151,94,17117,0,49.7,1.0
8,1,0,110,59,19086,0,59.8,2.1
21,2,0,106,59,8383,0,49.3,0.0
29,1,0,121,67,10053,0,64.4,0.0
18,2,0,117,69,15004,0,39.5,2.0
18,1,0,117,78,14819,0,19.1,0.0
10,2,0,94,60,17605,0,24.5,4.1
43,2,1,125,70,10392,4,32.2,0.0
33,2,0,104,61,10429,0,54.0,0.0
43,1,0,107,67,14407,0,45.6,0.0
66,2,0,119,50,6300,3,49.3,0.0
36,1,0,128,82,8671,0,50.2,0.0
70,2,0,185,68,9275,1,73.7,0.0
18,2,0,128,57,9781,1,15.6,0.0
13,2,0,101,48,12427,0,36.5,2.9
13,1,0,111,42,17077,2,24.3,0.0
14,1,0,116,78,14898,1,32.2,4.9
17,2,0,94,74,11541,0,35.1,0.0
30,1,0,104,53,13521,0,57.9,0.0
15,2,0,96,49,12732,0,45.4,0.0
9,2,0,98,75,12705,0,26.7,1.0
59,2,0,109,64,8603,5,51.1,2.3
13,2,0,94,57,11786,0,26.4,2.3
65,1,0,113,69,11841,5,56.8,0.0
80,1,1,129,52,5565,3,74.5,3.8
8,2,0,98,49,12500,0,34.9,1.0
51,2,0,106,81,6627,1,74.2,2.4
40,1,0,131,69,12989,0,53.6,7.2
28,2,0,132,81,12779,2,40.2,0.0
35,2,0,101,66,8645,3,38.3,0.0
12,2,0,92,74,11857,3,55.1,0.0
24,1,0,114,59,7076,0,30.3,0.0
58,1,1,112,63,8951,6,14.5,0.0
32,2,0,133,67,12137,0,47.0,0.0
22,1,0,119,76,14491,0,57.7,0.0
55,2,0,129,75,20144,0,53.1,0.0
20,1,0,116,89,15088,0,54.1,0.0
72,2,0,155,81,11125,2,58.2,6.1
18,1,0,132,70,9226,1,48.1,0.0
13,2,0,96,59,12724,0,51.6,0.0
45,2,0,134,89,11119,0,29.6,0.0
80,1,1,154,64,6975,5,19.5,0.0
10,2,0,110,78,15204,0,21.2,0.0
15,1,0,113,71,11835,0,34.0,0.0
29,2,0,102,51,14502,0,39.2,0.0
13,1,0,106,69,13528,0,41.1,3.4
8,2,0,100,57,21500,1,23.1,0.0
50,1,0,113,74,7581,0,49.6,0.0
34,2,0,96,65,10156,0,43.7,4.2
60,1,0,101,68,7374,4,36.9,0.0
63,1,0,144,77,12631,3,56.3,0.0
12,1,0,91,43,12992,0,67.1,0.0
50,1,0,144,96,11050,0,58.9,0.0
30,1,0,116,68,11520,0,42.8,0.0
17,2,0,107,73,12727,2,22.8,0.0
54,1,0,129,85,14110,0,53.9,3.2
34,1,0,115,54,14698,0,42.8,5.5
13,2,0,103,51,15384,0,39.3,0.0
27,2,0,100,66,16542,0,31.6,4.0
79,1,0,110,64,8063,1,76.1,0.0
21,1,0,108,60,15623,0,45.2,3.8
62,1,1,123,73,10000,6,5.0,7.0
43,1,0,128,84,6558,0,62.3,0.0
25,2,0,120,67,9814,0,57.5,0.0
54,2,0,139,88,10318,0,66.9,0.0
43,1,0,119,72,8212,0,39.8,0.0
77,2,1,132,68,5309,5,38.0,4.8
49,2,0,93,61,9422,5,15.8,0.0
70,2,0,164,83,11694,4,58.9,3.7
51,2,1,149,99,10707,3,55.6,7.1
64,2,0,134,68,6411,9,5.0,0.0
27,2,0,113,66,10177,0,70.1,0.0
38,1,0,115,62,15084,0,58.0,0.0
45,2,0,115,81,13349,5,23.9,0.0
55,2,0,147,84,13954,0,57.7,0.0
41,2,1,117,66,11399,0,42.9,1.7
69,2,0,160,99,13165,2,63.9,0.0
26,2,0,115,68,9546,0,29.5,0.0
80,1,0,146,54,7590,6,42.2,1.0
58,2,0,129,60,9568,4,57.0,0.0
60,1,0,118,75,10332,0,62.5,0.0
14,1,0,118,60,4819,0,28.7,0.0
9,1,0,107,46,18990,5,5.0,0.0
31,2,0,107,48,16071,2,50.0,0.0
8,1,0,95,32,18895,0,28.3,0.0
11,1,0,106,56,16391,0,34.3,4.5
22,1,0,123,66,16228,1,41.1,0.0
51,2,0,135,64,18204,0,86.9,0.0
29,2,0,105,67,14632,2,30.7,0.0
12,1,0,94,57,9032,0,40.7,0.0
42,1,0,113,77,12634,0,45.6,0.0
47,1,0,106,69,7747,0,41.1,2.5
34,1,0,122,83,16950,1,37.2,0.0
48,2,0,129,80,14613,0,76.3,0.0
60,2,0,136,82,13306,1,62.6,0.0
24,2,0,94,59,7875,0,48.4,0.0
73,2,1,142,79,10227,4,37.9,0.0
67,2,0,134,69,12413,2,48.3,4.4
11,1,0,114,81,17382,0,49.0,0.0
72,1,1,151,46,7924,8,5.0,2.9
34,2,0,120,74,10251,0,37.1,1.0
41,1,0,110,76,8260,0,63.8,0.0
80,1,1,172,60,7837,4,44.0,3.0
55,2,1,109,46,8697,7,5.0,0.0
37,1,0,118,62,11715,0,42.8,0.0
69,2,0,142,75,11163,9,5.0,0.0
64,1,0,154,97,8630,4,46.7,1.6
16,1,0,134,46,3154,0,38.0,0.0
8,2,0,90,61,20043,0,40.0,0.0
11,1,0,109,65,3019,0,35.1,4.1
41,2,0,99,60,11576,1,61.0,0.0
10,2,0,125,81,13414,0,39.9,0.0
51,1,0,126,77,6288,0,68.1,0.0
61,2,0,109,65,14509,5,55.0,0.0
65,1,0,124,80,10192,0,75.3,3.0
59,2,0,140,58,9334,0,65.3,0.0
36,1,0,109,63,14424,0,67.2,0.0
62,2,0,108,57,12316,0,53.8,4.4
17,2,0,109,59,14089,0,35.5,0.0
21,2,0,98,68,14168,0,54.4,5.0
60,1,0,102,67,9814,1,44.5,0.0
64,1,0,143,75,12604,1,56.4,0.0
60,1,1,147,73,10708,2,40.6,2.6
69,1,1,159,70,5616,3,55.7,0.0
31,1,0,140,90,4503,0,61.4,0.0
45,2,0,101,61,8390,0,68.2,0.0
32,2,0,116,52,12925,1,48.4,3.7
13,1,0,107,59,13021,0,16.2,0.0
16,1,0,125,72,13241,0,24.2,0.0
80,2,0,131,65,7386,2,79.2,3.2
41,2,0,100,71,16612,0,68.7,3.9
52,1,0,146,87,10873,1,55.3,0.0
8,2,0,105,61,18780,0,34.2,0.0
40,2,0,110,72,10485,6,29.1,0.0
63,1,0,116,68,8633,0,69.4,0.0
79,2,0,159,54,10873,5,41.7,0.0
35,1,0,107,63,5072,0,46.7,0.0
13,1,0,116,30,5559,0,42.2,0.0
16,1,0,110,59,12554,0,56.0,0.0
10,2,0,95,48,14651,0,35.7,0.0
52,2,1,129,73,11731,4,24.4,2.6
44,1,0,123,85,12566,2,54.2,0.0
34,1,0,138,80,8926,0,29.6,5.4
34,1,0,107,72,10383,6,11.4,0.0
8,1,0,124,64,16445,1,14.1,1.1
27,2,0,111,67,10062,1,51.1,0.0
26,2,0,100,56,10435,1,44.6,0.0
8,1,0,100,64,17108,1,42.9,0.0
69,1,0,117,72,8486,0,60.0,0.0
10,1,0,103,44,14100,1,25.1,0.0
73,1,1,122,75,4941,3,66.2,5.6
39,1,0,122,67,2923,0,40.0,0.0
47,1,0,129,72,9854,0,30.6,0.0
70,1,0,155,60,6287,3,54.1,0.0
19,1,0,119,39,433,0,38.8,1.0
32,2,0,103,75,14037,3,79.9,0.0
13,2,0,101,66,16353,0,31.6,0.0
67,1,0,165,84,6499,5,43.7,0.0
45,2,0,119,85,7026,3,52.6,0.0
61,1,1,129,76,9128,2,59.5,2.7
47,1,0,126,96,11790,0,51.6,0.0
49,1,1,134,72,6432,17,13.4,3.6
73,2,0,139,73,6029,3,28.4,0.0
41,2,0,99,66,14832,0,53.9,0.0
11,2,0,96,57,13022,0,47.7,4.2
13,2,0,116,43,12665,0,46.6,0.0
34,2,0,107,74,14999,1,31.0,1.0
32,1,0,104,73,8433,1,30.1,0.0
19,1,0,102,67,9909,0,51.0,0.0
14,2,0,110,51,10938,0,35.9,2.0
49,2,0,114,59,14033,4,50.2,6.6
30,1,0,102,62,9473,0,69.9,0.0
70,2,0,127,69,11884,1,63.5,2.3
21,2,0,111,68,7561,0,34.2,0.0
29,1,0,102,60,13518,0,49.4,0.0
29,1,0,115,77,8281,0,18.9,0.0
72,1,0,126,74,13088,0,74.4,0.0
50,2,0,143,102,7979,3,61.6,2.8
45,2,0,121,89,14864,0,49.5,0.0
31,1,0,117,59,12927,0,35.7,0.0
52,2,0,152,83,12566,5,40.7,0.0
79,2,1,135,56,9302,8,26.4,0.0
31,2,0,112,77,10903,1,43.0,2.1
9,2,0,96,38,7009,0,60.0,3.3
69,1,1,113,46,7939,14,5.3,2.6
16,2,0,104,57,10317,0,46.1,0.0
62,2,1,126,63,10204,11,12.0,3.5
49,2,1,102,73,9979,0,51.2,0.0
30,1,0,132,67,18278,1,57.6,0.0
8,2,0,104,56,16967,0,49.4,3.3
80,1,0,128,65,7915,0,71.8,5.3
47,1,0,122,72,12064,0,59.3,0.0
29,1,0,119,69,10761,0,35.1,5.9
41,2,0,112,76,6125,2,31.4,0.0
23,1,1,115,64,9074,1,24.4,3.4
45,1,0,148,83,13291,2,56.8,0.0
48,2,0,145,81,9365,2,57.2,1.0
40,1,0,114,69,10658,1,66.3,0.0
9,1,0,98,50,14123,0,41.0,0.0
25,1,0,124,71,13603,0,44.3,0.0
16,1,0,104,55,7055,0,37.2,6.8
11,2,0,96,61,13095,0,21.2,0.0
17,2,0,117,68,12275,0,32.3,1.0
33,2,0,109,77,10494,2,66.1,0.0
9,2,0,94,47,10125,0,41.4,2.4
72,1,0,132,64,12569,3,81.3,1.0
52,2,0,120,74,10780,3,44.7,0.0
30,1,0,124,52,9622,0,69.2,0.0
80,2,0,119,58,3596,12,20.6,0.0
53,2,0,121,68,11423,0,61.7,0.0
24,1,0,101,56,8841,0,25.8,0.0
21,1,0,113,60,8517,0,64.4,2.2
8,2,0,106,74,2255,0,27.6,0.0
23,2,0,100,77,10415,0,28.8,0.0
17,1,0,123,66,13769,1,30.8,0.0
50,1,0,114,78,13151,1,40.9,0.0
80,2,0,187,64,3095,1,82.3,0.0
43,2,0,129,78,10887,4,68.7,0.0
11,2,0,110,68,13319,0,16.9,0.0
74,1,0,126,54,1344,3,71.0,0.0
79,2,1,167,57,7474,5,54.5,0.0
21,2,0,113,64,12104,0,37.5,0.0
51,2,0,107,72,8683,2,65.7,4.1
12,1,0,108,44,12715,0,46.7,0.0
38,1,0,98,66,7689,0,35.4,3.7
54,1,0,126,80,7976,9,20.7,2.2
37,1,0,122,89,10543,1,37.4,1.7
16,1,0,138,71,6994,1,48.0,0.0
13,2,0,97,55,12754,0,32.8,0.0
23,2,0,105,67,15039,2,39.3,0.0
41,1,0,124,82,11781,0,47.9,0.0
11,2,0,100,66,15299,0,39.4,0.0
42,1,0,124,71,13042,0,50.5,0.0
50,2,0,125,80,13219,1,55.3,0.0
9,2,0,105,44,2984,0,10.5,2.0
11,2,0,109,67,20409,0,35.2,0.0
13,2,0,103,62,10331,0,56.6,0.0
10,1,0,97,58,17171,3,42.3,0.0
80,1,0,88,50,2824,0,60.5,7.6
22,2,0,126,66,9856,1,49.4,1.3
9,1,0,117,54,16318,0,26.1,1.0
15,2,0,109,68,7464,1,29.9,0.0
20,1,0,112,66,14982,0,42.8,0.0
78,2,0,163,65,7755,2,78.1,0.0
9,1,0,110,59,20235,0,23.1,0.0
29,2,0,113,77,9932,0,22.6,0.0
48,2,0,125,77,14816,7,34.8,0.0
56,2,0,132,76,12076,1,45.7,0.0
19,2,0,108,68,11946,0,37.2,0.0
67,1,0,138,88,9151,5,33.2,4.8
34,1,0,115,54,17477,0,57.1,0.0
17,2,0,105,57,8502,0,37.8,0.0
31,1,0,114,76,730,1,42.8,0.0
64,1,0,127,72,7999,1,46.7,3.0
54,2,0,121,66,8048,0,81.2,0.0
29,2,0,124,87,5087,0,43.0,0.0
79,1,1,160,74,9402,3,63.0,1.8
13,2,0,95,66,13899,0,20.0,0.0
27,1,0,111,67,9552,0,52.3,0.0
68,2,0,130,68,8498,5,30.2,0.0
51,1,0,114,83,12692,0,44.0,0.0
8,1,0,97,41,15617,0,42.9,8.5
26,1,0,102,57,12323,2,51.1,0.0
78,2,1,113,47,4436,6,23.2,4.0
54,2,0,116,71,11409,4,39.6,3.5
41,1,0,116,76,17978,0,50.1,0.0
40,1,0,116,83,10044,2,56.7,0.0
17,1,0,109,69,8888,0,17.8,2.0
18,2,0,113,52,12061,0,37.7,0.0
70,2,0,117,64,11540,0,72.5,5.7
49,2,0,137,56,9254,0,61.5,1.0
17,1,0,137,57,13136,0,40.3,1.0
67,2,0,125,45,13913,3,55.8,0.0
61,2,0,115,67,7600,4,62.0,0.0
40,1,1,115,67,12937,1,31.8,1.7
17,1,0,112,73,207,0,31.2,2.5
78,2,0,142,50,11228,9,5.0,0.0
12,1,0,108,28,4555,0,36.5,0.0
31,2,0,114,70,12218,0,46.6,0.0
16,2,0,108,78,10328,0,35.8,0.0
15,1,0,114,73,38,1,22.4,0.0
39,1,0,112,54,19806,0,42.8,0.0
56,1,0,121,71,6677,0,67.1,0.0
11,1,0,100,73,11784,0,24.2,2.3
35,2,0,104,69,10060,0,36.8,1.9
16,1,0,105,54,10898,1,21.8,0.0
36,1,0,129,77,10880,0,61.8,0.0
15,1,0,113,58,14263,0,48.2,4.2
41,2,1,130,75,16406,1,48.9,0.0
61,2,0,142,83,10012,3,53.4,0.0
11,2,0,97,69,13067,0,41.9,0.0
10,2,0,93,59,14220,2,23.7,0.0
19,1,0,120,58,12602,3,32.9,0.0
26,2,0,105,68,12302,0,57.3,0.0
28,1,0,135,94,8513,6,28.9,0.0
33,2,0,110,62,7371,0,52.1,1.0
27,2,0,96,70,7360,0,45.5,1.0
15,1,0,106,64,8025,0,39.2,6.7
60,2,1,113,74,13355,9,5.0,2.6
12,1,0,103,60,16439,1,38.5,0.0
24,1,0,102,56,16257,0,49.9,1.6
78,2,1,142,70,9760,6,5.0,0.0
24,1,0,141,101,7664,3,46.2,0.0
59,2,0,122,75,14789,0,65.1,0.0
50,2,0,120,78,14325,1,64.8,0.0
25,2,0,111,78,6965,4,18.4,0.0
30,1,0,127,73,10493,0,42.2,4.2
9,2,0,93,54,12184,0,27.8,0.0
62,1,0,146,59,9661,0,43.9,2.9
29,2,0,124,74,5171,0,44.1,1.0
70,1,0,118,65,10498,4,57.8,0.0
20,2,0,99,39,7245,1,45.2,0.0
52,2,0,115,77,9744,1,41.6,0.0
31,2,0,105,72,14584,0,51.4,0.0
13,1,0,100,55,17450,0,26.1,0.0
15,1,0,110,67,11343,0,33.6,0.0
71,2,0,125,55,6033,17,5.0,0.0
61,1,1,102,84,4194,9,7.4,0.0
66,2,0,135,42,13309,7,24.8,0.0
9,2,0,94,58,19967,0,43.2,0.0
38,2,0,112,72,11605,0,32.2,0.0
70,2,0,128,69,9120,5,36.4,0.0
20,2,0,102,51,10934,0,43.1,0.0
60,1,0,129,79,8133,4,34.0,1.9
70,2,1,131,52,10976,8,5.0,0.0
34,2,0,116,57,16052,0,50.7,3.8
20,2,0,115,55,12705,0,47.6,0.0
18,2,0,112,38,11324,0,43.6,4.5
47,2,0,142,87,1720,3,43.1,0.0
10,2,0,106,38,15248,0,51.0,0.0
52,2,0,124,61,10921,7,16.2,0.0
68,1,0,140,87,12924,4,51.3,3.8
28,2,0,109,69,8614,1,55.3,0.0
28,1,0,97,70,9232,0,52.4,0.0
48,1,0,103,68,6371,2,34.4,0.0
15,2,0,101,54,12666,0,47.2,3.9
65,2,0,117,80,9284,1,68.7,4.7
47,1,0,114,60,13223,0,76.8,3.7
31,2,0,137,93,7912,2,34.1,0.0
30,2,0,108,74,12237,1,53.5,5.3
63,1,1,169,73,11582,5,50.3,5.0
18,1,0,118,60,13561,0,55.4,0.0
22,1,0,136,60,7885,0,54.7,6.9
51,2,0,123,74,10088,1,57.6,0.0
16,2,0,105,56,8628,0,48.7,0.0
38,1,0,113,72,12101,0,49.2,7.2
21,2,0,104,60,9083,1,44.8,0.0
9,2,0,104,50,12603,1,18.2,0.0
80,2,0,161,69,5306,3,87.4,0.0
75,2,0,140,68,8476,4,61.2,2.9
11,2,0,110,54,14630,0,23.9,0.0
40,1,0,117,88,11036,0,48.4,0.0
67,2,0,146,91,8151,4,47.9,2.2
13,2,0,113,68,7886,1,19.3,0.0
80,2,1,141,59,4048,9,7.9,3.9
35,2,0,100,69,14551,0,53.6,0.0
54,2,1,128,66,13213,7,11.6,5.9
12,2,0,108,57,9669,0,25.9,0.0
33,2,0,109,71,12174,1,43.2,6.3
78,1,0,135,59,9444,7,30.6,0.0
38,2,0,111,79,5147,0,24.7,0.0
38,2,0,112,67,15289,1,55.0,0.0
17,2,0,118,69,9256,2,35.0,0.0
43,2,0,146,85,11989,0,58.8,0.0
26,2,0,89,51,12387,0,35.7,1.4
71,2,1,157,72,6944,1,58.2,2.2
59,2,1,119,69,11056,6,26.4,0.0
15,1,0,125,83,8983,0,56.5,1.0
19,1,0,114,50,7638,0,39.8,5.1
23,2,0,118,76,11781,0,31.9,5.3
22,1,0,115,57,12450,0,49.8,0.0
54,2,0,139,73,6203,0,78.9,0.0
54,1,1,154,82,5085,7,5.0,6.9
30,1,0,118,69,13440,0,39.7,0.0
53,2,0,133,76,11060,1,70.7,3.8
8,2,0,93,64,14929,0,40.3,1.7
27,2,0,111,59,17549,0,50.2,0.0
56,2,1,163,78,11555,17,27.9,0.0
19,2,0,106,75,15209,0,37.0,1.0
80,1,0,148,66,2991,10,5.0,1.7
53,1,0,113,84,13465,13,5.0,0.0
17,1,0,106,74,9651,0,47.4,0.0
41,2,0,111,74,11776,0,35.8,1.0
18,1,0,104,50,11335,0,14.2,1.5
30,2,0,105,64,11597,0,45.1,0.0
23,1,0,105,64,8554,0,40.6,0.0
21,1,0,115,68,12565,0,60.2,0.0
48,2,0,117,69,21288,0,50.9,0.0
17,1,0,106,54,6031,0,56.2,0.0
24,1,0,137,81,8580,0,40.5,0.0
56,2,1,117,68,10385,5,17.3,0.0
71,2,1,140,52,7328,6,24.5,5.3
77,1,1,159,83,4464,7,33.9,0.0
8,2,0,96,30,14113,0,36.9,3.0
11,2,0,116,62,15042,0,28.9,0.0
21,2,0,89,56,9131,0,58.5,0.0
80,2,0,130,67,14115,5,52.1,4.3
63,2,0,141,78,11989,0,75.7,0.0
57,1,0,123,83,12195,0,66.7,0.0
13,1,0,95,34,11241,5,26.7,0.0
66,1,0,107,74,11946,3,34.5,0.0
33,1,0,105,73,10519,1,71.1,0.0
60,2,0,162,89,12013,2,61.7,0.0
63,1,0,122,73,10891,2,48.1,6.2
12,1,0,98,56,21574,0,49.0,0.0
62,1,1,125,81,7644,17,21.6,2.3
8,2,0,110,52,16014,0,39.4,0.0
38,1,0,128,89,11535,2,45.6,0.0
19,2,0,137,78,9557,0,48.3,0.0
20,1,0,121,60,14882,0,56.4,0.0
9,2,0,105,57,20094,0,45.2,0.0
60,1,0,111,72,10655,3,55.4,0.0
48,2,0,129,79,12802,1,33.6,0.0
80,2,0,128,46,10839,7,11.0,0.0
31,1,0,117,68,11527,0,39.7,0.0
27,1,0,128,68,9181,0,38.1,0.0
8,1,0,102,26,20853,0,20.8,0.0
72,1,1,129,66,5389,6,17.6,2.5
20,2,0,111,76,16615,0,30.0,0.0
50,1,1,109,60,11188,5,14.1,0.0
46,1,0,110,67,10935,1,49.2,1.4
17,2,0,105,48,3872,0,32.1,0.0
16,2,0,114,61,10245,0,47.6,0.0
12,2,0,106,58,13532,0,40.1,0.0
60,1,0,144,79,10656,2,59.0,0.0
64,1,0,123,74,9275,0,87.7,0.0
8,2,0,106,58,18087,0,42.6,3.4
42,2,0,95,59,10242,1,41.0,0.0
66,1,0,113,68,7138,0,71.3,0.0
8,2,0,101,57,16542,0,38.6,5.0
20,2,0,99,63,9048,3,35.1,0.0
59,2,1,127,60,9870,10,15.9,0.0
60,1,0,135,85,3318,0,58.6,5.8
11,2,0,102,60,16533,0,38.6,0.0
48,2,0,126,70,14867,1,56.3,0.0
61,2,0,191,83,10952,2,50.8,0.0
19,2,0,104,50,5832,0,36.2,0.0
49,1,1,132,90,9947,2,27.8,0.0
24,1,0,95,65,13223,0,42.4,0.0
10,1,0,95,64,16537,0,23.0,0.0
32,1,0,104,61,10976,0,66.6,1.0
45,2,0,121,85,9193,0,51.4,4.7
62,2,0,136,83,4518,5,57.9,0.0
26,1,0,125,68,15516,0,51.7,0.0
20,2,0,117,56,8936,1,36.9,0.0
27,1,0,117,74,13822,0,35.0,0.0
37,1,0,115,69,9444,1,46.3,0.0
46,1,0,127,79,10441,2,34.5,0.0
15,2,0,118,65,9392,0,28.9,0.0
12,1,0,106,76,13924,0,30.7,3.9
38,1,0,110,52,11411,0,51.6,0.0
12,2,0,97,51,12987,0,46.2,0.0
80,1,0,121,72,6551,5,44.4,0.0
57,1,0,159,81,15357,0,63.6,1.0
8,2,0,96,42,17435,0,35.5,2.7
62,1,0,108,80,7329,7,20.6,0.0
11,2,0,97,39,12324,0,39.7,0.0
51,1,0,135,68,11517,3,75.5,0.0
40,2,0,112,78,11260,0,55.9,4.6
45,1,0,127,80,13221,0,57.5,0.0
12,2,0,104,67,19495,0,62.0,0.0
13,2,0,92,65,12681,0,29.7,3.8
62,2,0,129,56,8541,5,31.1,0.0
17,1,0,104,60,13595,0,37.5,0.0
41,2,0,111,67,20131,0,63.7,0.0
19,1,0,111,56,13388,0,32.8,1.0
53,1,0,128,76,12295,5,40.8,0.0
32,2,0,98,62,12516,0,26.4,1.5
21,2,0,104,63,9282,1,7.5,0.0
41,2,0,103,64,3443,0,39.9,0.0
12,2,0,108,61,7333,0,32.5,0.0
31,1,0,119,68,11741,0,39.4,0.0
79,2,0,175,98,7334,4,55.7,0.0
62,1,0,99,65,9173,3,55.3,0.0
43,2,0,122,83,13084,2,60.9,0.0
79,2,0,162,71,7036,2,93.8,0.0
67,2,0,116,71,7681,5,37.5,4.3
15,2,0,113,51,7524,1,44.8,3.4
13,2,0,106,70,14175,0,40.8,0.0
41,2,0,99,69,13753,0,64.5,0.0
15,2,0,105,59,12148,1,26.4,7.9
10,2,0,101,57,13487,1,33.7,0.0
56,2,0,112,75,11698,2,51.6,0.0
20,1,0,127,67,13838,0,42.0,0.0
49,1,0,125,78,9387,4,30.9,0.0
58,2,1,130,48,6127,4,26.2,6.4
31,2,0,100,75,8409,0,45.3,0.0
58,1,0,123,76,3482,3,68.9,0.0
80,1,0,145,70,9272,0,60.2,0.0
42,1,0,131,101,10702,3,44.0,0.0
12,1,0,113,63,13338,0,26.4,2.7
62,1,1,124,51,10164,12,5.0,0.0
80,1,0,124,68,8008,3,68.6,0.0
19,2,0,98,67,15256,0,50.0,0.0
39,2,0,107,66,13684,0,53.2,0.0
13,1,0,108,55,8259,6,10.5,6.5
14,1,0,91,34,4658,0,40.1,0.0
9,2,0,87,44,18714,1,47.6,0.0
53,2,0,120,57,14550,3,85.2,0.0
20,2,0,114,78,9078,0,49.1,0.0
64,1,0,122,79,14688,2,69.7,0.0
53,1,0,163,88,9340,0,55.9,0.0
9,1,0,93,62,14897,0,38.6,0.0
10,2,0,89,37,12882,0,37.5,1.0
48,1,0,124,79,9769,4,35.6,5.7
80,2,0,129,59,8516,1,66.0,0.0
19,1,0,109,62,3289,0,47.5,0.0
39,1,0,123,70,13835,1,37.4,0.0
15,2,0,91,64,10013,0,26.8,0.0
46,2,0,107,65,5894,0,35.0,0.0
66,2,0,129,85,10692,1,49.2,1.8
44,2,0,110,69,14258,4,24.0,0.0
9,1,0,93,55,16962,0,37.1,0.0
34,2,0,102,62,13191,3,56.4,0.0
15,2,0,96,57,13968,0,37.1,0.0
75,2,0,170,69,10239,5,29.1,0.0
60,2,1,117,81,10410,3,68.0,0.0
13,1,0,124,46,14499,0,47.8,0.0
46,2,0,105,69,16224,1,56.9,0.0
70,2,0,125,72,12544,1,56.3,0.0
49,2,0,125,81,16340,2,58.2,0.0
59,1,1,119,59,8717,7,5.0,0.0
9,1,0,94,54,19576,1,31.7,4.2
80,1,0,119,59,5555,6,20.3,0.0
10,2,0,107,38,15373,0,42.1,0.0
54,1,0,138,67,9226,1,40.5,0.0
29,1,0,115,82,8073,0,56.2,0.0
40,1,0,124,88,8434,1,49.5,0.0
16,2,0,94,59,0,0,37.5,0.0
9,1,0,94,59,15313,0,34.3,0.0
74,2,0,137,75,9569,2,65.3,0.0
51,2,0,104,61,14914,0,60.3,0.0
47,1,0,120,78,17279,0,66.0,5.8
80,2,0,151,70,10610,3,78.5,1.0
68,2,1,142,71,6447,3,33.2,1.3
27,1,0,120,78,10477,2,35.9,0.0
34,2,0,110,52,17997,0,26.6,0.0
9,1,0,86,50,9981,0,34.6,0.0
39,2,0,117,78,13198,0,58.6,1.7
9,1,0,91,53,15943,0,51.3,3.0
31,1,0,115,74,11796,0,58.7,0.0
27,2,0,91,53,11155,0,66.3,3.6
80,1,0,133,34,8506,3,74.8,0.0
14,1,0,106,74,11641,0,48.2,1.9
62,2,0,136,83,11090,0,50.4,0.0
53,1,0,151,86,8866,2,63.6,0.0
32,1,0,115,67,13006,0,47.8,0.0
63,2,0,117,76,8628,4,57.2,0.0
66,1,0,126,60,9162,1,60.2,4.0
43,2,0,97,66,9925,0,73.1,0.0
10,1,0,103,67,19330,1,15.8,0.0
11,2,0,98,59,14790,0,26.4,0.0
19,1,0,114,62,13897,0,27.1,8.7
27,2,0,118,74,15192,4,32.9,0.0
65,1,0,156,91,10732,0,62.2,1.6
56,2,0,114,66,10664,3,57.3,2.3
32,2,0,95,64,11409,0,73.4,1.7
46,2,0,110,85,7409,3,70.3,0.0
39,1,0,113,77,10982,0,43.9,5.7
80,1,0,101,50,6682,6,57.4,0.0
80,1,1,133,70,8413,0,56.5,7.4
80,2,1,139,73,8466,7,14.3,6.8
49,1,0,128,83,9212,0,48.1,0.0
30,1,0,111,70,15593,0,33.9,1.0
40,2,0,101,71,14518,3,37.2,0.0
10,1,0,95,52,13863,0,33.8,0.0
70,2,1,167,78,11239,2,67.9,0.0
17,2,0,102,73,12188,0,31.4,3.8
80,1,0,120,56,8971,3,68.2,0.0
8,2,0,102,39,22243,1,30.6,4.5
13,2,0,96,55,8538,0,47.5,0.0
24,1,0,116,81,12956,0,39.9,0.0
24,2,0,101,70,1467,0,11.4,0.0
17,1,0,128,64,9262,0,48.8,0.0
12,2,0,99,62,15243,0,48.8,0.0
46,2,0,113,71,12593,4,30.2,2.2
55,2,1,121,75,13608,3,51.2,0.0
31,2,0,118,75,8526,0,26.2,0.0
59,2,0,137,85,9733,2,50.7,0.0
52,2,0,101,67,11884,1,68.4,0.0
26,2,0,111,67,13732,1,45.9,2.7
15,2,0,101,62,15086,0,48.2,1.4
14,2,0,121,63,11170,1,36.5,2.7
70,2,1,153,80,6316,6,16.4,0.0
65,1,0,125,46,5139,3,55.2,0.0
25,1,0,112,75,4305,0,44.8,0.0
18,2,0,102,47,15913,0,16.6,0.0
24,2,0,94,69,10829,1,29.4,0.0
80,2,0,142,72,7967,7,23.0,3.2
64,2,1,125,38,7518,6,16.1,1.0
20,2,0,107,55,15704,0,40.3,0.0
80,1,0,159,64,6039,10,17.8,0.0
42,2,0,106,69,16713,0,50.8,0.0
70,2,1,143,61,7855,8,5.0,0.0
60,2,1,173,71,10234,11,20.3,0.0
17,1,0,103,59,15060,0,36.7,0.0
67,1,1,132,80,11005,4,67.1,0.0
9,1,0,104,63,15510,3,17.6,0.0
24,2,0,111,76,9411,0,40.2,0.0
27,2,0,106,57,9337,0,60.6,3.9
9,1,0,100,67,17487,0,41.5,0.0
26,1,0,127,78,11100,0,41.0,0.0
80,1,0,117,58,7202,3,57.4,2.3
41,1,0,112,77,10431,0,36.8,0.0
52,1,1,128,68,12130,8,5.0,4.0
12,2,0,97,48,8160,0,42.1,0.0
11,2,0,89,57,21818,0,49.7,0.0
80,2,0,187,74,13602,4,60.4,2.8
47,2,0,95,49,5553,5,26.8,0.0
27,1,0,117,65,9796,0,57.3,0.0
11,2,0,109,53,15158,0,5.0,0.0
17,1,0,118,68,13237,0,45.4,0.0
44,1,0,104,71,15726,0,39.9,0.0
20,1,0,107,73,11851,0,52.4,0.0
11,2,0,100,64,16019,0,39.9,0.0
20,2,0,116,73,14344,1,48.3,0.0
24,1,0,123,53,10531,0,38.5,2.4
57,2,0,111,65,5257,13,5.0,0.0
21,1,0,115,58,7925,0,43.2,3.6
11,2,0,99,67,6242,0,23.9,0.0
13,2,0,101,73,13105,0,42.7,0.0
62,1,1,99,63,9519,4,37.0,4.6
57,1,0,145,87,14233,0,62.5,0.0
9,1,0,108,48,9120,0,48.4,5.0
70,1,1,121,66,8628,13,5.0,4.2
64,2,0,129,79,10189,0,63.7,3.0
29,1,0,113,65,8436,0,45.5,2.5
71,1,0,150,88,9909,1,58.1,0.0
9,2,0,93,40,14946,0,34.8,0.0
49,2,0,137,82,16904,0,40.5,0.0
62,2,0,127,69,10454,2,46.4,0.0
57,2,0,142,69,17578,3,68.8,0.0
73,1,1,125,70,6559,11,27.0,0.0
73,2,0,154,77,4322,8,13.3,0.0
80,1,0,133,68,4969,5,56.2,0.0
69,1,1,149,66,5021,7,21.3,5.3
62,2,0,149,85,9774,2,70.8,0.0
43,2,0,134,91,6634,0,49.4,0.0
80,1,0,141,58,10058,1,69.8,0.0
57,2,0,118,71,10372,1,58.8,0.0
56,2,0,95,69,7573,1,26.5,0.0
65,1,0,102,56,7595,1,51.4,0.0
46,2,0,102,60,11320,5,39.5,5.1
13,1,0,93,61,15102,0,35.9,0.0
9,2,0,111,57,15714,0,44.4,3.0
19,2,0,90,45,1083,0,43.9,0.0
16,2,0,116,62,4414,1,27.7,0.0
11,2,0,100,65,15059,0,34.8,0.0
18,1,0,108,60,1091,0,37.0,0.0
23,1,0,117,63,8323,0,34.9,3.8
45,1,0,115,70,5058,0,38.8,0.0
10,2,0,91,50,12163,0,42.8,0.0
80,1,0,147,56,6805,4,57.4,1.3
56,2,0,127,77,11783,0,62.9,1.0
10,1,0,103,46,14352,3,41.8,2.9
55,2,0,106,63,8868,2,53.9,0.0
42,2,0,110,76,8276,1,61.8,0.0
9,2,0,103,31,13678,0,61.8,4.8
44,2,1,94,54,15846,0,38.4,0.0
24,1,0,104,45,7769,0,44.5,0.0
50,2,0,160,67,7617,1,46.4,0.0
71,2,0,110,76,13283,1,77.3,0.0
8,2,0,98,61,15616,0,32.5,0.0
45,2,0,100,76,10522,2,43.3,0.0
11,2,0,105,61,11894,0,20.9,3.6
79,1,0,113,73,4935,4,80.6,0.0
52,2,0,106,66,8619,0,70.3,0.0
38,1,0,121,68,11118,0,51.8,3.5
36,2,0,143,86,8714,0,72.8,5.2
48,1,0,118,75,7034,0,53.6,0.0
18,2,0,118,52,11513,0,37.7,0.0
57,1,0,102,56,8891,0,62.3,0.0
19,1,0,119,60,16253,0,43.4,0.0
49,1,0,106,68,13038,0,51.2,0.0
19,2,0,109,74,9466,1,30.5,0.0
74,2,0,126,70,12829,2,90.6,2.4
32,2,0,122,70,10511,2,63.1,0.0
8,1,0,121,66,13712,0,17.1,0.0
63,1,0,126,70,7526,2,49.7,1.2
19,1,0,117,78,1721,0,48.5,0.0
51,2,0,113,86,13935,7,28.0,0.0
9,2,0,95,39,15298,0,65.6,0.0
80,2,0,156,63,3,11,5.0,2.9
67,2,0,144,68,4839,2,76.8,0.0
62,1,1,100,64,7387,11,6.4,0.0
26,2,0,106,68,9049,0,31.0,0.0
19,1,0,104,76,10012,0,24.2,0.0
15,2,0,106,57,10864,3,29.8,0.0
20,2,0,102,66,11010,0,30.7,0.0
39,1,0,103,77,18186,0,56.4,0.0
15,2,0,121,78,10340,1,40.5,0.0
13,2,0,104,55,14248,0,53.2,4.9
14,2,0,110,44,11480,0,36.7,1.0
12,2,0,109,45,15025,0,32.0,0.0
31,1,0,134,79,17993,0,26.6,0.0
25,2,0,132,80,6780,0,30.6,0.0
62,1,0,129,63,9804,0,92.2,0.0
11,1,0,105,58,15649,0,43.7,6.5
10,1,0,92,51,17083,0,28.2,0.0
76,1,0,116,63,7555,4,24.0,4.9
11,2,0,90,55,12287,0,51.2,0.0
44,1,1,128,77,11745,4,54.0,0.0
9,1,0,97,58,13349,0,47.5,2.0
32,1,0,149,99,7775,1,36.3,1.0
21,2,0,102,64,11705,0,39.3,0.0
41,2,0,108,76,12977,0,24.7,0.0
8,2,0,90,60,18183,2,23.8,0.0
65,1,0,138,76,11244,7,5.0,0.0
74,1,0,102,56,4394,0,71.2,0.0
69,1,0,122,72,8264,4,49.1,0.0
25,2,0,103,70,9886,0,34.0,0.0
21,1,0,113,71,6814,0,44.3,0.0
11,2,0,97,45,13046,0,25.9,0.0
10,1,0,107,62,17240,0,38.5,0.0
36,1,0,110,73,17513,0,30.1,0.0
56,1,0,160,87,9924,0,63.9,0.0
21,2,0,106,51,7484,0,33.6,0.0
19,2,0,111,51,11717,0,29.0,0.0
12,2,0,82,35,10374,0,34.3,1.0
10,2,0,90,55,16315,1,40.8,0.0
67,2,0,166,102,10365,0,53.2,0.0
13,2,0,108,52,16691,0,18.4,0.0
79,1,0,168,48,7318,1,78.8,0.0
19,2,0,117,64,7315,3,47.6,0.0
49,1,0,105,78,8965,3,54.9,1.0
9,2,0,102,64,20227,0,37.5,2.2
48,1,1,141,92,6802,9,16.8,6.1
45,2,0,116,68,14306,1,51.8,0.0
37,1,0,125,76,9195,1,58.4,3.5
80,2,0,102,50,11681,1,67.1,0.0
12,2,0,124,64,5251,0,17.1,0.0
31,2,0,109,75,4202,0,53.3,1.5
57,1,0,132,83,14342,0,47.3,0.0
26,2,0,96,51,6438,1,52.0,0.0
10,1,0,119,51,20476,0,14.6,1.0
43,1,0,144,87,10488,0,65.4,2.8
12,2,0,90,52,11614,0,41.5,2.4
77,1,0,135,61,6935,7,36.3,4.5
69,1,0,185,78,4319,11,5.0,0.0
46,2,0,114,66,13936,0,43.7,0.0
11,2,0,127,65,7614,6,5.0,0.0
37,1,0,126,71,13959,0,59.9,0.0
19,1,0,125,54,9538,0,42.9,0.0
56,2,0,120,74,8419,1,63.1,3.9
23,2,0,130,43,11969,1,41.2,0.0
28,2,0,111,74,14900,0,36.3,0.0
24,2,0,111,44,7576,0,25.1,0.0
37,2,0,118,90,12959,1,54.6,0.0
24,2,0,100,58,12017,0,47.5,0.0
70,2,0,125,70,10309,0,43.7,3.3
65,1,0,130,75,8793,3,54.7,0.0
62,1,0,131,79,7186,0,69.3,0.0
26,1,0,115,69,10309,0,39.3,1.0
48,2,0,127,83,10672,2,41.4,0.0
14,1,0,109,73,18406,3,35.0,0.0
74,2,1,137,55,15964,17,10.8,0.0
9,2,0,115,59,14527,2,37.0,0.0
17,1,0,123,59,6499,0,69.0,0.0
53,1,0,125,84,11940,1,66.4,1.4
64,2,1,127,65,18788,4,31.6,1.0
24,1,0,115,55,6551,0,57.1,0.0
65,2,0,151,71,10667,2,67.9,0.0
50,2,0,120,84,15498,1,45.9,0.0
51,1,0,128,76,14613,0,57.4,0.0
24,2,0,116,78,12397,0,37.3,0.0
50,2,0,152,103,3546,3,62.9,0.0
63,2,0,126,57,6201,7,32.0,6.5
25,1,0,101,45,9730,0,18.8,0.0
19,1,0,110,58,5978,0,24.0,6.3
17,1,0,106,69,6320,0,48.2,0.0
56,2,0,132,74,7451,3,60.3,0.0
9,1,0,95,46,13771,0,38.0,0.0
74,2,0,130,71,6099,4,55.7,4.6
55,2,0,122,63,12415,1,66.5,0.0
13,2,0,103,56,8923,2,43.5,0.0
33,1,0,113,66,8170,0,53.5,2.4
79,2,0,140,70,10504,5,58.1,0.0
29,2,0,107,58,11050,3,31.8,2.7
60,2,0,122,55,9090,3,86.6,0.0
46,1,0,131,90,10286,0,55.5,3.4
27,2,0,121,69,14504,0,48.6,2.8
23,2,0,94,69,8613,0,48.3,1.0
20,2,0,124,76,2247,3,36.7,5.1
36,2,0,82,56,9721,1,48.2,0.0
68,1,0,136,77,12440,1,53.0,0.0
25,2,0,98,54,20008,3,41.8,5.0
19,2,0,115,64,13701,1,39.6,0.0
57,1,0,139,89,5940,7,8.3,0.0
63,2,1,137,76,8780,16,5.0,0.0
24,2,0,107,72,13790,0,33.9,2.1
30,2,0,112,71,11061,1,49.0,0.0
70,1,0,108,48,6717,7,38.5,5.3
70,2,1,127,60,8034,7,31.8,3.7
16,2,0,124,67,9129,0,39.8,2.5
10,1,0,111,52,16010,0,5.0,0.0
54,1,1,143,69,8982,1,47.1,0.0
28,1,0,125,68,6906,0,43.9,0.0
17,2,0,121,25,16178,0,51.6,2.3
64,1,1,165,85,9715,1,54.6,0.0
24,1,0,123,53,15319,0,39.1,0.0
15,1,0,119,76,13331,0,63.2,3.6
8,1,0,90,48,17897,0,50.8,0.0
13,1,0,106,56,17436,0,16.0,1.0
31,1,0,108,60,14931,0,48.4,0.0
51,2,0,110,56,12750,0,60.1,0.0
8,2,0,102,62,13845,1,54.7,0.0
40,2,1,130,70,9786,11,13.7,0.0
53,1,0,142,80,8640,0,52.9,0.0
15,2,0,105,49,12849,0,41.3,0.0
32,1,1,115,71,11890,2,29.2,0.0
50,2,0,114,70,14304,1,56.5,0.0
35,2,0,105,62,14889,0,49.8,0.0
17,1,0,111,67,2261,0,39.5,0.0
27,1,0,116,77,7676,0,29.2,0.0
14,2,0,111,67,9510,0,29.9,1.0
16,1,0,126,65,11822,0,33.6,0.0
74,1,0,112,59,8896,5,49.4,3.4
57,1,0,126,94,7749,0,56.2,3.7
68,2,0,142,32,16474,2,78.3,0.0
22,2,0,118,80,15441,5,47.3,0.0
11,2,0,108,68,11842,1,18.6,2.8
31,1,0,107,79,7715,1,52.3,0.0
14,2,0,116,57,13526,0,42.1,0.0
11,1,0,96,34,14702,0,81.7,0.0
56,2,0,124,83,12764,1,70.4,3.1
41,2,0,107,75,15365,0,47.6,0.0
25,2,0,112,62,12282,0,42.1,0.0
11,2,0,113,45,13707,0,24.6,0.0
15,2,0,98,64,10133,2,33.5,2.7
18,1,0,130,77,9981,3,46.6,1.8
58,1,0,191,91,8717,2,43.4,0.0
12,1,0,118,32,12990,0,39.5,4.8
35,1,0,99,63,6465,4,47.7,0.0
62,1,0,93,58,3380,3,62.4,5.7
24,2,0,109,70,12821,0,46.6,0.0
61,1,0,138,81,4877,6,23.2,2.4
80,2,0,132,70,11978,5,43.3,0.0
41,2,0,145,96,13077,4,35.5,0.0
47,1,0,151,87,8707,2,62.7,0.0
24,2,0,136,92,8173,3,32.9,0.0
80,2,0,162,90,5211,3,70.6,6.7
11,1,0,92,66,488,0,41.7,0.0
16,2,0,107,55,11956,0,7.6,0.0
31,2,0,100,64,7907,0,32.8,3.7
74,1,1,117,70,10002,6,24.7,6.8
38,2,1,122,86,14940,2,32.0,3.3
31,2,0,126,71,11011,0,37.0,0.0
69,1,0,102,58,9411,4,74.7,0.0
59,2,0,131,83,14865,3,71.6,0.0
16,1,0,114,62,13911,0,38.7,0.0
13,2,0,104,65,2273,0,38.9,0.0
32,1,0,143,62,12605,2,31.9,0.0
54,2,1,111,76,12538,7,5.0,0.0
46,2,0,148,87,11227,4,45.2,0.0
59,2,1,138,72,12361,13,9.4,5.0
32,1,0,118,52,9369,0,27.9,0.0
58,2,0,132,82,10661,2,74.6,0.0
10,2,0,102,50,19797,1,43.7,0.0
47,2,0,113,70,13548,0,45.9,0.0
53,1,0,153,97,9676,0,59.0,0.0
28,2,0,126,80,12367,3,17.4,0.0
9,1,0,102,38,12471,0,24.9,5.1
40,2,0,106,78,8770,0,74.6,0.0
43,2,1,118,86,11795,2,23.8,8.4
13,1,0,104,58,5,0,28.1,1.9
79,2,0,148,73,11563,4,67.6,0.0
51,1,0,113,64,12249,0,64.3,0.0
14,1,0,124,59,15689,0,40.6,0.0
16,2,0,109,66,11945,0,51.4,0.0
59,2,1,142,78,6956,3,48.8,3.1
13,1,0,88,36,8059,1,15.1,1.0
36,1,0,118,68,15302,1,43.8,0.0
66,2,0,131,64,10854,2,56.1,1.0
59,1,0,131,77,10374,2,58.5,0.0
9,2,0,117,40,17064,0,30.8,0.0
31,1,0,120,77,15534,2,45.2,0.0
9,1,0,111,74,19680,0,35.1,0.0
63,2,0,116,65,6697,4,56.0,0.0
12,2,0,84,50,9910,0,33.8,1.0
59,2,0,139,73,8008,5,70.4,0.0
52,2,0,117,76,7831,0,51.9,0.0
8,2,0,94,47,13309,0,40.9,0.0
77,2,0,97,57,4585,4,49.7,0.0
63,2,1,97,56,8671,9,14.4,6.3
35,1,0,136,58,13391,1,55.0,0.0
15,2,0,95,70,9997,0,46.5,0.0
9,2,0,94,65,16859,0,8.1,0.0
50,2,0,113,77,12059,1,30.2,0.0
40,1,0,132,88,12803,0,45.9,0.0
39,2,0,132,77,11686,1,47.3,0.0
80,2,1,233,62,9127,8,28.1,2.1
11,2,0,91,53,13922,0,31.5,1.0
11,1,0,111,77,436,0,33.4,1.0
42,1,0,121,69,11759,1,57.1,0.0
80,1,0,159,73,5149,3,55.4,0.0
57,2,1,109,47,7270,14,27.7,3.3
11,1,0,103,72,14336,0,29.0,0.0
17,1,0,117,62,14873,0,44.6,0.0
15,2,0,105,68,2533,3,17.8,0.0
40,1,0,112,70,9591,0,59.8,0.0
45,1,0,130,72,11487,0,57.9,0.0
8,1,0,102,64,20560,1,47.1,4.8
19,1,0,127,73,7791,0,43.7,0.0
14,2,0,92,60,18224,1,21.4,0.0
60,1,0,129,89,13906,0,59.5,0.0
16,2,0,96,56,16082,0,48.4,0.0
66,2,0,116,64,10345,4,47.7,2.8
32,2,0,106,71,8297,2,45.9,0.0
11,2,0,102,67,9691,1,55.5,0.0
10,2,0,94,64,8661,4,37.9,0.0
14,2,0,108,49,12575,0,42.5,0.0
39,2,1,172,86,9759,6,31.7,1.3
24,2,0,118,57,6321,0,35.9,6.1
35,1,0,104,75,6736,1,37.0,0.0
50,2,0,106,58,15405,0,66.1,0.0
27,1,0,125,95,14701,0,46.8,0.0
14,1,0,116,47,15116,2,29.8,0.0
79,1,1,159,91,12329,7,30.6,3.9
10,2,0,102,38,15698,0,38.8,0.0
40,1,0,148,90,572,3,25.1,0.0
14,2,0,111,59,14071,0,19.4,0.0
80,2,0,161,48,6978,5,59.8,0.0
47,1,0,114,76,10932,0,23.1,0.0
46,1,0,137,62,1054,0,41.3,0.0
17,1,0,96,44,10257,0,38.0,0.0
61,2,0,143,71,6637,4,57.0,2.9
62,2,0,115,67,9584,0,60.0,0.0
28,2,0,118,47,10468,0,55.3,7.5
23,1,0,112,68,8140,0,33.5,0.0
13,1,0,90,46,5011,2,56.4,0.0
26,1,0,113,65,6069,0,43.9,0.0
32,2,0,137,80,10811,0,50.8,0.0
24,1,0,142,68,16294,0,53.2,2.8
23,2,0,103,54,13520,0,52.3,0.0
33,2,0,99,67,12929,0,38.4,3.2
65,2,0,158,74,15202,1,59.7,0.0
9,2,0,84,58,13587,0,38.1,1.0
16,1,0,111,67,2853,0,49.6,0.0
80,2,0,134,71,7604,3,62.4,1.0
10,1,0,98,36,17379,0,25.1,0.0
29,2,0,103,64,9364,0,54.8,0.0
12,1,0,110,63,8342,0,34.3,0.0
47,2,0,130,62,15534,0,63.4,1.0
26,2,0,114,74,14510,0,45.0,0.0
17,1,0,103,46,11570,0,34.2,3.1
9,1,0,109,33,13726,0,39.5,0.0
21,1,0,110,74,8791,0,35.6,1.0
61,1,1,137,66,6608,8,9.1,4.3
13,1,0,96,65,16381,0,37.9,2.0
27,1,0,142,94,8866,0,29.3,0.0
21,2,0,115,68,11928,1,31.5,0.0
67,1,0,132,96,6613,6,25.9,0.0
35,2,0,114,69,12852,3,56.4,2.5
11,1,0,97,48,19130,0,16.3,0.0
47,2,0,101,68,9950,0,51.0,0.0
46,2,0,109,61,4787,0,49.7,1.9
16,1,0,119,74,11271,0,43.1,0.0
29,2,0,111,66,5220,1,54.8,0.0
64,2,0,147,79,9800,1,42.6,3.7
16,1,0,123,49,10405,4,48.0,0.0
8,2,0,89,40,15767,1,11.0,0.0
8,2,0,101,58,17929,0,34.6,0.0
80,2,0,141,45,2784,9,6.8,0.0
25,1,0,110,36,13790,0,52.3,1.0
15,2,0,95,51,11975,0,41.8,0.0
30,1,0,116,66,15806,2,51.2,0.0
57,2,0,128,86,14125,1,49.3,0.0
11,2,0,82,48,16676,0,40.8,0.0
8,1,0,100,54,19416,0,70.9,2.9
24,2,0,107,47,13390,1,42.2,0.0
12,2,0,117,55,17777,0,65.3,0.0
12,1,0,107,53,13863,0,22.6,0.0
20,1,0,113,70,11807,0,54.7,4.5
17,1,0,117,59,8771,0,42.4,0.0
21,2,0,105,76,12222,0,13.7,6.3
52,1,0,126,95,9500,6,40.5,4.4
35,2,0,114,60,17215,0,28.2,4.4
21,1,0,111,75,4932,0,23.9,0.0
10,2,0,94,51,16289,0,17.8,0.0
39,1,0,112,71,4181,0,17.7,6.2
20,1,0,116,60,10305,0,57.4,0.0
13,1,0,113,63,10534,2,14.4,0.0
13,2,0,107,53,19919,0,47.1,6.1
62,1,0,108,70,17860,0,66.2,0.0
18,2,0,101,45,9292,0,28.5,1.0
48,1,0,134,84,7881,1,68.8,0.0
80,1,0,134,81,9208,4,65.2,0.0
18,1,0,101,66,8241,0,31.1,0.0
69,1,1,152,76,8335,5,17.3,0.0
40,1,0,114,67,7009,0,57.6,0.0
70,2,0,110,59,7271,2,54.0,0.0
72,1,0,125,79,10127,4,46.1,0.0
10,2,0,97,36,14146,1,24.8,0.0
9,2,0,112,69,14724,0,41.3,2.3
46,2,1,146,88,9054,1,75.5,0.0
23,2,0,105,60,11932,0,39.6,0.0
80,1,1,142,66,9241,3,65.0,6.6
39,1,0,130,80,14688,0,39.2,0.0
14,2,0,122,74,10149,0,49.4,0.0
55,1,0,116,71,5039,0,57.3,3.4
47,1,0,129,86,13706,0,53.0,0.0
29,1,0,112,77,3973,0,42.8,0.0
52,2,0,117,68,9587,3,35.4,0.0
11,2,0,103,60,15406,1,40.8,5.2
13,1,0,99,61,18523,3,33.1,0.0
54,1,0,145,103,12874,1,67.7,0.0
56,2,0,97,70,12416,0,46.9,0.0
8,2,0,105,62,16769,0,49.3,0.0
24,2,0,111,73,8851,2,47.5,2.9
51,1,0,112,70,838,0,66.3,0.0
12,1,0,93,59,14491,0,42.1,0.0
76,2,0,144,57,8413,1,72.3,0.0
63,2,0,186,84,10409,3,87.9,0.0
80,1,0,156,58,6646,2,73.9,0.0
8,1,0,93,47,19842,1,54.1,0.0
37,1,0,129,92,10365,3,41.0,0.0
49,2,0,109,72,10219,3,71.0,1.0
18,2,0,95,54,12840,0,39.6,0.0
10,2,0,94,39,16737,0,30.5,0.0
47,1,0,146,87,17231,1,61.8,2.5
14,2,0,113,70,13959,0,35.7,0.0
10,1,0,102,47,13399,2,37.2,0.0
65,2,0,108,65,8654,2,50.6,0.0
80,1,0,101,53,5884,2,46.1,2.7
70,2,0,117,61,10591,0,64.7,1.0
54,2,0,131,86,151,1,49.9,0.0
63,2,0,172,94,10872,8,32.4,0.0
64,1,1,138,89,8682,0,59.6,2.5
56,2,0,134,81,5316,3,66.6,0.0
27,2,0,86,30,13128,0,46.4,0.0
43,1,0,111,74,9795,0,62.9,0.0
80,2,0,133,67,13113,6,39.7,0.0
80,2,0,168,90,9707,1,55.9,0.0
10,1,0,95,48,15209,0,25.7,0.0
28,2,0,118,65,9226,1,51.7,0.0
28,1,0,125,76,13396,4,27.6,0.0
37,1,0,105,67,14311,1,46.1,2.3
13,1,0,116,66,5191,0,34.5,0.0
25,1,0,126,80,11069,0,28.3,0.0
59,2,0,171,80,6887,0,46.7,0.0
80,2,0,132,72,3456,6,46.8,0.0
22,1,0,115,74,14552,0,46.8,2.1
57,2,0,124,82,13198,1,45.4,0.0
34,1,0,159,91,8883,1,48.8,0.0
70,1,0,117,52,13033,5,45.2,0.0
11,1,0,106,53,17348,0,30.9,0.0
39,2,0,144,88,10511,4,37.0,2.3
76,1,1,154,52,8689,8,12.9,1.8
14,1,0,108,71,4126,0,34.2,0.0
54,2,1,131,55,7979,4,10.3,2.8
45,1,0,98,69,17882,0,40.3,0.0
43,1,0,122,74,12016,0,46.8,0.0
66,1,0,136,71,7737,4,47.5,4.2
18,1,0,108,55,12923,0,36.7,0.0
65,1,1,138,72,7185,2,40.2,0.0
80,2,0,132,66,7012,3,62.9,0.0
37,1,0,121,71,9026,0,47.5,0.0
49,1,0,122,82,10474,6,14.2,0.0
29,1,0,117,74,10617,0,36.0,0.0
28,1,0,113,73,6934,0,50.0,0.0
30,2,0,92,54,10747,0,39.9,1.0
49,2,0,140,74,10878,1,68.8,0.0
20,2,0,122,67,13311,0,39.6,0.0
9,2,0,94,54,818,0,33.5,0.0
68,1,1,130,66,8586,2,37.8,5.5
56,2,0,125,67,12876,1,80.2,0.0
14,1,0,105,57,9942,0,40.0,0.0
29,1,0,120,84,11390,0,42.4,0.0
12,2,0,104,66,4201,0,28.5,0.0
42,1,0,145,61,9781,0,54.5,5.0
30,1,0,117,67,7876,0,19.0,0.0
60,1,1,142,73,10948,4,30.3,0.0
52,2,0,97,64,11886,3,65.1,0.0
14,2,0,122,46,11435,0,12.0,0.0
57,2,0,127,81,9337,3,63.1,0.0
11,1,0,91,41,16289,0,37.9,0.0
47,2,0,114,80,8652,2,59.4,0.0
53,1,1,128,84,6440,5,21.2,0.0
58,2,0,132,73,10468,4,63.1,0.0
80,1,0,159,32,6045,7,37.7,0.0
43,2,0,104,69,11937,1,44.4,0.0
80,2,0,129,63,7822,1,80.1,2.6
80,2,1,172,71,8074,7,26.7,0.0
68,2,0,123,80,3770,8,29.3,0.0
44,2,0,115,63,9869,0,49.5,0.0
8,1,0,100,62,16602,0,39.2,0.0
10,1,0,101,65,16664,0,34.2,0.0
25,1,0,132,82,13006,0,53.0,3.0
11,2,0,108,42,16585,0,35.7,0.0
56,1,0,115,64,14142,3,44.5,0.0
32,1,0,119,79,16406,2,49.4,0.0
18,2,0,128,51,4602,0,28.3,0.0
80,1,0,118,83,9083,6,44.6,0.0
61,1,0,106,66,14497,0,57.4,0.0
70,1,1,124,72,8183,8,13.1,1.0
80,2,1,95,31,5914,11,17.0,0.0
49,1,0,110,82,12416,3,36.3,1.9
15,2,0,104,74,7275,5,35.4,2.9
43,1,0,132,94,14867,1,57.7,0.0
40,2,0,107,79,14203,0,41.8,0.0
79,1,0,143,62,9364,4,65.5,2.1
60,2,0,116,68,12219,4,60.1,5.4
52,1,0,116,78,9288,0,48.7,0.0
47,1,0,128,71,15448,2,72.3,0.0
29,1,0,120,57,9459,0,34.8,0.0
42,1,0,127,88,11180,0,44.5,0.0
16,2,0,104,73,9456,0,45.9,0.0
8,2,0,110,46,18021,0,32.1,0.0
13,1,0,120,62,9690,2,28.2,0.0
17,1,0,104,66,10545,0,32.7,0.0
8,2,0,96,61,16076,0,40.0,1.1
61,1,0,177,79,10632,0,66.0,0.0
45,2,0,140,63,9977,1,43.4,0.0
56,2,0,133,82,9392,3,53.0,0.0
16,1,0,102,57,10976,0,40.4,0.0
19,2,0,103,46,9748,0,29.3,0.0
73,1,1,132,64,1690,5,5.0,0.0
9,2,0,94,30,15585,0,62.2,0.0
57,1,0,110,65,12314,0,41.4,2.3
8,2,0,103,64,1780,1,41.0,0.0
12,1,0,97,65,17231,0,25.8,0.0
15,1,0,113,44,13627,1,66.8,0.0
68,2,1,118,67,8737,4,26.9,3.8
68,2,0,131,76,10120,1,54.0,1.0
10,2,0,101,60,16029,0,31.1,0.0
14,1,0,106,59,15147,0,35.5,0.0
21,1,0,118,77,8580,0,46.5,0.0
47,1,0,102,71,12956,0,43.6,0.0
69,2,1,120,49,10698,13,8.8,0.0
61,1,0,136,79,10895,1,55.9,0.0
34,1,0,116,59,10136,0,39.5,0.0
18,2,0,101,67,7319,0,40.1,0.0
9,2,0,96,50,19206,0,54.6,0.0
65,2,1,170,98,3968,5,16.7,5.1
68,2,0,129,90,12939,0,67.5,4.3
39,2,0,123,65,13697,1,63.1,0.0
49,2,0,114,58,9544,0,77.2,0.0
16,2,0,112,58,11351,0,45.0,4.4
17,2,0,90,66,10138,0,14.8,0.0
10,2,0,100,65,10747,0,17.8,0.0
53,1,1,136,74,7943,0,58.8,0.0
44,2,0,114,72,11110,0,53.3,0.0
23,1,0,120,70,12441,3,31.2,1.6
80,2,0,145,54,7843,3,72.4,0.0
63,2,1,137,66,6679,9,7.1,6.6
15,1,0,105,54,12084,0,40.1,0.0
56,2,1,135,83,3482,11,15.7,4.4
34,2,0,108,57,13291,0,39.4,0.0
58,1,0,128,79,10775,0,57.7,0.0
31,1,0,130,87,11049,0,31.9,0.0
15,1,0,106,78,10293,0,32.0,1.8
20,1,0,131,67,13881,0,21.2,1.2
16,2,0,93,56,12565,0,31.7,0.0
54,2,0,134,80,10798,3,60.7,6.9
63,1,0,169,86,14315,0,49.2,9.1
43,1,0,116,80,12621,0,35.9,1.9
35,1,0,74,46,4424,0,58.0,0.0
13,1,0,127,66,13267,0,51.5,0.0
23,1,0,134,80,7881,0,29.2,0.0
72,2,0,94,51,6496,1,76.3,0.0
68,1,0,121,77,8732,4,65.0,5.2
63,2,0,132,78,14927,0,57.1,1.4
57,2,1,143,56,10857,5,13.4,2.1
13,1,0,105,34,14659,0,19.1,4.1
13,2,0,108,69,12617,0,17.5,0.0
76,2,0,134,68,7062,6,34.6,0.0
36,1,0,124,92,11666,1,40.0,0.0
38,2,0,95,64,10803,0,26.0,5.2
73,2,0,141,52,11952,2,36.2,0.0
20,2,0,104,72,6928,1,37.8,0.0
75,1,1,117,58,4869,10,29.7,6.2
75,2,1,130,52,9140,8,11.8,0.0
75,1,0,102,49,2655,4,60.7,0.0
41,1,0,127,89,12261,2,52.6,5.2
34,2,0,122,73,2162,3,41.4,0.0
39,1,1,145,88,7293,0,27.5,1.0
40,1,0,114,68,180,0,30.5,0.0
69,2,0,134,80,9256,3,49.2,0.0
31,1,0,132,84,815,0,61.4,0.0
48,2,0,111,68,11323,0,73.6,0.0
33,1,0,123,71,15686,0,28.7,5.5
26,1,0,116,76,12536,0,39.9,2.0
67,2,0,136,78,13399,3,90.3,1.0
48,1,1,97,76,8596,4,42.8,0.0
10,2,0,104,41,12110,1,23.0,0.0
76,2,1,114,58,10259,2,82.9,4.6
58,1,0,131,89,15036,0,54.8,0.0
53,1,1,120,64,9421,4,30.8,0.0
27,2,0,127,66,12817,0,24.7,0.0
23,1,0,130,71,14345,0,50.4,0.0
17,1,0,123,49,17168,0,22.3,0.0
64,2,0,129,82,10640,6,37.9,3.3
56,2,0,122,73,11588,0,56.7,0.0
38,2,0,143,67,1786,0,42.7,0.0
24,1,0,112,65,14577,0,29.0,0.0
61,2,0,123,61,13993,2,49.7,2.6
30,1,0,138,64,12672,0,20.8,1.0
78,1,0,114,70,7864,3,68.5,3.6
15,1,0,100,58,4276,1,41.1,0.0
57,1,0,156,84,8664,2,60.7,0.0
69,1,1,116,70,8081,9,29.7,4.2
11,1,0,105,60,16038,0,40.7,0.0
56,1,0,126,74,7063,1,39.2,3.2
48,2,0,84,51,8497,1,41.7,2.9
51,2,0,140,90,20195,0,62.8,0.0
31,1,0,112,76,6402,0,47.4,2.8
40,1,0,91,67,6345,0,75.2,0.0
47,1,0,119,78,7337,1,56.9,0.0
15,2,0,94,52,11583,0,49.1,1.0
32,2,0,121,72,1816,1,46.0,0.0
37,2,0,103,59,6089,1,50.8,0.0
80,2,1,127,57,10755,12,5.0,4.0
36,2,0,86,65,12704,4,60.8,0.0
36,2,0,104,66,7891,7,27.2,4.2
12,2,0,95,51,12802,0,39.2,0.0
64,2,1,135,77,12264,3,53.4,0.0
28,2,0,128,80,12280,1,39.1,0.0
57,1,0,113,65,8522,4,30.6,0.0
66,2,0,114,71,11028,2,59.8,0.0
8,1,0,98,44,21466,0,38.7,0.0
18,1,0,128,57,7595,0,32.4,0.0
58,2,0,132,69,10569,1,57.5,0.0
35,1,0,120,83,13462,3,63.8,2.6
18,2,0,101,64,1498,1,31.8,0.0
61,1,0,106,72,8756,3,74.7,4.3
11,2,0,112,54,18646,0,32.8,0.0
25,2,0,115,73,1611,0,40.3,0.0
13,1,0,112,37,6407,3,13.8,1.0
32,1,0,124,85,13878,0,46.0,0.0
68,2,1,128,60,8563,1,45.2,3.9
60,1,0,119,69,2607,5,42.4,0.0
39,1,0,122,58,11240,0,53.1,1.0
67,2,0,139,68,12095,2,61.0,6.0
15,2,0,106,68,11649,10,5.0,1.1
31,1,0,153,105,10374,0,28.8,0.0
28,2,1,127,79,5086,14,5.0,5.1
30,2,0,115,73,7657,0,57.3,0.0
58,2,0,127,66,15312,0,67.6,0.0
31,1,1,116,80,14663,1,36.6,2.7
12,2,0,107,74,9511,0,49.1,1.4
18,2,0,98,56,10539,0,58.3,0.0
67,2,0,126,55,15228,0,59.0,4.1
16,2,0,100,56,17276,0,21.5,0.0
9,2,0,94,56,18592,1,19.0,0.0
33,1,0,110,73,14990,0,45.7,3.9
53,1,0,102,74,10331,0,48.3,0.0
80,2,0,153,60,3604,5,53.1,2.6
12,2,0,105,65,13417,0,46.6,1.3
68,2,0,157,75,10292,3,79.3,2.7
54,1,0,119,79,13443,0,87.0,0.0
55,2,0,112,74,12350,0,65.6,0.0
20,1,0,125,65,8800,0,59.6,7.2
11,2,0,98,58,13131,0,36.4,0.0
73,2,0,123,65,10019,6,32.7,5.3
40,2,0,110,75,14699,0,64.7,0.0
34,1,0,107,67,7308,0,47.7,0.0
47,2,0,112,77,14245,4,49.0,0.0
40,2,0,108,72,4889,1,59.6,1.1
17,1,0,115,71,12451,0,51.5,0.0
37,1,0,95,45,9521,0,46.8,0.0
26,1,0,106,71,17231,0,34.0,0.0
64,2,0,137,72,10460,1,53.0,0.0
55,1,0,133,94,7496,2,54.4,7.1
17,1,0,101,57,7783,0,30.2,0.0
12,1,0,102,70,10731,0,42.6,0.0
80,1,1,158,73,4432,6,31.5,0.0
31,1,0,172,108,323,0,52.2,0.0
18,2,0,95,48,10286,0,43.7,0.0
46,1,0,141,86,12681,2,43.2,3.0
48,2,0,99,62,9860,0,73.9,0.0
49,1,0,118,62,12428,0,43.4,0.0
49,2,1,131,76,12338,2,32.9,0.0
15,2,0,106,51,11558,0,7.6,1.0
26,1,0,128,55,10637,0,45.7,0.0
18,2,0,102,63,10432,0,34.8,0.0
70,1,0,126,52,8953,4,55.9,0.0
9,1,0,102,54,18235,0,20.8,0.0
39,1,0,116,79,13813,0,71.0,2.2
8,1,0,97,28,21166,1,22.4,0.0
80,2,1,158,62,6273,7,5.0,0.0
16,2,0,123,74,8748,0,56.0,0.0
21,2,0,96,57,13397,0,46.3,0.0
18,1,0,119,49,15508,0,22.6,0.0
64,1,0,126,75,10229,2,53.9,0.0
54,2,0,127,78,11679,0,39.0,2.5
8,2,0,94,37,16949,0,9.4,0.0
79,1,0,124,73,8476,1,62.2,2.4
19,2,0,92,53,9580,0,16.8,0.0
61,2,0,108,63,8005,12,19.0,0.0
30,2,0,108,72,11509,0,51.2,4.2
80,1,0,156,65,4582,1,73.7,3.8
37,2,0,111,80,7626,1,53.0,0.0
10,1,0,103,52,11936,0,22.7,0.0
61,2,0,134,82,15466,1,57.1,4.8
34,1,0,102,68,5145,0,59.5,0.0
14,1,0,115,48,11437,0,21.1,0.0
40,2,0,100,67,16174,2,44.9,0.0
64,1,0,127,90,7018,1,42.4,0.0
66,1,1,130,74,7616,2,50.4,1.0
15,2,0,94,63,12464,0,46.3,0.0
80,1,0,116,72,4038,5,46.9,0.0
12,1,0,108,58,13679,0,41.9,1.2
25,2,0,102,64,12614,0,25.6,1.0
29,1,0,106,64,9382,1,36.3,0.0
16,1,0,121,54,9270,0,35.3,0.0
11,2,0,97,48,15299,0,38.6,0.0
71,1,1,105,61,8690,8,33.0,2.7
73,1,1,135,53,6176,5,41.8,0.0
66,2,0,113,56,12073,3,76.4,0.0
9,1,0,92,58,18282,0,46.5,1.5
9,1,0,106,48,14492,0,50.8,0.0
80,1,0,137,57,3568,6,29.7,2.8
80,2,0,160,65,7826,0,73.6,0.0
69,1,0,207,90,10090,0,67.2,0.0
18,2,0,104,56,11587,1,41.6,0.0
60,2,0,103,51,10886,1,51.3,2.1
18,2,0,101,40,16511,1,42.8,0.0
59,1,1,127,79,10916,4,46.0,0.0
14,2,0,106,63,10392,0,34.0,0.0
47,2,0,112,68,8577,0,46.4,2.9
80,2,0,123,77,13032,0,74.8,0.0
8,1,0,94,42,20349,0,41.6,2.7
15,2,0,104,68,3402,0,21.5,0.0
25,2,0,107,65,14492,1,38.5,0.0
11,2,0,119,78,15977,0,13.1,4.0
48,1,0,115,69,7241,0,33.1,0.0
19,1,0,133,51,12957,0,36.8,0.0
78,2,1,129,59,6291,8,18.9,0.0
72,2,0,116,76,11920,1,55.2,3.6
31,1,0,135,74,13511,0,32.6,2.7
22,1,0,109,66,11285,0,53.6,0.0
19,2,0,120,66,11295,1,32.8,0.0
36,2,0,110,66,8528,0,36.7,0.0
34,1,0,117,68,13580,6,11.0,0.0
69,2,1,150,79,5646,13,5.0,6.6
62,2,0,137,91,8235,0,81.3,0.0
27,1,0,138,96,11340,4,8.7,0.0
18,2,0,120,61,14743,0,47.3,1.0
33,2,0,128,66,12859,1,51.2,0.0
10,2,0,100,40,12952,0,59.1,1.0
51,2,0,149,44,5913,6,38.8,0.0
8,2,0,117,46,16435,0,58.7,3.2
74,1,0,114,54,11257,2,57.1,0.0
35,1,0,107,66,11616,3,50.4,4.5
56,2,0,144,94,9115,0,64.1,0.0
27,1,0,117,78,13863,0,52.3,2.8
19,2,0,93,38,11817,0,43.5,3.6
21,1,0,111,61,10504,0,46.0,2.6
12,2,0,100,55,20728,1,25.9,0.0
45,1,0,127,83,17776,0,45.4,0.0
11,2,0,106,50,16338,0,31.1,0.0
44,1,0,118,78,11941,1,56.4,0.0
11,1,0,106,46,1861,0,50.1,0.0
8,2,0,102,51,17947,0,11.4,0.0
56,1,0,134,74,12898,2,95.0,2.3
64,2,0,140,68,10095,4,59.7,0.0
68,2,0,146,78,9944,0,65.5,3.6
9,1,0,101,52,21027,0,34.7,0.0
75,1,1,134,61,10952,8,7.1,4.0
13,2,0,112,75,14059,0,37.5,5.0
13,1,0,118,64,14850,1,55.0,0.0
43,2,0,118,80,2894,0,67.8,0.0
36,2,0,98,51,7604,0,70.6,1.0
16,2,0,106,56,9648,0,38.8,0.0
38,2,0,160,68,13841,0,56.0,0.0
22,1,0,116,75,16880,0,41.3,1.4
80,2,0,126,71,6729,5,65.9,1.0
24,1,0,120,68,3434,0,24.2,0.0
24,2,0,103,53,16656,0,53.7,0.0
17,2,0,94,50,14227,1,40.2,0.0
17,1,0,115,66,17229,0,48.8,4.6
21,1,0,100,68,13296,0,20.4,3.6
53,2,0,102,71,11394,0,47.8,0.0
32,1,0,116,66,10750,0,65.4,0.0
18,2,0,104,53,8482,0,43.4,0.0
9,1,0,87,36,16854,0,56.9,1.0
38,1,0,132,90,8463,0,61.9,0.0
31,2,0,87,57,14547,0,56.7,0.0
12,1,0,101,46,10190,0,29.2,0.0
17,2,0,102,58,15720,0,27.1,0.0
31,1,0,126,70,15163,0,39.4,0.0
53,2,0,128,87,10548,0,52.9,1.1
19,1,0,101,67,588,2,37.6,0.0
20,2,0,103,70,12411,0,22.9,1.0
35,1,0,100,65,10300,0,47.5,0.0
19,2,0,108,53,13349,0,42.3,0.0
42,1,0,130,78,7580,2,54.5,0.0
9,1,0,107,40,19835,0,22.6,4.7
61,1,0,113,78,2785,6,34.0,0.0
49,2,0,137,85,9020,3,37.9,0.0
19,1,0,120,65,7175,0,32.2,2.1
33,1,0,124,68,13370,0,34.5,0.0
46,1,0,111,68,13567,0,53.1,0.0
24,2,0,106,60,10901,1,45.3,0.0
41,1,0,110,66,9464,0,65.2,0.0
52,2,0,144,86,8275,1,65.2,3.3
11,2,0,108,72,13923,1,34.1,0.0
71,1,0,102,49,6735,12,25.3,0.0
52,2,0,121,75,11273,0,46.7,0.0
14,1,0,111,54,12256,5,5.9,0.0
65,1,1,128,69,7733,7,5.0,0.0
47,2,0,97,67,8348,11,24.6,0.0
63,1,0,139,96,9365,2,67.4,0.0
53,2,0,123,81,7243,4,29.9,0.0
79,1,1,126,67,6617,9,27.8,3.0
33,2,0,110,77,10027,1,40.9,0.0
22,1,0,112,64,6607,0,54.4,0.0
79,1,1,146,58,11749,4,20.2,4.3
36,1,0,121,82,10311,0,46.1,4.8
80,1,0,145,65,4837,3,77.4,1.3
54,2,0,119,70,14299,0,71.2,0.0
38,1,1,129,95,8767,2,44.7,0.0
80,1,0,128,74,9431,2,81.5,0.0
29,1,0,107,76,11024,0,39.6,0.0
9,2,0,100,68,15759,0,24.6,0.0
74,2,0,129,70,12220,2,72.1,1.7
80,2,0,128,59,4944,3,53.6,0.0
64,2,0,104,74,11907,0,54.4,0.0
16,1,0,107,51,10328,0,27.0,1.5
9,2,0,104,44,16057,1,23.8,0.0
41,1,0,119,78,12321,0,53.8,0.0
39,1,0,119,78,13743,2,35.1,0.0
10,2,0,94,49,15153,0,50.3,0.0
31,2,0,110,69,15166,0,61.7,0.0
34,2,0,120,85,9794,0,47.6,0.0
18,1,0,117,67,33379,0,77.3,0.0
60,2,0,152,80,7464,0,52.8,0.0
57,2,0,143,63,10670,0,74.2,0.0
49,2,0,120,88,11861,0,61.0,0.0
63,1,0,123,79,6684,1,62.8,0.0
44,1,0,126,82,10490,0,58.5,0.0
50,1,1,132,87,13601,2,42.3,4.6
28,1,0,124,65,11149,0,75.7,2.3
50,1,0,133,75,14397,1,51.4,0.0
80,1,0,221,89,6220,2,75.1,0.0
32,1,0,123,82,9880,1,39.1,0.0
58,2,0,162,74,10400,2,44.6,2.4
30,1,0,117,84,12167,0,56.4,0.0
11,1,0,97,54,14364,0,28.7,0.0
51,2,0,133,76,14904,0,44.2,0.0
16,2,0,104,66,9768,2,35.7,2.0
16,1,0,127,51,12991,1,16.2,0.0
39,2,0,122,65,8737,0,57.8,1.0
44,1,0,118,76,15678,2,44.2,0.0
10,1,0,104,48,16568,0,47.0,0.0
8,1,0,90,42,16256,0,37.3,0.0
8,1,0,102,46,13311,3,35.4,0.0
70,2,0,157,78,8467,3,48.1,0.0
33,2,0,124,84,10195,5,23.6,0.0
8,1,0,113,69,12026,0,30.1,0.0
42,2,0,111,61,18475,2,58.7,0.0
68,2,0,116,60,12739,4,38.0,5.5
20,1,0,92,63,11722,0,41.6,0.0
16,1,0,130,57,12805,0,31.3,6.4
12,2,0,108,57,9064,0,32.3,0.0
19,1,0,120,72,10942,0,15.6,2.0
14,2,0,100,60,13632,0,29.7,3.7
38,2,0,101,76,12852,0,54.6,3.0
26,1,0,119,77,8121,0,63.2,0.0
80,2,1,108,62,9185,6,6.0,0.0
54,1,0,118,77,8035,7,24.1,1.0
14,2,0,90,54,15194,0,18.4,1.4
14,2,0,115,36,11718,0,48.2,2.7
12,1,0,101,53,13023,0,20.9,0.0
17,2,0,112,68,12649,0,25.3,0.0
21,2,0,97,60,14999,0,46.4,2.3
67,1,0,142,75,6580,3,72.1,1.0
58,1,0,122,68,6060,3,87.7,0.0
24,1,0,119,73,9915,0,47.2,5.8
8,1,0,107,43,12046,1,47.8,4.2
10,1,0,104,45,14757,0,42.1,0.0
30,2,0,104,73,11519,2,41.1,0.0
68,2,0,138,56,12407,4,74.3,0.0
20,1,0,123,80,11646,0,30.1,0.0
17,1,0,102,45,7963,0,38.9,0.0
40,2,0,110,72,12882,7,5.0,0.0
80,1,1,132,64,8412,3,64.9,0.0
8,1,0,111,61,15766,0,31.9,0.0
44,2,0,107,59,8713,4,32.6,0.0
65,2,0,109,53,12050,3,77.0,1.0
57,2,0,121,79,10421,2,68.6,0.0
80,1,0,180,90,5293,4,69.4,0.0
51,2,0,114,74,7213,1,30.6,3.6
50,2,0,204,112,14609,0,58.0,0.0
23,2,0,103,51,16006,0,51.2,0.0
34,1,0,97,52,16071,0,54.4,4.0
39,2,0,146,94,15147,1,66.9,1.0
43,1,0,125,85,14372,0,55.7,1.2
80,2,0,114,49,11677,2,71.0,5.0
48,2,0,129,75,12046,2,69.8,0.0
13,1,0,109,41,7126,0,37.6,0.0
29,2,0,99,61,16473,0,53.4,0.0
74,1,0,111,51,9698,2,52.3,0.0
10,1,0,98,70,21585,0,47.7,2.1
60,2,0,188,109,9438,13,7.7,4.6
46,2,0,108,69,5935,0,66.1,2.5
77,1,0,113,66,12805,3,64.8,0.0
25,2,0,106,72,11684,0,25.3,2.8
8,2,0,110,66,15324,0,25.9,0.0
38,2,0,108,74,10476,0,40.7,0.0
39,1,0,111,66,6195,0,50.1,0.0
32,2,0,129,70,140,0,44.4,0.0
31,2,0,95,52,3164,1,44.1,0.0
25,1,0,116,71,11253,0,29.1,0.0
8,1,0,95,62,16204,0,28.2,0.0
11,1,0,93,44,15708,0,16.7,0.0
13,2,0,99,62,15172,0,39.7,3.2
53,2,0,127,73,6891,3,47.3,0.0
22,2,0,117,59,12830,0,38.9,0.0
27,1,0,113,69,9750,1,36.2,1.3
13,1,0,110,68,13118,0,15.4,0.0
50,2,0,92,56,11567,0,60.2,0.0
29,2,0,108,73,10627,0,34.7,0.0
62,2,0,129,56,12559,11,8.8,0.0
57,1,0,141,79,12453,1,61.6,2.6
36,1,0,117,78,10041,0,43.3,0.0
46,2,0,118,78,11789,0,66.2,0.0
24,1,0,98,63,9000,0,42.8,2.8
58,1,1,153,95,9240,6,29.9,4.9
40,2,0,115,75,13307,0,42.5,0.0
12,1,0,96,53,11577,0,61.2,4.6
19,1,0,107,60,10309,0,31.5,0.0
54,2,0,137,70,10083,0,69.9,0.0
50,1,0,128,90,10715,0,85.0,0.0
63,2,1,95,45,3905,1,55.2,0.0
69,1,0,156,59,9301,1,47.3,4.1
11,1,0,96,62,19132,0,28.6,0.0
51,2,0,118,66,12759,2,55.8,0.0
48,2,0,145,79,12816,4,39.0,1.0
10,2,0,111,45,14622,0,33.2,0.0
53,2,0,123,79,11681,1,59.4,0.0
17,2,0,89,62,12861,0,54.1,0.0
55,2,0,99,63,9903,9,28.2,0.0
19,1,0,111,77,14810,0,34.3,0.0
14,2,0,112,68,13120,0,37.1,0.0
50,1,0,110,79,8473,0,68.2,0.0
40,2,0,95,51,13235,1,32.3,1.0
10,2,0,97,63,12995,0,49.3,1.3
68,2,0,138,75,8848,5,53.4,3.8
8,1,0,92,34,12411,0,33.2,0.0
49,1,0,119,73,7726,3,56.6,0.0
12,2,0,105,46,8151,2,21.9,3.0
19,1,0,102,51,12958,0,48.5,0.0
72,2,0,146,67,10814,4,53.7,0.0
14,1,0,119,70,8495,0,35.9,4.3
44,2,0,114,74,10999,2,49.1,0.0
27,1,0,118,60,16039,0,47.9,0.0
14,1,0,121,69,11445,0,34.2,0.0
10,2,0,91,58,12083,0,45.3,0.0
38,2,0,105,62,12765,1,41.7,0.0
14,2,0,100,42,10723,1,54.0,0.0
80,1,0,117,62,8630,5,34.7,0.0
53,2,0,97,63,14442,0,41.4,0.0
46,1,0,97,66,9670,4,53.0,0.0
16,1,0,121,62,15080,0,30.3,0.0
8,2,0,96,41,20209,0,54.4,0.0
13,2,0,104,42,11238,0,35.8,0.0
17,1,0,118,66,11537,0,25.4,0.0
36,2,0,86,50,20007,2,45.7,0.0
42,2,0,96,75,9815,19,10.5,0.0
52,1,0,104,68,5920,1,39.2,0.0
41,1,0,124,76,10336,0,42.2,0.0
10,2,0,88,68,15918,0,23.4,0.0
50,2,0,133,71,8876,4,35.9,0.0
62,2,1,136,81,8491,5,55.0,6.4
80,2,0,146,68,5425,3,63.3,0.0
24,1,0,175,94,10248,1,55.7,0.0
65,2,0,118,68,16281,0,76.9,0.0
35,2,0,127,76,9639,0,45.7,0.0
77,2,0,115,42,5848,6,33.9,1.0
21,1,0,126,83,15461,0,47.7,0.0
21,2,0,107,72,13469,0,36.9,2.8
25,2,0,106,61,9858,0,35.2,4.6
37,1,0,114,69,10948,0,57.9,0.0
25,2,0,96,68,2411,0,23.1,0.0
34,1,0,130,82,7458,0,65.9,4.5
40,2,0,104,75,12159,0,36.9,0.0
14,2,0,93,67,9968,0,45.1,1.5
63,1,1,139,69,7735,11,16.1,4.7
16,1,0,121,55,2631,1,27.3,0.0
53,1,0,130,82,16569,2,30.0,0.0
11,2,0,101,63,15090,0,53.8,0.0
32,2,0,98,73,14131,0,42.7,0.0
13,1,0,113,62,10285,0,41.5,2.0
23,2,0,107,71,9658,0,60.3,0.0
28,1,0,126,74,3611,4,45.4,0.0
26,2,0,100,46,17448,0,62.1,5.7
47,2,0,97,60,11741,0,43.2,2.1
49,2,0,99,59,10366,0,56.5,1.0
47,1,0,110,75,12793,0,47.5,4.1
47,1,0,163,88,10620,0,62.4,0.0
9,1,0,101,62,17931,0,27.2,0.0
51,2,0,113,76,18874,1,76.5,0.0
64,2,0,119,57,13305,4,39.3,0.0
44,2,0,106,79,12765,0,54.3,0.0
20,1,0,95,61,5915,1,38.5,3.2
25,1,0,124,77,16896,0,38.3,2.3
64,2,0,121,74,3494,1,66.7,0.0
73,1,0,159,78,4198,8,10.1,0.0
9,2,0,106,60,14389,0,46.6,3.0
49,1,0,125,85,3136,1,51.1,0.0
65,1,0,112,67,7934,4,38.1,0.0
10,2,0,106,59,14603,0,43.3,0.0
38,2,0,114,72,10709,0,44.8,0.0
37,2,0,111,90,12507,1,35.6,0.0
47,1,0,121,84,12434,0,58.6,0.0
74,2,0,129,59,14027,1,51.5,0.0
67,2,0,168,77,12076,2,87.2,0.0
25,2,0,107,51,19281,0,29.5,0.0
61,1,1,133,60,16116,1,32.4,0.0
20,2,0,108,77,8010,0,50.0,0.0
48,2,0,125,80,15249,0,53.2,0.0
39,2,0,100,70,12988,0,50.3,0.0
47,2,0,125,78,11205,0,48.1,0.0
12,2,0,103,68,12893,1,21.1,0.0
30,2,0,95,56,13202,0,41.7,0.0
73,1,0,122,79,5122,3,63.9,0.0
22,2,0,103,77,11469,0,51.6,4.1
11,1,0,103,50,22010,0,50.5,5.4
11,2,0,105,62,9559,3,46.2,0.0
21,1,0,126,66,15337,0,39.2,0.0
10,2,0,104,60,17062,0,27.6,1.0
19,1,0,100,63,10794,0,54.0,0.0
25,1,0,113,63,9803,0,57.7,0.0
11,2,0,120,61,2550,0,45.7,0.0
13,1,0,120,67,15089,0,49.0,0.0
37,2,0,109,73,14592,0,58.3,0.0
51,1,1,112,62,12555,2,27.8,2.4
29,2,0,90,63,10263,0,35.9,0.0
43,1,0,109,70,11274,0,60.5,0.0
60,1,0,130,79,8122,2,65.6,0.0
8,1,0,91,32,14728,0,21.2,0.0
19,2,0,118,75,6958,2,34.6,1.0
53,1,1,116,68,12956,1,25.2,0.0
37,2,0,114,74,9692,2,52.0,0.0
61,2,0,107,49,13491,3,80.6,0.0
20,2,0,107,62,10675,1,29.8,0.0
51,1,0,117,81,11612,0,70.2,0.0
65,1,0,128,82,10921,10,6.1,2.6
18,2,0,99,64,9426,0,31.1,0.0
65,2,0,138,76,12092,7,15.6,0.0
44,2,0,100,55,12082,0,69.3,0.0
11,1,0,93,35,9959,0,30.9,0.0
18,1,0,111,65,11395,0,17.0,0.0
60,1,0,132,85,13086,0,47.6,4.6
72,2,1,132,52,4725,10,5.0,0.0
21,2,0,108,68,6576,0,34.5,0.0
44,1,1,122,69,11208,2,26.6,3.6
8,2,0,90,61,15355,0,29.2,2.4
9,1,0,108,54,17519,0,24.1,0.0
11,2,0,106,68,11703,0,33.3,0.0
23,1,0,111,57,10348,0,33.7,0.0
45,1,1,136,80,7622,3,39.1,6.5
23,1,0,115,78,12599,0,49.2,0.0
19,2,0,108,55,5400,0,36.6,0.0
8,1,0,105,66,21100,0,14.5,0.0
46,2,0,117,69,10467,5,34.7,0.0
34,2,0,105,56,9430,0,40.7,0.0
30,1,0,119,76,11344,0,55.7,0.0
69,2,1,158,72,8939,7,32.7,0.0
41,1,0,113,67,10938,0,38.1,0.0
43,1,0,125,82,18573,0,49.3,0.0
77,1,0,155,55,1974,9,24.3,0.0
13,1,0,114,56,14557,0,46.0,0.0
37,1,0,116,70,15211,0,39.9,2.6
33,2,0,104,76,12787,0,39.3,0.0
23,2,0,117,83,4074,0,35.9,1.0
48,1,0,131,76,11409,0,57.0,0.0
42,1,0,124,71,7479,0,32.0,0.0
8,1,0,103,55,8507,0,41.1,1.6
14,2,0,108,53,16855,0,29.2,0.0
11,2,0,91,65,13815,0,39.0,0.0
55,1,0,127,63,11863,0,41.4,0.0
34,1,0,120,87,8618,3,50.0,0.0
12,2,0,97,70,12415,0,29.9,0.0
70,2,0,152,84,9469,1,42.4,1.0
15,1,0,122,72,8734,0,37.0,2.5
49,1,0,120,73,10395,0,78.2,4.1
60,1,1,119,69,7210,9,5.0,0.0
38,1,0,115,70,6773,0,53.9,2.1
10,2,0,89,45,16767,0,33.1,0.0
71,2,0,154,64,14414,3,53.6,0.0
50,1,1,121,58,10573,5,23.3,0.0
64,1,0,109,75,12711,2,44.4,2.0
14,1,0,110,63,9530,1,49.9,0.0
51,1,0,139,66,19402,1,33.1,0.0
69,2,0,175,63,9876,4,35.3,0.0
63,2,0,145,71,9990,0,32.2,0.0
76,1,1,130,52,4217,7,19.1,0.0
11,2,0,113,50,16744,2,54.1,2.3
49,1,0,125,78,13374,0,60.2,0.0
25,2,0,107,57,15206,0,45.5,3.7
67,2,1,105,64,8206,6,14.5,7.8
61,2,0,115,83,9449,4,48.0,5.5
27,1,0,123,78,11646,0,43.3,2.3
15,1,0,113,78,7321,0,15.5,1.0
56,1,1,105,50,8526,4,33.2,6.3
26,2,0,102,78,14256,0,51.6,0.0
20,1,0,122,72,11177,1,14.7,2.9
63,1,0,112,70,8364,1,59.3,0.0
59,1,0,136,69,13880,0,64.1,6.8
59,2,0,120,50,12780,3,57.4,2.5
15,1,0,118,69,13053,0,41.6,0.0
66,1,0,107,76,9060,3,43.8,1.0
32,1,0,118,68,13891,0,48.4,0.0
17,1,0,118,72,30,0,45.9,0.0
49,2,0,86,60,11263,1,48.8,0.0
35,1,0,131,83,13032,0,54.2,0.0
24,1,0,120,58,12434,2,45.7,0.0
75,2,1,133,40,10200,4,75.6,0.0
14,1,0,113,40,15308,0,47.4,0.0
27,2,0,102,71,14422,0,48.4,0.0
9,1,0,95,68,12892,0,33.6,1.0
59,1,0,127,87,10048,1,73.8,0.0
26,2,0,105,70,12450,0,52.2,0.0
68,1,0,139,66,8715,2,58.6,0.0
23,1,0,118,73,7166,0,41.1,0.0
18,1,0,120,67,11600,0,42.9,0.0
29,2,0,113,71,9691,0,38.5,4.8
51,2,0,112,64,13161,2,59.9,0.0
65,1,0,131,69,7130,3,58.8,0.0
52,2,0,153,81,8623,5,27.0,0.0
33,2,0,101,70,10407,1,46.6,0.0
36,2,0,84,59,10825,0,45.4,0.0
17,1,0,107,71,6074,0,12.1,7.1
18,2,0,110,66,1500,0,34.0,0.0
49,1,0,118,71,9619,0,52.2,0.0
9,1,0,111,57,18013,0,9.5,0.0
80,2,1,141,61,5235,1,55.5,4.4
23,1,0,140,69,14903,0,53.9,0.0
27,2,0,117,73,10118,2,37.1,0.0
33,1,0,109,61,10738,0,50.8,0.0
54,1,0,138,70,9774,0,59.6,0.0
15,2,0,98,59,12155,0,46.0,0.0
51,2,0,106,59,13732,0,61.5,0.0
28,2,0,135,77,7025,1,56.0,0.0
10,2,0,102,73,12446,0,39.8,5.7
59,1,0,124,87,11266,1,55.4,0.0
15,1,0,108,58,8275,0,23.2,0.0
20,1,0,110,53,14016,0,41.3,0.0
24,1,0,110,72,9668,0,27.8,0.0
16,1,0,96,61,14114,0,63.0,3.6
65,2,0,119,71,7315,5,58.0,0.0
23,1,0,118,54,12578,0,44.6,0.0
18,2,0,112,76,4069,2,26.1,0.0
12,1,0,89,59,13812,0,43.2,0.0
68,2,0,129,61,520,5,20.4,0.0
17,1,0,107,63,8382,0,48.7,0.0
22,1,0,123,66,957,0,32.4,0.0
9,2,0,96,54,17748,3,27.1,0.0
16,2,0,94,53,15526,5,21.8,3.0
44,2,0,123,65,8496,0,43.3,0.0
18,1,0,136,79,9232,0,67.8,0.0
73,1,0,144,69,10523,4,70.5,0.0
46,1,0,142,85,11917,0,60.2,0.0
37,1,0,151,90,11122,0,31.2,0.0
38,1,0,114,69,14246,0,29.1,0.0
16,2,0,106,53,15036,0,56.0,0.0
72,1,0,112,57,9329,4,53.2,0.0
15,2,0,113,54,4392,0,41.3,5.6
8,2,0,97,47,14229,0,45.7,0.0
44,2,0,121,80,6866,3,45.2,0.0
46,1,0,130,93,9119,0,44.1,0.0
15,1,0,111,68,11066,0,35.7,0.0
10,1,0,93,37,19862,0,52.0,0.0
58,1,0,130,66,7191,4,52.2,0.0
22,2,0,122,75,6075,1,42.9,0.0
61,1,0,114,66,10653,0,75.5,0.0
53,2,0,104,68,17117,0,75.6,1.7
55,2,0,114,78,11244,1,62.2,0.0
13,2,0,102,75,15733,1,26.5,0.0
79,2,0,113,66,8712,0,68.9,5.6
34,1,0,129,48,10323,0,42.0,0.0
13,1,0,107,69,12270,0,47.8,0.0
8,2,0,91,43,10080,0,30.2,0.0
36,2,0,104,66,12707,0,46.8,0.0
8,1,0,112,56,22018,0,45.7,0.0
11,1,0,116,59,14332,0,21.7,0.0
55,1,0,158,96,9602,0,45.3,0.0
66,1,0,170,93,9860,6,45.6,0.0
17,1,0,103,45,8247,0,35.0,1.0
17,1,0,131,50,8522,0,39.7,0.0
35,1,0,120,74,19279,0,55.4,0.0
11,2,0,102,64,16205,0,33.4,0.0
17,1,0,116,41,12024,3,46.9,0.0
23,1,0,142,84,13902,0,29.7,0.0
68,2,0,112,73,8682,4,48.9,4.2
80,2,1,171,58,6901,9,5.0,0.0
10,1,0,102,44,11526,0,25.2,0.0
54,1,0,116,75,11613,1,58.2,1.0
33,2,0,109,68,9407,0,51.8,0.0
57,1,0,116,76,9837,1,51.2,0.0
80,1,1,130,76,7183,15,24.9,1.0
60,1,0,122,68,12709,2,66.8,0.0
80,2,1,134,64,6284,6,15.4,0.0
64,2,0,114,75,675,5,35.8,0.0
9,1,0,108,52,15631,0,25.4,0.0
40,1,0,109,66,15917,2,61.1,0.0
55,1,0,146,76,13142,0,48.3,0.0
68,1,0,131,82,11501,2,61.1,0.0
14,1,0,110,67,9648,2,38.1,0.0
43,2,0,145,79,13433,3,54.2,1.0
56,1,0,130,71,10174,1,52.2,0.0
74,1,0,122,65,8458,4,41.6,0.0
70,2,0,130,43,7801,1,62.2,0.0
41,1,0,122,76,386,1,27.8,0.0
67,1,0,146,30,10517,2,71.6,0.0
17,2,0,108,64,9924,0,17.8,0.0
39,1,0,127,79,15404,1,46.6,0.0
17,2,0,106,54,13630,0,34.7,0.0
80,2,0,144,56,3643,6,43.9,0.0
9,2,0,100,69,16906,0,17.2,0.0
80,1,1,139,65,3964,7,44.9,0.0
80,2,0,101,55,12917,4,57.8,0.0
9,2,0,111,44,17321,0,46.3,0.0
24,2,0,101,57,15089,2,39.4,4.8
29,1,0,128,61,12476,0,37.3,0.0
68,2,0,152,83,11469,4,50.0,0.0
31,1,0,113,72,11181,0,42.8,0.0
55,1,0,134,87,9956,0,48.4,0.0
64,2,0,157,94,19219,1,64.5,0.0
56,2,0,102,62,10371,2,67.5,0.0
16,1,0,127,50,11311,0,31.5,0.0
28,2,0,106,64,15560,0,26.3,0.0
54,2,0,122,69,8212,0,49.3,2.8
76,2,1,123,63,6223,5,36.3,0.0
75,1,0,174,56,10445,5,62.4,3.3
21,2,0,116,72,10719,1,34.5,0.0
70,2,1,156,64,7137,8,27.7,3.0
13,1,0,101,51,9124,0,32.9,0.0
65,1,1,128,80,15544,6,17.0,0.0
74,1,1,113,42,5918,5,33.7,1.0
80,2,0,128,61,8100,3,57.4,2.5
8,1,0,98,62,18012,0,25.5,0.0
21,2,0,108,42,6455,0,71.4,0.0
51,1,0,132,69,12322,1,65.7,0.0
51,1,0,119,76,12561,2,63.6,3.3
50,2,0,128,79,12557,1,46.5,0.0
50,2,0,118,72,8578,2,59.2,0.0
37,2,0,116,68,9858,1,50.7,0.0
21,1,0,113,58,12857,0,33.3,0.0
20,1,0,112,59,10831,1,34.9,0.0
18,2,0,118,65,14185,0,34.7,0.0
68,1,0,107,53,10464,5,36.7,0.0
18,2,0,103,54,11473,3,28.1,0.0
16,1,0,136,56,13411,0,26.3,0.0
29,1,0,112,71,5680,0,50.2,2.1
19,2,0,106,64,11350,1,22.1,0.0
18,1,0,105,47,5502,0,60.0,0.0
12,1,0,108,47,12927,0,30.1,3.4
13,2,0,105,58,15703,0,29.9,4.7
80,1,0,172,66,6816,2,61.2,0.0
58,1,0,129,89,8491,4,47.3,0.0
13,1,0,109,38,11199,0,33.6,0.0
23,1,0,109,60,9799,0,45.1,4.9
60,1,0,132,67,9459,2,25.2,2.8
53,2,1,134,76,10768,8,15.9,6.1
8,2,0,94,38,18206,0,48.4,0.0
44,2,0,119,62,11624,1,59.8,0.0
69,2,1,125,69,8837,13,29.8,0.0
66,2,0,135,70,11708,1,76.1,0.0
61,2,0,124,82,12190,2,58.1,3.7
44,1,1,130,73,13584,0,59.0,0.0
13,1,0,113,35,7250,1,27.9,0.0
32,1,0,103,73,11082,0,29.8,4.0
18,1,0,119,55,9285,0,35.0,0.0
31,1,0,116,72,2779,0,61.7,6.5
30,2,0,110,62,18759,0,47.3,0.0
56,1,0,115,81,10933,3,52.6,0.0
74,2,1,126,72,12608,6,30.6,4.1
33,1,0,110,67,11180,1,48.3,2.5
48,2,0,106,59,11506,0,45.6,0.0
33,1,0,118,64,9500,0,60.7,0.0
23,2,0,117,82,9261,1,28.6,2.6
54,2,1,112,70,15403,2,47.7,0.0
60,2,0,101,67,14803,2,66.4,2.2
28,1,0,124,45,11587,4,27.8,2.0
80,1,1,134,43,5368,6,24.4,0.0
62,1,1,109,76,7219,8,11.5,0.0
41,2,0,99,64,13088,0,58.0,0.0
41,1,0,134,92,3216,0,27.0,0.0
13,1,0,120,67,12773,3,33.7,0.0
27,1,0,140,94,6538,4,63.4,1.6
38,2,0,98,70,10487,1,60.4,1.8
17,2,0,96,69,9318,0,28.8,0.0
54,2,1,106,64,9574,5,5.0,6.5
52,2,0,111,66,18011,0,60.2,0.0
30,1,0,98,74,14626,1,37.2,0.0
29,1,0,118,79,18344,0,42.3,0.0
61,2,0,160,69,12279,4,71.7,4.7
46,1,0,91,65,9027,0,39.9,6.0
49,2,0,135,87,10596,3,71.0,0.0
10,2,0,83,58,14143,1,29.3,1.0
53,1,0,108,55,14158,0,46.8,3.5
23,2,0,125,70,13682,0,26.4,6.2
27,2,0,107,58,12878,0,40.3,1.0
14,2,0,105,68,12634,2,32.7,0.0
33,2,0,127,68,12640,1,60.9,0.0
80,2,0,122,52,10478,6,10.9,1.5
51,1,1,114,70,9119,5,8.2,0.0
23,1,0,113,71,15989,0,32.6,2.3
46,1,0,140,100,8154,2,32.0,0.0
45,1,0,111,72,10194,0,63.9,4.4
32,1,0,117,60,15959,0,52.3,0.0
17,2,0,105,71,667,0,13.5,0.0
8,2,0,95,49,14680,0,22.5,0.0
51,2,1,138,86,11022,1,52.2,3.9
10,2,0,109,47,15680,1,10.0,0.0
26,2,0,106,65,5176,0,29.8,0.0
52,2,1,127,63,10967,7,10.2,1.0
33,2,0,114,58,8325,0,45.4,0.0
15,1,0,82,52,12978,1,32.7,0.0
43,1,0,126,74,11103,0,47.1,0.0
9,2,0,104,42,16564,0,48.9,0.0
9,2,0,99,57,14331,0,37.2,0.0
68,1,0,154,77,12818,0,62.2,0.0
51,1,0,113,54,13551,0,63.1,0.0
80,2,0,171,40,6090,6,28.4,1.5
78,2,0,111,48,10180,3,64.9,0.0
64,2,0,123,66,7167,4,76.9,0.0
54,2,0,129,74,12683,0,20.9,0.0
32,1,0,112,77,11969,0,54.8,4.6
18,2,0,115,34,12002,0,51.7,0.0
36,1,0,124,78,10798,0,44.1,0.0
62,1,0,142,79,11445,0,62.0,0.0
12,1,0,111,22,14022,0,42.6,0.0
51,2,0,105,73,16058,0,50.1,0.0
10,2,0,118,60,12593,0,44.7,4.4
32,1,0,142,86,17181,0,66.1,0.0
28,1,0,121,62,14940,2,34.1,0.0
22,2,0,109,62,10098,2,49.2,1.9
62,2,0,124,66,15312,3,95.0,0.0
42,2,0,112,77,17405,1,31.6,0.0
48,1,0,126,80,4138,0,61.5,0.0
16,1,0,117,69,8565,0,39.6,0.0
70,2,0,134,84,12030,6,30.3,3.9
11,1,0,105,69,13398,2,18.6,1.1
53,2,0,162,82,9490,5,19.6,0.0
17,1,0,123,66,12841,0,25.0,0.0
18,2,0,113,59,12789,0,46.9,0.0
8,2,0,99,37,16855,0,22.9,5.6
14,2,0,87,59,11955,0,55.3,0.0
14,2,0,98,59,7440,1,29.7,0.0
46,1,0,143,98,12880,3,58.1,4.0
65,1,0,123,79,11837,0,57.9,3.4
36,2,0,113,59,13831,2,48.4,0.0
9,1,0,106,52,16669,0,32.8,0.0
36,2,0,124,85,15352,0,57.3,0.0
31,1,0,117,79,7972,0,57.0,0.0
78,1,0,136,64,5151,2,76.1,8.2
41,1,1,113,80,7511,4,29.5,0.0
37,1,0,120,80,8821,0,28.2,0.0
42,2,0,115,88,6699,0,55.1,0.0
10,1,0,113,46,12729,0,21.8,0.0
80,1,0,148,64,5855,11,5.0,5.2
70,1,0,140,76,7271,3,61.8,0.0
44,1,0,132,87,12753,1,27.5,0.0
11,2,0,91,58,8722,0,27.9,0.0
63,2,0,137,69,14786,2,54.6,0.0
55,1,0,125,79,12867,0,51.6,3.7
57,1,1,136,80,10117,2,26.8,0.0
48,2,0,106,80,9498,1,74.2,0.0
54,2,0,118,78,9031,1,55.0,0.0
40,1,0,145,90,4303,1,62.9,0.0
53,2,0,130,81,14122,1,54.6,0.0
37,2,0,96,63,14689,0,37.5,0.0
71,2,0,93,42,11900,2,50.7,0.0
14,1,0,122,69,16546,0,42.7,0.0
9,2,0,95,42,16548,0,34.4,0.0
15,1,0,119,55,13147,1,16.0,0.0
49,2,0,118,61,10257,0,76.3,0.0
27,1,0,123,69,13955,1,34.2,0.0
66,1,1,108,61,3255,3,43.3,0.0
38,1,0,129,59,15333,0,42.6,0.0
37,1,0,113,68,9521,0,38.7,4.4
53,2,0,91,67,11274,0,68.6,0.0
54,2,0,133,85,11178,0,48.9,0.0
47,1,0,118,76,11685,0,55.0,0.0
29,1,0,116,66,9450,0,36.0,0.0
9,2,0,111,62,15632,0,37.2,0.0
56,1,0,132,94,7708,2,45.8,0.0
27,1,0,121,73,15110,0,33.4,0.0
30,2,0,121,69,9025,1,27.0,0.0
8,2,0,107,69,19790,0,43.5,0.0
21,1,0,107,67,14651,0,57.1,0.0
14,2,0,100,49,3349,2,49.5,0.0
74,1,0,105,60,7520,9,5.0,0.0
16,2,0,92,53,9521,0,21.8,0.0
72,2,0,119,68,6514,5,53.6,0.0
17,1,0,130,62,4847,3,46.5,0.0
51,2,0,124,78,10159,2,63.7,0.0
41,2,0,114,78,9765,0,32.3,0.0
60,2,0,118,79,11765,3,37.6,0.0
24,2,0,115,44,10790,1,41.5,0.0
34,2,0,124,74,8835,1,30.8,0.0
80,2,1,164,64,4707,8,10.7,1.0
12,1,0,105,54,14554,2,53.7,0.0
31,1,0,123,67,10673,0,42.4,0.0
63,1,0,123,79,10064,0,42.5,0.0
36,1,0,114,82,10373,1,55.8,0.0
60,1,1,139,84,7767,7,13.5,3.7
28,2,0,99,64,10395,3,38.2,0.0
44,1,0,136,73,9789,1,52.8,5.9
50,1,1,114,74,5837,4,12.3,4.5
64,2,1,116,73,12568,6,8.7,3.5
36,2,0,100,58,10080,1,31.9,0.0
12,1,0,123,61,6136,0,47.1,7.5
16,2,0,111,67,15612,1,23.5,0.0
17,2,0,99,67,10733,1,47.2,0.0
36,1,0,113,76,11920,0,32.6,0.0
64,2,0,112,65,8073,2,80.8,2.1
64,1,0,177,76,7428,2,66.6,0.0
19,1,0,134,78,1490,1,48.6,4.5
37,1,0,127,71,9893,2,53.6,0.0
37,1,0,100,68,11769,0,64.8,0.0
65,2,1,132,71,13966,2,34.8,3.8
9,2,0,105,39,22193,0,29.3,1.0
15,2,0,125,56,6140,0,39.9,3.9
28,1,0,130,71,2889,0,27.6,0.0
61,2,0,119,86,10490,1,46.7,0.0
54,1,0,127,76,12511,3,49.6,1.5
13,2,0,110,61,14525,1,50.6,0.0
18,1,0,143,77,8311,0,44.8,0.0
25,2,0,110,52,9109,2,46.8,0.0
48,2,1,101,66,8505,7,23.5,4.7
60,1,1,110,73,12271,7,31.8,3.2
40,2,0,104,60,9666,0,51.0,1.7
52,2,1,117,82,7933,4,44.4,4.0
13,1,0,107,70,15478,0,53.9,0.0
20,2,0,108,70,13270,2,46.2,0.0
60,1,1,143,96,8499,5,18.0,2.7
51,1,0,121,81,7297,7,8.0,0.0
73,1,0,119,53,11732,9,16.8,4.1
21,1,0,116,66,46,0,39.8,0.0
20,2,0,120,77,15417,0,52.7,0.0
15,1,0,112,57,13379,2,42.0,1.0
12,1,0,126,65,18129,0,53.6,0.0
55,2,0,138,78,16581,3,45.3,4.1
13,1,0,107,52,4636,1,34.7,0.0
46,2,1,113,61,11491,5,26.2,2.7
47,2,0,111,66,8322,0,71.8,0.0
80,1,1,152,65,10313,7,15.0,3.1
63,1,0,114,66,7640,0,66.5,2.1
53,1,1,86,55,9586,5,37.9,0.0
31,1,0,121,72,692,6,7.8,0.0
9,1,0,109,51,10674,0,44.4,0.0
26,2,0,107,75,13182,0,26.3,0.0
63,1,0,131,69,12979,0,52.9,8.9
30,2,0,123,71,5655,0,28.9,0.0
50,2,0,136,68,13896,2,65.4,0.0
9,2,0,114,48,11946,1,48.5,2.0
8,2,0,93,48,19224,1,43.8,0.0
80,2,0,163,76,5155,2,68.3,1.0
8,1,0,86,46,17131,0,45.1,0.0
40,2,0,111,73,11467,0,49.5,0.0
12,1,0,105,38,7201,1,35.6,2.3
24,2,0,101,62,14116,0,37.6,0.0
13,2,0,104,66,13922,0,40.4,0.0
64,1,0,123,68,12409,1,68.6,0.0
16,1,0,105,47,14865,1,38.1,3.7
22,2,0,119,81,11872,0,48.3,0.0
73,2,1,111,41,13027,8,5.0,6.0
12,1,0,100,72,16880,1,37.5,4.6
12,2,0,108,68,14698,0,28.8,0.0
24,2,0,114,70,5273,1,47.0,0.0
76,2,0,105,44,7110,9,14.3,3.3
14,1,0,108,58,14263,0,37.4,0.0
80,2,0,173,83,7522,5,52.3,0.0
47,1,0,118,67,8745,2,68.4,0.0
47,1,1,128,79,4750,3,43.4,0.0
25,1,0,112,79,13503,0,55.8,0.0
75,1,1,125,72,11160,0,52.3,2.0
10,1,0,94,49,19108,1,38.6,0.0
31,1,0,144,85,10541,0,45.9,4.8
25,1,0,105,51,8390,0,65.0,0.0
23,2,0,113,60,17945,3,35.2,0.0
72,1,0,138,65,10581,0,91.2,2.2
31,2,0,108,63,13109,1,63.9,0.0
9,1,0,92,57,16125,0,34.8,2.1
31,1,0,113,79,8521,0,46.4,5.2
14,1,0,121,48,14989,0,25.7,0.0
8,2,0,94,64,17549,0,8.6,5.4
65,2,0,117,49,12516,0,76.8,0.0
27,2,0,108,61,10470,0,17.7,0.0
80,2,1,131,55,3927,10,7.7,0.0
64,1,1,116,71,12685,8,8.6,0.0
12,2,0,101,50,8811,0,49.1,1.0
25,1,0,125,95,7882,0,44.7,2.7
14,1,0,104,69,15359,0,23.1,0.0
43,1,0,119,71,9717,0,49.1,0.0
30,2,0,115,78,3053,0,42.3,2.5
38,2,0,115,77,9551,0,39.3,0.0
80,1,1,106,59,6242,13,5.0,5.0
44,1,1,129,82,13771,5,16.7,3.2
11,1,0,88,60,15319,1,40.3,0.0
35,1,0,163,102,7111,0,38.9,0.0
8,1,0,98,48,15700,2,41.0,0.0
54,2,0,126,80,5998,2,63.4,3.2
36,1,0,127,72,8146,5,29.3,0.0
68,1,1,126,84,6997,11,19.5,6.8
33,2,0,97,65,13723,1,43.8,0.0
63,1,0,165,72,10278,1,84.3,5.3
60,1,0,117,72,8252,5,60.4,0.0
62,2,1,126,63,18229,3,27.2,2.4
74,2,0,125,62,10837,4,54.4,4.1
30,1,0,113,71,10628,0,26.8,0.0
16,1,0,120,64,10239,0,44.1,0.0
64,2,0,131,60,12052,3,48.8,4.6
18,1,0,123,67,9780,0,63.6,0.0
34,1,0,119,68,985,1,41.3,0.0
55,2,1,113,52,9550,4,46.6,2.5
50,1,0,97,67,10144,0,64.3,1.3
60,2,0,137,86,9982,10,18.7,0.0
22,2,0,91,62,10699,0,20.8,0.0
42,2,0,111,61,10437,0,48.7,0.0
21,1,0,136,73,10200,0,40.1,0.0
42,2,0,167,71,12513,0,38.0,0.0
52,1,0,140,80,10734,0,42.5,0.0
55,1,0,136,89,15533,1,70.7,3.6
21,2,0,89,56,12337,1,16.5,0.0
78,2,0,129,68,7878,6,56.3,0.0
73,2,0,105,50,14142,5,37.2,2.5
47,1,0,116,76,11328,0,57.8,0.0
80,2,0,146,68,8222,6,43.3,0.0
10,1,0,99,27,16355,0,47.9,0.0
9,2,0,106,50,12647,0,45.5,1.7
80,1,1,121,64,4950,11,5.0,0.0
29,1,0,127,64,16326,0,38.5,0.0
15,1,0,105,82,18192,0,18.6,0.0
31,1,0,103,74,10631,0,41.1,0.0
77,2,0,157,87,11274,1,65.4,0.0
14,1,0,117,60,13970,1,38.1,0.0
15,1,0,131,70,11255,0,33.0,0.0
51,1,0,181,89,7393,0,49.0,0.0
41,2,0,106,71,11600,0,60.4,0.0
20,1,0,118,62,8307,4,50.7,0.0
80,1,0,140,70,6978,0,68.3,0.0
13,2,0,96,64,14603,0,38.6,0.0
56,1,0,141,55,9701,5,46.2,0.0
16,2,0,113,78,8913,2,30.3,0.0
11,1,0,121,72,17353,0,24.5,2.5
54,1,0,109,71,9332,2,62.0,0.0
30,2,0,99,69,12931,0,51.7,0.0
38,2,0,90,63,15985,0,81.4,0.0
67,1,1,160,75,8738,3,29.6,7.8
80,1,1,150,65,6771,10,5.0,2.9
27,1,0,98,70,7514,0,40.7,0.0
25,1,0,135,83,10473,0,35.9,0.0
16,2,0,102,52,14689,0,37.6,0.0
11,2,0,93,56,11617,1,24.9,0.0
10,1,0,97,67,13877,0,33.4,6.5
10,1,0,103,46,19181,0,35.3,0.0
68,1,0,154,74,9148,3,67.7,2.8
18,1,0,117,56,15433,0,44.0,1.0
59,2,0,114,69,21313,10,14.1,0.0
11,2,0,101,46,17953,0,14.2,2.6
14,2,0,95,53,11254,0,37.9,0.0
8,2,0,86,54,13636,0,23.9,0.0
54,2,1,138,80,9160,3,64.5,4.3
36,2,0,103,72,2257,0,57.0,1.0
37,2,0,114,72,9972,1,41.4,0.0
54,2,1,135,63,4049,7,11.4,3.6
15,2,0,113,61,13315,1,30.0,0.0
38,1,0,103,71,3512,0,48.7,0.0
38,2,0,107,71,19346,0,62.5,0.0
33,1,0,111,72,12532,0,47.0,0.0
30,2,0,109,72,13430,1,41.6,0.0
80,2,0,132,31,10924,4,65.2,0.0
49,1,0,126,35,8046,2,60.8,0.0
46,1,0,126,75,10491,0,65.3,0.0
12,2,0,114,36,15578,0,45.9,0.0
74,1,0,112,76,7320,3,58.2,5.3
10,1,0,106,63,2009,0,27.5,0.0
60,1,0,112,64,8339,1,52.3,0.0
80,2,0,100,56,1832,2,62.0,0.0
24,2,0,106,70,11977,0,43.3,0.0
22,2,0,112,76,11699,1,36.5,0.0
63,1,0,164,82,16285,1,45.5,2.1
54,2,0,120,70,7450,1,37.1,0.0
12,2,0,102,70,7522,1,35.2,0.0
12,1,0,99,68,15976,0,38.4,0.0
36,2,0,106,66,18807,0,50.3,0.0
30,2,0,110,60,12306,0,42.2,2.2
36,1,0,121,74,8256,2,31.3,0.0
80,2,0,189,62,9404,5,71.7,0.0
61,1,0,112,81,9053,0,58.9,0.0
10,2,0,101,38,15638,3,47.5,1.8
63,1,1,146,99,7263,4,66.9,0.0
10,1,0,105,59,15722,0,27.5,0.0
57,1,0,120,75,10493,2,57.0,1.0
10,1,0,117,69,17059,1,36.4,0.0
78,1,1,178,83,6911,4,50.4,6.3
46,2,0,118,78,12694,0,53.6,0.0
16,2,0,100,67,9715,1,23.6,1.3
65,2,0,102,60,8471,0,62.7,0.0
15,1,0,118,68,12973,0,38.4,0.0
15,2,0,96,71,11791,0,35.4,0.0
56,1,0,121,80,9346,0,81.4,0.0
10,1,0,109,44,18407,0,27.0,0.0
20,1,0,109,67,11608,1,34.5,4.1
62,1,0,146,88,10628,0,73.3,0.0
78,2,0,133,76,7876,10,10.4,0.0
21,1,0,124,55,13065,0,16.0,0.0
74,2,0,119,66,8929,6,58.3,0.0
11,2,0,99,47,13304,1,40.9,0.0
53,2,0,139,62,9338,8,22.9,0.0
9,1,0,94,64,16261,0,15.1,0.0
25,2,0,90,63,3502,0,30.4,0.0
40,1,0,147,93,10552,0,43.0,0.0
51,2,0,112,81,5081,0,54.4,0.0
12,1,0,108,46,15308,0,5.0,0.0
71,2,0,160,75,9987,1,67.2,1.0
48,2,1,135,84,10697,2,20.6,5.5
46,2,0,121,67,13154,4,32.2,2.7
61,2,0,107,80,9561,3,55.6,0.0
19,2,0,119,70,4741,0,26.7,2.8
80,2,0,156,86,7892,1,62.7,0.0
23,2,0,99,61,7531,0,31.8,0.0
19,2,0,106,70,12773,2,38.6,0.0
30,2,0,107,52,11311,0,53.9,0.0
63,1,1,146,65,14303,3,36.5,0.0
40,2,0,99,58,13632,0,54.8,0.0
51,1,0,134,85,13947,3,66.3,0.0
14,2,0,104,40,13992,0,60.9,0.0
54,2,0,129,89,7140,8,7.4,0.0
12,1,0,97,63,10448,5,18.7,0.0
54,2,0,125,79,8121,10,10.7,0.0
63,2,0,122,74,11668,0,39.3,0.0
48,1,0,108,62,7540,0,42.3,0.0
14,1,0,115,66,8476,0,5.0,0.0
62,1,1,132,35,12853,2,43.7,0.0
80,1,0,166,58,6688,3,85.3,0.0
9,2,0,102,58,23204,0,33.9,0.0
57,1,1,136,90,11554,1,31.3,0.0
65,1,0,124,74,13614,0,58.5,0.0
24,2,0,95,50,1029,0,34.4,0.0
15,1,0,116,52,6883,0,26.0,0.0
16,2,0,123,87,12232,0,26.8,0.0
34,2,0,110,62,10281,0,39.7,0.0
10,2,0,106,47,14043,0,43.2,0.0
18,1,0,125,56,17216,0,34.3,2.2
14,1,0,112,50,17910,0,54.5,0.0
51,2,0,121,75,10405,0,62.8,0.0
54,2,0,197,96,8157,2,60.0,0.0
17,2,0,98,66,11936,0,35.5,0.0
68,2,0,123,61,7015,0,73.4,0.0
27,2,0,100,59,6280,1,43.9,0.0
9,1,0,98,65,17153,0,18.1,0.0
49,2,0,114,80,6474,5,32.5,0.0
10,2,0,109,51,17295,0,38.0,0.0
19,2,0,118,81,4123,0,35.7,0.0
77,2,1,149,67,7924,4,54.5,5.9
20,1,0,131,38,10997,0,36.9,0.0
60,1,0,130,70,9153,2,74.4,0.0
14,2,0,107,44,14522,0,49.2,5.2
50,2,0,99,49,14901,0,40.1,0.0
45,2,0,119,86,10738,3,59.5,0.0
11,2,0,101,66,10994,0,54.0,0.0
59,1,0,145,72,12808,0,51.1,4.4
57,2,0,131,75,11559,6,27.7,3.4
13,1,0,105,62,16238,0,42.6,0.0
80,1,0,120,63,9654,2,56.0,0.0
78,1,0,120,68,10192,1,87.6,0.0
25,2,0,127,72,10345,1,42.7,0.0
11,1,0,110,57,13913,0,22.0,3.4
11,1,0,100,44,17418,0,24.4,0.0
10,2,0,95,58,14760,1,36.9,0.0
19,1,0,118,77,10116,0,34.1,0.0
68,1,0,140,89,10735,0,65.9,0.0
16,2,0,110,55,4377,1,57.5,3.9
29,1,0,120,75,10089,0,48.4,0.0
14,1,0,117,49,13584,1,42.7,3.8
10,2,0,100,46,18433,0,28.6,0.0
9,2,0,104,58,15886,0,42.1,2.3
21,2,0,105,52,13912,0,44.2,0.0
17,1,0,123,51,13833,0,27.1,0.0
57,2,1,109,69,11169,4,27.1,3.8
59,2,0,126,73,12349,3,58.7,0.0
11,2,0,106,58,13754,3,53.9,0.0
61,1,0,146,76,8450,4,50.4,0.0
12,1,0,110,49,12628,0,29.4,0.0
42,1,0,102,63,11641,0,61.4,0.0
72,1,0,145,60,3201,7,29.3,1.8
43,1,0,131,81,9914,0,44.0,2.3
28,1,0,118,59,8567,0,38.2,0.0
27,1,0,108,62,7781,0,37.0,0.0
11,2,0,108,52,14206,1,24.7,0.0
9,1,0,96,48,14004,0,49.8,0.0
35,2,0,117,71,8950,0,62.8,0.0
16,1,0,129,65,5104,0,47.2,0.0
63,1,0,103,65,5677,6,60.2,0.0
24,1,0,134,86,8001,1,55.5,0.0
46,1,0,107,70,12338,1,63.4,4.2
54,2,0,124,73,14745,0,63.7,0.0
21,2,0,93,66,9844,0,53.6,0.0
54,2,0,125,84,12739,3,50.1,5.6
62,2,1,126,50,8561,5,27.3,1.0
57,1,1,123,81,11198,1,31.6,5.3
30,1,0,122,88,4074,4,35.3,0.0
26,2,0,92,54,11002,1,55.4,0.0
16,2,0,111,65,9553,0,37.3,0.0
8,1,0,90,66,1519,3,28.9,0.0
15,1,0,113,49,10953,0,34.0,5.5
61,1,0,113,77,10342,0,78.9,4.4
49,1,0,130,81,10653,0,67.6,0.0
15,2,0,108,54,13405,1,39.8,0.0
77,1,0,111,53,11046,0,63.6,0.0
17,2,0,99,43,8819,1,51.5,1.7
56,2,1,153,78,12376,0,59.4,0.0
11,2,0,101,50,18612,2,20.5,0.0
27,1,0,115,78,12553,0,56.6,0.0
50,1,0,116,76,4317,4,43.4,0.0
19,2,0,106,51,11996,0,48.8,0.0
23,1,0,122,68,7728,0,78.4,0.0
28,2,0,86,58,11097,0,47.9,0.0
23,1,0,113,54,10026,1,27.4,3.2
17,1,0,113,77,10895,0,47.0,0.0
19,1,0,107,57,16728,2,35.5,0.0
23,1,0,118,71,7325,0,45.4,0.0
60,2,0,102,56,371,0,59.7,0.0
54,1,1,144,57,10299,6,7.5,5.3
79,1,0,125,74,5264,14,29.5,0.0
36,1,0,117,67,13178,0,43.9,0.0
65,2,0,171,84,14827,0,49.4,0.0
27,1,0,117,42,17058,0,44.3,0.0
16,2,0,98,53,11951,1,50.7,1.5
39,1,0,112,79,13325,0,51.2,0.0
62,2,1,96,68,10600,4,27.8,0.0
43,1,0,117,74,7434,9,11.5,0.0
65,1,0,130,83,15164,2,66.7,0.0
61,2,0,119,87,5933,5,38.4,0.0
52,1,0,134,78,13156,0,51.9,1.0
21,1,0,125,68,5609,1,33.3,0.0
20,1,0,122,74,11920,0,52.5,0.0
46,2,0,121,77,13857,2,61.0,0.0
8,1,0,110,54,16226,0,22.1,0.0
58,1,0,126,57,12022,0,58.8,2.0
76,1,0,136,77,9964,2,92.7,1.0
9,2,0,109,42,13536,0,38.5,0.0
70,2,1,126,49,7278,12,5.0,3.8
43,2,0,123,86,11289,6,5.0,0.0
15,1,0,114,68,13089,0,50.9,0.0
62,2,1,108,67,7765,3,38.8,3.6
8,2,0,101,48,2819,0,35.3,0.0
44,1,0,110,75,9990,0,59.5,2.9
76,1,0,131,73,4049,2,74.6,0.0
11,1,0,107,63,9362,0,18.7,0.0
27,2,0,102,76,16108,3,37.4,0.0
12,1,0,113,47,12227,1,35.1,0.0
65,2,1,164,64,16535,6,31.8,1.9
9,1,0,112,59,15286,4,25.4,0.0
24,2,0,96,68,3693,0,66.5,0.0
16,2,0,102,40,843,0,40.5,1.6
47,1,0,125,84,6852,2,69.8,0.0
65,2,0,129,63,10771,2,61.2,0.0
30,2,0,114,75,48,0,45.3,0.0
60,2,0,133,95,6244,0,88.4,0.0
22,1,0,102,72,10172,0,33.4,0.0
35,2,0,110,72,13746,2,45.3,0.0
34,1,0,119,67,12507,2,28.5,0.0
16,1,0,109,77,12743,1,39.1,0.0
41,2,0,126,73,8203,0,47.7,0.0
30,1,0,125,73,13191,2,52.2,0.0
13,1,0,114,57,5580,3,14.2,4.8
71,2,0,113,65,9892,8,31.5,0.0
47,2,0,113,80,10523,2,51.5,2.0
58,1,0,120,86,4592,5,24.5,0.0
27,1,0,130,73,14116,0,39.8,0.0
11,2,0,113,54,12869,0,16.9,0.0
9,1,0,109,59,20109,0,34.4,2.9
80,1,0,127,81,8065,0,55.5,2.7
28,2,0,92,69,14842,0,68.5,0.0
70,2,0,104,57,9974,2,54.4,0.0
50,1,0,141,81,8936,0,33.8,0.0
76,1,1,130,55,7669,12,7.2,2.6
37,1,0,111,66,12826,0,81.6,2.6
39,2,0,103,68,4719,2,33.3,7.5
60,2,0,98,61,10457,0,81.6,0.0
52,1,1,119,76,6219,1,36.6,1.9
69,1,0,108,68,5929,1,94.1,1.0
9,1,0,102,48,16716,0,19.4,0.0
79,2,0,148,81,7248,5,41.6,0.0
9,2,0,99,53,17784,4,8.8,0.0
29,2,0,110,62,1335,0,42.9,3.5
51,2,0,116,71,16970,3,41.9,0.0
16,2,0,107,61,14813,0,35.4,0.0
64,2,0,127,46,13287,1,45.4,0.0
21,2,0,100,61,8697,0,23.9,0.0
9,1,0,104,69,14087,0,26.6,0.0
30,1,0,124,77,11922,2,45.7,0.0
50,1,0,132,84,7032,3,55.6,0.0
25,1,0,118,54,8880,0,44.7,1.4
76,2,0,133,71,11756,3,74.1,1.0
12,1,0,97,38,9768,0,34.8,0.0
8,1,0,94,60,10361,0,33.9,0.0
40,2,0,149,95,16305,1,50.0,0.0
66,1,0,143,86,5350,3,86.1,0.0
18,2,0,114,56,15680,0,38.1,0.0
63,2,0,114,70,14801,3,71.6,0.0
25,1,0,112,52,9136,0,43.4,0.0
14,1,0,110,53,14675,0,68.0,0.0
36,2,0,119,71,11618,1,34.1,0.0
33,1,0,126,81,3899,0,44.9,0.0
39,1,0,117,87,8630,7,23.5,1.4
37,1,0,122,85,22350,0,72.3,0.0
62,1,0,116,66,12289,0,63.1,0.0
40,1,0,115,68,1384,3,33.5,0.0
55,1,0,119,80,9335,2,68.9,0.0
58,1,0,119,69,11327,2,61.2,0.0
68,2,1,156,94,14945,1,51.0,0.0
54,2,0,136,56,16496,2,52.7,0.0
40,1,0,123,81,8648,0,37.2,0.0
73,1,0,111,32,7568,3,79.8,0.0
31,1,0,126,61,13956,0,35.9,0.0
63,2,0,142,61,13341,11,5.0,2.8
8,2,0,97,45,16779,0,11.3,0.0
69,2,0,126,80,14050,1,68.2,0.0
37,2,0,128,95,12303,2,38.3,3.0
62,2,0,209,108,15643,2,54.6,0.0
22,1,0,106,68,11454,0,22.8,0.0
11,1,0,109,68,4863,0,35.2,0.0
19,1,0,109,43,16199,0,43.9,0.0
59,2,0,129,40,3011,4,46.4,0.0
12,2,0,115,52,12526,0,45.1,0.0
48,1,0,130,69,15830,0,65.5,0.0
13,1,0,111,56,15362,3,29.0,0.0
64,1,0,141,83,7954,4,39.5,0.0
36,2,0,111,67,11763,0,57.1,4.2
16,2,0,87,57,16940,0,42.1,0.0
9,2,0,106,53,16065,0,21.0,0.0
69,1,0,108,63,9496,6,14.9,0.0
12,2,0,93,51,12946,0,55.4,0.0
57,2,0,119,75,9772,0,57.2,0.0
64,1,0,127,86,13010,0,48.4,0.0
10,2,0,101,50,19582,0,42.9,0.0
19,2,0,108,65,10320,3,34.2,0.0
20,1,0,110,63,12796,0,45.4,0.0
20,1,0,122,70,14647,0,45.4,0.0
45,2,0,127,61,11645,2,51.9,0.0
44,2,0,112,69,11850,0,58.2,4.0
65,2,1,130,93,9042,4,33.1,3.8
17,2,0,110,77,328,1,50.9,0.0
45,2,0,110,67,14102,1,63.3,0.0
13,2,0,109,61,6080,1,50.1,0.0
8,1,0,84,53,19711,0,33.8,2.1
37,1,0,132,87,7791,1,39.6,0.0
29,2,0,116,76,4053,2,49.1,0.0
76,2,0,128,69,9447,3,79.7,6.8
80,1,0,95,64,6345,8,6.8,1.7
17,1,0,106,70,14368,0,47.0,3.9
14,1,0,106,32,12964,1,24.6,0.0
59,2,1,129,59,9198,10,9.8,3.3
23,1,1,130,69,18183,1,7.2,2.8
25,1,0,122,79,9281,0,41.5,2.8
36,1,0,154,107,10260,0,48.7,1.0
11,1,0,97,55,8818,0,33.0,1.2
28,1,0,118,67,14407,0,51.0,3.0
43,2,1,118,77,18079,4,32.0,0.0
24,1,0,143,67,11785,0,24.6,0.0
57,1,1,118,65,8153,2,45.2,1.0
60,2,0,125,81,13381,1,57.8,1.8
39,2,0,103,72,6429,2,65.7,2.6
62,2,0,123,77,12403,4,61.3,1.1
41,2,0,132,87,6435,1,26.9,1.0
76,1,0,143,77,6001,6,52.7,1.0
46,2,0,115,62,9288,7,22.6,0.0
80,2,0,169,43,7699,6,36.4,0.0
15,1,0,104,48,6435,0,26.2,0.0
80,2,1,132,60,11234,8,11.7,5.3
19,1,0,107,74,15020,1,35.9,0.0
27,2,0,105,58,10958,0,48.8,3.2
52,2,0,126,72,17529,0,53.8,0.0
37,2,0,124,60,14667,1,44.5,4.3
30,2,0,107,66,11956,0,42.2,0.0
77,2,0,119,62,6112,5,46.3,0.0
45,2,0,113,57,12622,2,41.9,0.0
21,1,0,110,61,8836,0,45.6,3.3
32,2,0,168,103,8314,0,48.4,0.0
8,2,0,102,72,11790,0,33.9,0.0
62,2,0,137,89,11652,5,60.2,1.0
20,1,0,116,67,9444,0,36.2,0.0
22,2,0,111,73,8974,2,47.2,0.0
58,2,1,124,74,11815,3,56.1,4.6
70,2,1,96,58,7993,5,32.3,3.8
70,1,0,125,69,9576,4,53.0,0.0
80,1,1,127,63,6826,5,35.4,5.3
20,1,0,149,80,10347,0,37.6,0.0
21,1,0,111,50,9038,0,19.3,0.0
33,2,0,114,77,9100,1,53.4,0.0
12,2,0,110,74,17020,0,32.6,0.0
38,2,1,116,68,10575,0,5.0,0.0
22,1,0,129,59,11403,0,51.2,3.1
22,2,0,116,72,10860,0,16.9,6.1
60,1,0,165,68,8401,0,69.1,4.3
15,1,0,112,64,13866,0,44.4,0.0
80,1,1,199,65,6097,12,9.9,0.0
8,2,0,100,55,14238,0,38.4,0.0
39,2,0,92,61,11568,0,63.6,3.9
22,1,0,142,40,9381,0,55.6,0.0
63,2,0,118,68,9531,1,63.8,0.0
13,2,0,103,57,11839,0,37.3,0.0
55,1,0,128,87,8819,3,79.7,1.0
19,1,0,135,69,10283,0,42.6,4.4
10,2,0,98,42,15827,1,26.0,3.7
80,1,0,103,60,3601,5,43.5,2.0
13,2,0,103,66,11061,0,46.7,0.0
32,1,0,105,70,9220,1,33.7,2.6
56,2,0,105,74,14294,0,60.7,4.0
50,2,0,100,63,5162,3,57.5,0.0
46,1,0,137,74,12615,1,60.1,0.0
65,2,0,187,73,12115,0,47.7,0.0
70,1,1,136,74,7263,4,43.6,0.0
63,2,0,136,76,12303,0,57.7,0.0
75,1,1,112,61,4688,9,12.3,3.6
15,1,0,109,37,9465,0,24.5,0.0
78,1,0,143,78,8908,8,14.3,2.2
8,2,0,97,35,13126,0,29.9,0.0
56,2,0,126,63,6355,0,31.0,0.0
29,1,0,103,59,16580,0,54.6,2.4
16,2,0,105,65,18503,0,21.5,0.0
13,1,0,105,59,119,0,21.6,0.0
71,2,0,138,62,13672,0,56.2,1.5
25,2,0,133,71,2956,1,44.4,0.0
53,2,0,115,69,11305,0,58.4,0.0
13,2,0,110,62,13236,0,37.7,0.0
47,1,0,132,78,11514,1,55.9,0.0
62,1,0,140,86,10452,0,77.5,0.0
55,2,0,109,73,10964,1,72.1,1.0
32,1,0,116,69,5769,6,25.6,0.0
33,2,0,116,75,12812,0,43.9,0.0
9,1,0,106,58,13687,0,5.0,0.0
42,1,0,105,75,15531,1,60.6,4.4
74,1,0,143,76,10449,1,71.9,0.0
28,2,0,111,66,13577,0,44.1,0.0
45,1,0,104,68,15561,0,54.5,4.2
59,1,0,214,107,9035,1,64.3,1.0
33,1,0,134,85,14542,1,42.1,1.0
9,1,0,112,74,12904,0,34.1,0.0
31,2,0,117,67,17062,3,41.8,0.0
27,1,0,119,67,14503,0,57.7,1.0
18,1,0,107,72,15896,0,43.0,2.2
8,2,0,101,59,14564,0,69.0,4.2
80,1,0,125,55,5778,7,5.0,1.0
70,1,1,86,46,3492,10,7.4,1.0
33,1,0,112,57,13046,0,52.0,0.0
67,1,1,142,70,9068,2,74.5,5.9
49,1,0,124,72,8728,0,44.7,0.0
52,2,1,118,61,14581,5,31.2,0.0
80,1,0,133,56,6791,1,91.7,4.9
47,2,0,139,86,7596,3,71.9,0.0
38,2,1,116,83,4638,3,61.8,0.0
28,2,0,103,75,9142,0,38.1,0.0
54,1,0,119,76,8908,0,67.0,0.0
40,2,0,119,57,9697,0,74.7,0.0
33,1,0,135,74,14259,0,28.4,0.0
17,2,0,100,63,14201,0,33.0,1.0
13,2,0,89,44,14291,1,20.7,0.0
55,1,1,167,75,8080,3,45.2,0.0
34,1,0,116,86,10863,0,26.9,4.6
62,2,1,129,81,8609,4,54.5,2.3
57,2,1,134,66,10814,2,48.2,0.0
80,2,0,83,37,515,6,47.4,2.8
28,1,0,130,53,7208,0,66.2,0.0
15,1,0,120,67,3911,1,24.3,1.6
16,1,0,113,51,14182,0,40.4,0.0
40,1,0,115,76,12162,3,60.4,0.0
23,1,0,124,96,9509,0,33.7,0.0
50,1,0,142,74,16462,0,50.1,0.0
51,2,0,134,84,6648,0,59.5,0.0
56,2,0,159,69,9953,3,63.8,0.0
48,2,0,149,86,16765,0,34.6,0.0
30,1,0,101,58,13331,0,14.9,4.4
33,1,0,119,65,14625,0,52.1,1.0
57,2,0,128,79,15425,0,86.3,5.4
36,2,0,129,86,18867,0,35.9,0.0
17,2,0,122,66,2062,1,37.0,5.2
80,1,1,126,41,5379,6,11.7,0.0
56,2,1,100,71,9428,4,36.7,0.0
53,2,0,140,84,11531,1,53.9,0.0
38,1,0,134,82,7823,8,15.7,0.0
79,2,0,134,53,10492,9,18.4,5.5
42,2,0,110,63,11447,3,58.5,0.0
50,1,0,106,77,7424,1,72.9,0.0
47,2,1,123,72,10488,3,41.8,3.5
58,1,1,129,70,9207,5,32.2,0.0
51,2,0,144,94,15026,3,46.5,0.0
18,1,0,103,62,9383,0,37.2,0.0
14,1,0,109,53,7878,0,30.1,0.0
13,2,0,118,53,1723,0,47.6,2.3
47,1,0,105,73,13693,1,37.0,2.7
19,2,0,112,81,15505,0,23.5,0.0
30,1,0,107,55,15135,0,37.9,0.0
80,1,1,155,63,7687,9,5.0,5.4
59,2,0,119,66,14396,0,78.1,0.0
18,1,0,130,79,11375,0,26.9,4.2
51,1,0,124,78,12615,0,60.8,3.2
63,1,0,152,60,10404,0,52.2,3.0
80,2,0,171,49,5504,4,61.6,0.0
63,1,0,167,72,2069,3,75.5,0.0
37,2,0,133,82,13547,0,47.3,1.4
12,1,0,107,50,5023,1,11.8,0.0
25,1,0,132,84,7119,0,45.1,0.0
20,2,0,102,53,6821,2,30.3,0.0
76,2,1,136,71,8393,12,9.0,2.3
27,2,0,94,52,8794,1,22.1,0.0
10,1,0,108,55,14836,0,28.7,0.0
16,1,0,109,73,10834,0,41.2,0.0
19,1,0,125,47,14123,0,52.1,0.0
65,1,0,120,51,11558,7,27.4,2.6
19,1,0,90,50,11594,0,41.4,3.0
23,1,0,133,74,10874,0,24.8,0.0
55,1,0,121,70,8434,0,56.0,0.0
48,1,0,138,86,8178,0,48.6,0.0
11,1,0,97,38,17205,0,31.3,1.5
35,1,0,120,77,14007,0,42.5,0.0
60,2,0,123,72,12027,4,52.6,0.0
46,1,0,112,71,14588,0,43.2,0.0
35,2,0,86,54,13679,2,51.6,0.0
31,1,0,121,70,6821,1,21.7,0.0
27,1,0,124,73,9354,0,45.1,0.0
38,2,0,103,66,13636,0,54.4,0.0
39,2,0,107,68,7936,0,31.6,0.0
12,1,0,103,62,8851,0,32.2,1.0
48,2,0,103,54,12342,8,5.0,0.0
11,2,0,115,74,16397,0,37.9,0.0
46,2,0,118,79,10737,14,5.0,2.5
61,1,0,130,64,10400,6,50.6,4.4
62,2,0,133,74,14365,3,57.2,0.0
77,1,1,145,65,10729,6,17.1,0.0
12,1,0,116,64,14466,1,37.0,0.0
63,2,0,105,78,15741,2,45.3,2.3
25,2,0,108,57,7086,0,47.1,0.0
9,2,0,104,58,15301,0,45.1,0.0
55,2,0,117,79,11875,0,40.5,0.0
51,2,0,108,76,9234,4,51.7,0.0
30,1,0,114,71,6293,0,68.9,3.7
39,1,0,120,79,10568,0,52.2,0.0
66,2,0,124,54,8548,5,42.0,0.0
80,1,0,126,49,6997,12,24.2,0.0
28,2,0,107,77,17821,1,55.0,0.0
22,1,0,113,69,8683,0,58.1,4.6
45,1,0,111,78,11693,0,56.1,4.7
22,2,0,122,52,8191,1,35.9,0.0
26,2,1,154,98,9378,5,12.3,0.0
32,2,0,98,58,9203,0,48.1,0.0
18,1,0,96,64,16820,0,25.7,0.0
22,2,0,115,73,19342,1,22.2,0.0
58,1,0,138,75,11763,2,76.6,0.0
71,1,0,127,64,3720,2,47.2,1.1
58,2,0,110,68,5866,5,61.9,0.0
38,2,0,107,69,5974,1,61.0,0.0
28,2,0,109,71,8211,2,47.9,0.0
38,2,0,126,84,18680,1,39.9,1.0
16,2,0,107,66,13840,0,44.8,0.0
59,2,0,122,72,13993,3,66.0,0.0
56,2,0,115,68,11942,1,66.6,0.0
12,2,0,104,61,14480,0,44.7,0.0
44,1,0,120,83,9476,1,37.1,3.9
14,2,0,112,71,13784,2,24.3,5.0
55,1,1,119,63,10249,6,39.5,0.0
56,1,0,112,68,5513,0,72.8,0.0
80,2,0,164,84,6567,7,38.2,4.8
28,1,0,126,83,12096,0,50.2,0.0
28,1,0,105,73,6094,0,45.9,6.2
44,1,0,106,77,14570,2,59.8,4.5
51,2,0,142,42,12266,6,24.5,0.0
47,2,0,117,70,10476,1,56.4,0.0
16,1,0,123,52,8807,3,44.9,0.0
72,2,0,114,58,9386,1,57.7,2.8
69,2,1,107,51,5651,8,7.6,4.9
43,1,0,124,67,8044,2,53.9,0.0
11,2,0,100,66,14798,0,15.9,0.0
10,1,0,97,45,17947,0,48.2,0.0
17,2,0,107,65,12170,0,51.1,0.0
23,2,0,126,82,9555,9,15.8,0.0
63,1,0,131,77,11910,1,49.7,4.3
11,1,0,112,74,17193,0,32.6,0.0
61,1,0,141,88,15284,3,65.9,0.0
49,1,0,124,76,6142,1,51.9,0.0
22,2,0,109,55,8829,0,40.8,0.0
9,1,0,99,38,19502,2,19.5,0.0
22,1,0,117,77,12234,0,49.8,0.0
80,1,0,121,54,3527,4,69.8,0.0
17,1,0,120,66,8087,0,58.0,0.0
16,2,0,110,80,8672,0,41.0,0.0
45,1,0,114,69,16098,0,57.9,0.0
79,2,0,129,71,9452,1,82.4,1.0
36,2,1,118,87,13059,1,47.0,0.0
80,1,0,118,51,4375,0,62.7,2.7
34,2,0,120,87,1502,1,71.1,0.0
57,1,1,118,60,6508,5,28.5,0.0
9,1,0,101,64,14315,0,36.7,1.1
23,1,0,132,69,16563,0,35.2,0.0
10,1,0,102,58,13684,1,27.0,4.6
35,2,0,106,64,12507,2,62.2,2.5
64,1,1,114,66,10596,5,28.6,1.0
35,1,1,112,88,10656,3,57.3,0.0
15,2,0,110,72,10744,1,38.7,0.0
80,1,0,135,54,9086,3,77.7,0.0
13,2,0,116,67,12415,0,38.3,0.0
48,1,0,91,66,13765,1,67.5,0.0
17,1,0,107,57,12103,0,42.2,0.0
53,1,0,127,75,14274,0,68.4,0.0
55,1,0,125,83,13159,3,73.7,1.6
26,1,0,119,91,10237,0,27.9,0.0
61,1,1,134,80,5722,6,23.7,0.0
33,2,0,128,62,9838,0,47.5,0.0
39,2,0,106,82,4923,1,47.4,0.0
40,1,0,125,90,13388,0,49.3,0.0
75,2,0,108,71,8699,8,18.4,6.3
55,2,1,109,47,8752,4,41.9,3.2
61,2,0,108,73,14277,1,61.3,0.0
61,2,0,116,72,16731,0,62.7,0.0
72,1,0,121,70,12286,1,78.1,0.0
74,1,1,153,48,6049,7,18.6,0.0
32,1,0,124,77,13702,1,61.4,0.0
77,1,0,134,87,5296,2,68.7,0.0
14,1,0,118,70,14253,2,12.1,0.0
70,1,1,142,85,8285,5,38.1,3.1
22,1,0,127,84,13389,0,32.2,0.0
43,2,0,118,70,10593,0,66.3,0.0
68,1,1,140,79,7544,10,5.0,2.5
9,1,0,94,70,14169,0,35.5,4.9
60,2,0,146,80,7396,0,68.5,0.0
36,2,0,129,66,10139,13,10.5,0.0
19,2,0,92,63,13951,1,30.6,0.0
41,2,0,114,51,5270,1,61.0,4.5
63,2,1,150,54,8251,10,10.0,0.0
19,1,0,108,74,12125,0,52.3,3.2
53,1,0,131,81,11802,0,67.7,0.0
12,1,0,118,50,11514,0,20.6,0.0
65,2,0,124,74,9674,7,12.1,0.0
41,2,0,110,73,9779,0,47.5,5.7
16,1,0,100,69,14200,0,32.4,5.2
61,2,0,113,66,11376,3,50.3,0.0
70,2,1,128,69,8735,11,17.1,5.5
43,1,0,111,75,12587,0,63.9,0.0
41,1,0,126,84,11125,0,82.2,2.6
62,2,0,122,93,11249,4,51.3,2.9
15,2,0,98,66,11030,0,32.8,0.0
41,2,0,113,73,16292,0,44.8,5.8
16,2,0,112,61,8355,3,43.8,0.0
49,1,0,110,73,11028,0,41.6,0.0
60,2,0,153,84,7801,0,71.5,1.7
68,2,1,111,66,10141,5,29.9,4.8
67,1,0,146,77,8613,3,80.4,0.0
40,1,0,121,78,11616,1,44.7,0.0
41,1,0,118,64,16395,0,56.6,0.0
13,2,0,98,72,12624,0,34.1,2.7
25,1,0,106,67,9547,0,55.3,0.0
9,2,0,94,57,11121,0,39.1,4.3
45,2,0,141,72,10040,1,56.7,0.0
65,1,1,129,70,12657,9,5.0,4.1
61,2,1,187,92,7895,5,15.5,1.3
12,2,0,117,45,10970,0,43.0,2.8
47,2,1,114,67,11524,1,30.2,2.4
76,2,0,112,57,8358,3,66.8,0.0
40,1,0,127,87,5956,2,52.9,0.0
60,1,0,121,79,14993,0,60.0,0.0
35,1,0,135,82,8401,0,51.0,0.0
16,2,0,96,52,10156,1,41.8,0.0
19,2,0,120,87,14412,0,27.8,0.0
29,2,0,111,67,8801,1,30.8,0.0
80,1,0,136,60,7575,5,50.5,0.0
20,2,0,121,77,9196,1,48.4,0.0
41,1,0,109,76,16466,0,69.9,0.0
74,2,0,127,69,8075,3,81.3,0.0
66,2,1,129,72,10741,10,5.0,5.9
52,1,0,131,64,9860,1,60.3,0.0
40,2,0,125,66,11115,0,50.4,0.0
62,1,0,146,92,11211,4,51.2,3.0
23,1,0,118,68,13400,0,32.7,0.0
9,1,0,110,61,8768,0,19.3,0.0
70,2,0,129,66,15129,7,41.1,0.0
80,2,0,116,53,8398,5,69.0,6.4
22,2,0,116,71,10085,2,43.1,0.0
71,2,0,119,73,10572,1,60.3,7.2
13,1,0,100,80,12431,2,47.7,0.0
20,1,0,122,67,7957,0,35.4,0.0
31,2,0,96,67,12699,0,33.1,0.0
47,2,0,117,79,14343,0,63.6,1.1
18,1,0,133,62,13048,0,76.2,2.3
9,2,0,98,67,15236,0,27.9,0.0
78,2,0,120,73,8443,1,77.4,0.0
68,1,0,112,55,7705,0,71.3,0.0
16,1,0,112,71,18457,0,46.2,0.0
42,2,0,115,72,12690,0,58.6,0.0
10,1,0,115,48,13433,0,26.8,0.0
15,2,0,109,77,639,0,46.0,0.0
59,1,0,115,71,616,1,37.4,0.0
10,1,0,111,72,17095,0,28.0,0.0
54,1,0,127,81,10371,0,67.1,0.0
76,1,0,137,65,8165,3,56.9,2.5
8,2,0,106,53,12919,0,5.3,0.0
23,2,0,101,75,10823,1,44.3,0.0
21,1,0,111,73,11823,0,38.1,7.9
28,1,0,122,86,14228,0,55.1,0.0
21,1,0,118,38,11395,0,54.1,0.0
11,2,0,89,51,13113,2,18.8,0.0
16,1,0,110,57,13497,0,53.6,5.6
14,1,0,101,59,11256,0,42.6,0.0
19,1,0,93,54,4535,0,62.8,0.0
16,1,0,110,47,2033,0,66.7,1.0
73,2,1,166,52,6656,3,32.9,0.0
16,2,0,96,39,11568,2,45.1,0.0
43,2,0,138,97,12817,0,58.6,4.9
30,2,0,83,54,12012,0,42.4,0.0
9,2,0,104,68,15268,0,17.6,0.0
31,1,0,98,52,12286,0,53.9,0.0
75,1,0,101,79,7353,1,62.0,0.0
54,2,0,115,79,11046,1,64.3,0.0
80,2,0,157,58,7784,6,42.4,0.0
20,1,0,113,63,10149,0,36.1,0.0
21,1,0,119,73,8386,0,50.6,0.0
12,2,0,107,52,10920,1,34.2,0.0
80,2,0,142,86,12770,2,50.5,0.0
12,2,0,117,56,13911,1,48.6,0.0
10,2,0,100,34,18934,0,14.0,0.0
11,2,0,94,58,19573,0,66.2,5.4
8,1,0,85,31,22734,0,33.8,2.4
11,2,0,90,69,13775,0,20.0,0.0
10,1,0,114,70,13220,0,26.2,0.0
15,1,0,111,72,10493,1,30.7,0.0
67,2,0,119,75,7580,4,48.6,0.0
52,1,0,118,78,6266,0,38.3,0.0
29,1,0,114,82,20056,1,82.2,0.0
67,2,1,103,51,8957,4,49.9,1.2
73,1,0,135,72,12980,2,63.1,0.0
25,2,0,110,52,4960,0,37.7,1.0
9,2,0,115,54,14449,0,46.9,0.0
15,2,0,105,58,15511,0,47.9,0.0
30,1,0,119,88,13470,0,62.4,0.0
31,2,0,132,61,12475,2,53.5,0.0
63,2,0,130,107,10525,2,82.3,0.0
54,2,0,123,78,9190,1,54.2,0.0
70,1,0,115,76,7388,5,48.0,0.0
34,1,0,121,80,13270,0,46.4,0.0
43,2,0,108,66,14854,0,56.6,0.0
8,2,0,115,41,16879,0,60.5,2.1
61,2,0,100,77,10585,2,73.4,1.0
21,1,0,113,71,11647,0,38.1,0.0
34,1,0,103,65,8850,0,66.8,1.3
52,1,0,101,77,2809,4,49.0,0.0
32,2,0,126,71,10680,2,48.3,1.0
52,1,0,115,80,9016,3,69.2,0.0
16,2,0,121,62,10209,0,45.6,0.0
43,2,0,133,83,11928,1,57.5,0.0
73,2,0,134,64,11264,2,41.9,0.0
42,2,0,125,61,12898,1,40.4,3.2
15,1,0,125,57,10986,0,16.0,0.0
31,1,0,115,85,9001,0,49.0,0.0
52,2,0,101,61,12162,0,56.9,0.0
13,2,0,104,70,13701,0,51.1,0.0
52,1,0,129,80,10012,1,66.1,2.6
23,2,0,105,62,13224,0,56.6,4.5
15,2,0,106,68,5223,2,42.9,0.0
54,1,0,128,100,10739,5,39.3,5.7
80,1,0,178,54,8644,0,72.5,0.0
71,1,0,136,82,6645,0,59.1,0.0
65,1,1,153,67,6777,1,48.1,1.0
53,1,0,158,84,2512,6,27.2,0.0
10,1,0,103,67,18853,0,52.9,0.0
15,2,0,124,59,11232,0,54.0,0.0
9,1,0,91,49,15859,0,18.5,0.0
53,1,1,119,78,7312,10,18.4,4.7
44,2,0,120,68,954,1,63.7,0.0
11,1,0,103,38,14379,0,30.8,0.0
34,2,0,108,70,11274,0,41.2,0.0
17,2,0,102,62,15985,0,36.5,0.0
11,2,0,93,48,14804,0,25.8,0.0
61,2,0,110,59,11326,0,60.0,5.1
46,2,0,110,72,11959,0,50.3,1.8
78,2,1,134,66,6178,4,50.8,5.6
55,1,1,104,58,10923,5,5.0,1.0
27,1,0,122,83,12182,2,61.8,0.0
18,1,0,121,29,12989,0,31.4,0.0
56,1,0,108,66,11558,0,65.5,0.0
55,1,0,130,75,14910,2,66.6,0.0
9,2,0,91,42,18905,0,39.6,0.0
26,2,0,102,64,1258,0,21.7,4.7
75,2,0,82,51,6469,4,62.6,0.0
43,1,1,130,88,13758,4,22.5,5.7
73,2,0,125,71,9574,1,40.0,1.0
51,2,0,142,79,10284,3,30.0,0.0
36,1,0,126,79,12320,0,38.6,3.7
55,1,0,133,77,15660,1,37.1,0.0
11,2,0,100,51,11602,0,32.6,0.0
22,2,0,111,45,8552,0,36.7,1.6
10,1,0,98,50,12305,0,32.7,7.2
37,2,0,106,49,9494,1,60.0,0.0
63,2,1,149,78,12500,4,36.3,0.0
22,2,0,106,62,11001,0,48.2,0.0
13,2,0,95,65,14016,0,9.5,0.0
65,1,0,128,81,10885,1,63.0,0.0
13,1,0,110,65,12791,0,32.1,0.0
63,2,1,130,83,5237,5,13.2,1.0
58,1,0,120,74,14538,0,65.6,2.9
58,2,0,125,72,8424,5,17.6,0.0
67,1,0,137,59,6032,1,56.2,0.0
12,2,0,94,58,15459,0,24.7,0.0
30,1,0,126,65,15382,4,39.1,0.0
23,1,0,109,50,5737,0,45.4,1.0
49,2,0,160,95,15977,0,27.3,4.1
37,2,0,141,84,5735,2,43.4,0.0
38,1,0,135,90,10732,1,43.4,0.0
10,1,0,107,62,14626,2,41.8,6.1
30,1,0,129,82,15197,0,39.0,0.0
40,2,0,120,67,11097,0,55.4,0.0
68,2,0,135,62,11688,12,5.0,0.0
39,1,0,106,73,6623,0,46.5,0.0
35,1,0,123,73,9049,1,50.4,0.0
17,1,0,119,90,1232,0,64.6,0.0
63,1,1,137,68,3660,6,20.9,4.1
24,1,0,102,70,2700,0,58.7,0.0
60,1,0,151,73,8920,9,18.1,0.0
10,2,0,96,46,15062,0,34.3,1.1
40,2,0,120,63,13722,0,50.6,1.0
63,2,0,128,70,9537,7,25.7,3.2
74,2,1,141,51,6199,5,6.4,5.0
69,2,0,118,65,6591,1,47.7,2.5
69,1,1,140,73,3050,2,70.0,6.6
36,2,0,110,50,11617,1,59.9,0.0
72,1,0,117,60,8951,4,57.4,0.0
18,2,0,113,62,21549,0,31.6,0.0
61,1,0,169,84,3126,19,5.0,0.0
33,2,0,108,59,15998,0,42.8,3.7
39,2,0,105,65,9012,3,49.7,0.0
71,2,0,138,44,8884,1,63.7,0.0
44,2,0,139,81,8462,0,61.8,2.9
59,2,0,128,71,10606,0,66.5,0.0
50,1,0,154,75,14962,0,48.4,0.0
80,1,0,132,83,5864,1,51.6,0.0
67,2,1,123,43,12602,3,44.0,0.0
33,1,0,108,51,7499,0,57.5,4.9
72,2,0,120,46,7390,1,67.1,1.0
20,2,0,105,57,4683,1,34.1,0.0
61,1,0,100,52,11830,0,38.2,0.0
14,1,0,98,55,8733,0,26.1,3.3
65,1,0,131,74,19085,3,73.9,0.0
51,2,0,131,80,2337,0,44.3,0.0
48,2,1,120,74,6536,5,37.0,4.8
51,2,0,169,95,8965,1,49.7,0.0
8,1,0,105,67,14156,0,42.1,0.0
15,1,0,103,42,774,1,34.5,4.3
42,1,0,106,68,9847,0,56.8,2.6
30,1,0,109,70,11592,0,22.8,0.0
17,1,0,109,65,19503,0,37.8,0.0
38,2,0,103,65,12957,1,54.5,0.0
28,1,0,109,62,6582,0,54.4,5.7
73,2,0,143,75,8636,3,60.6,0.0
36,1,0,123,83,12193,0,48.6,0.0
52,1,0,120,76,12275,0,52.3,0.0
9,1,0,106,50,17178,3,30.3,0.0
10,1,0,113,68,13413,0,15.0,0.0
52,1,0,113,81,10246,4,31.6,0.0
59,1,0,115,77,9650,3,50.9,2.6
9,1,0,90,45,19519,0,27.8,0.0
38,2,1,99,69,9426,11,25.2,2.6
14,2,0,100,55,10070,1,15.7,3.2
80,1,0,113,46,5710,2,49.1,6.7
56,1,0,124,70,10308,1,70.7,0.0
53,2,0,129,67,16508,1,51.6,0.0
39,2,0,119,82,11462,2,56.9,0.0
45,2,0,98,53,11511,0,38.3,4.0
13,2,0,92,56,6121,0,55.6,0.0
28,1,0,116,59,12487,0,50.4,2.8
53,1,1,120,75,11493,6,5.0,3.4
75,2,0,143,68,8102,7,42.7,0.0
68,2,1,133,53,9879,10,5.0,0.0
60,2,0,107,71,10690,14,5.0,0.0
69,1,1,109,67,10150,4,14.3,4.2
22,1,0,105,73,16827,0,42.0,0.0
12,2,0,115,70,15051,3,31.1,3.8
27,2,1,117,74,13738,2,22.2,0.0
8,2,0,115,47,14262,4,21.3,0.0
45,2,0,98,64,10226,2,50.2,0.0
40,1,0,104,77,5979,0,35.2,0.0
19,1,0,104,61,5037,0,48.1,0.0
26,1,0,120,81,4403,0,69.1,1.0
32,1,0,128,68,19403,0,29.4,0.0
14,1,0,112,58,10842,0,18.5,0.0
20,1,0,130,74,9408,0,60.1,0.0
53,1,0,126,74,11465,0,64.9,0.0
10,1,0,104,74,12799,1,33.5,0.0
52,2,0,161,55,12394,1,44.1,0.0
20,1,0,132,74,14762,1,35.5,0.0
24,2,0,107,61,10078,0,27.8,2.8
21,1,0,105,67,19843,0,51.9,0.0
8,1,0,97,55,19080,0,34.5,0.0
60,1,0,129,66,9956,2,53.7,2.6
65,1,0,114,73,10737,0,63.2,0.0
14,1,0,125,84,9746,0,46.2,0.0
23,1,0,115,75,9296,0,47.9,1.0
36,2,0,124,78,11022,3,33.3,1.0
61,1,0,122,72,16208,1,59.0,2.4
17,1,0,108,61,12331,2,44.8,0.0
14,2,1,110,79,11720,2,23.0,3.9
17,2,0,107,69,14208,1,27.1,0.0
47,1,0,110,54,8307,0,53.7,4.8
44,1,0,129,91,15204,1,45.6,0.0
9,2,0,89,57,19891,0,35.1,0.0
18,1,0,133,75,14701,0,30.2,0.0
12,2,0,96,42,12544,0,53.2,0.0
10,1,0,110,73,17764,2,64.8,0.0
8,1,0,104,44,18324,1,30.7,0.0
57,1,0,122,80,1807,0,69.5,0.0
52,1,0,167,99,11707,0,57.0,0.0
40,2,0,100,58,5952,1,36.5,0.0
69,1,0,102,62,7920,0,67.1,0.0
10,1,0,92,38,11769,0,15.7,5.0
12,2,0,116,57,11816,4,20.0,0.0
12,2,0,104,52,9175,0,38.9,0.0
53,2,0,120,82,9750,0,51.3,2.2
65,1,0,158,99,13913,4,62.4,3.5
32,2,0,107,62,12883,1,19.6,0.0
14,1,0,116,48,14277,0,38.6,0.0
25,2,0,118,46,16094,0,51.0,0.0
80,1,0,109,63,11669,5,49.8,0.0
36,2,0,110,63,15719,0,44.4,1.2
13,2,0,105,61,3250,2,48.1,0.0
80,1,0,135,65,10997,9,22.4,0.0
42,1,1,116,81,13231,8,5.0,1.5
14,1,0,115,58,6512,0,41.0,1.0
32,1,0,125,58,6249,0,61.3,0.0
12,1,0,103,44,14023,0,28.2,0.0
54,2,0,130,64,10981,0,64.1,0.0
56,1,0,105,66,10833,2,59.9,0.0
19,1,1,114,56,8391,2,30.9,0.0
21,2,0,122,68,12575,3,45.2,0.0
24,1,0,130,55,12499,0,45.5,0.0
66,1,0,129,89,10712,5,40.9,0.0
51,1,0,127,83,9214,1,51.6,0.0
33,2,0,120,59,21196,0,37.8,2.4
11,1,0,89,39,14396,2,9.0,0.0
17,1,0,102,53,6153,0,48.4,0.0
10,2,0,105,54,12729,2,7.4,0.0
75,1,0,128,55,11027,0,74.8,0.0
31,1,1,113,62,11844,3,50.0,0.0
79,1,1,134,39,8224,7,5.7,5.0
79,2,0,120,52,12934,1,39.5,0.0
15,1,0,110,60,16852,0,50.3,0.0
61,2,1,142,60,7299,0,26.5,1.0
71,1,0,151,56,8555,1,72.9,6.5
54,1,0,121,79,17323,0,20.8,2.1
64,2,1,130,58,10215,3,40.6,6.5
38,1,0,105,75,11091,0,61.8,0.0
59,1,0,126,75,8350,3,61.8,0.0
65,2,1,135,59,11565,2,37.3,0.0
19,1,0,107,60,1555,0,31.7,0.0
39,2,0,110,75,7960,0,74.6,0.0
43,2,0,110,63,6988,0,48.9,0.0
52,1,0,116,85,8611,1,48.9,0.0
76,1,0,145,80,9352,0,87.6,0.0
70,2,1,127,66,14054,5,18.3,3.3
36,2,0,129,61,10567,0,47.1,0.0
67,1,0,169,81,9711,6,32.9,0.0
18,1,0,132,69,12812,2,25.3,0.0
40,1,0,130,73,15949,0,57.3,0.0
24,1,0,116,69,13734,0,44.2,0.0
61,2,1,98,68,7715,8,8.0,0.0
54,2,0,161,81,14721,0,49.5,0.0
80,2,0,114,68,5304,1,78.4,3.8
9,2,0,109,72,20043,0,28.9,0.0
12,1,0,130,42,9339,0,28.0,0.0
8,1,0,120,38,16537,0,31.3,2.9
20,1,0,123,83,12426,0,25.7,0.0
18,2,0,95,63,15802,1,27.9,0.0
53,2,0,117,65,14092,3,34.1,0.0
52,2,0,164,81,14033,3,51.9,0.0
12,1,0,102,34,4880,0,32.6,0.0
42,2,0,144,97,17905,2,57.9,0.0
70,1,1,152,55,7619,6,20.3,4.6
78,1,1,131,68,3112,7,33.9,6.9
54,1,0,105,70,16037,0,53.6,0.0
14,2,0,105,67,12377,0,38.7,0.0
50,1,0,147,84,16469,0,58.6,0.0
35,2,0,115,80,12812,0,53.0,0.0
14,2,0,106,48,9073,0,54.3,0.0
38,1,0,115,71,11296,10,9.3,2.3
43,2,0,131,88,12230,1,45.6,2.6
68,2,1,145,63,12442,4,49.3,0.0
45,1,0,122,72,10800,0,63.2,0.0
26,2,0,125,66,12385,1,43.4,1.8
22,2,0,105,62,13268,1,23.0,0.0
74,1,1,118,81,7758,5,20.0,0.0
30,2,0,95,58,12134,1,46.5,1.0
54,2,0,110,68,16417,2,50.4,1.3
56,1,0,140,65,12550,3,40.2,0.0
77,1,0,130,74,14481,4,49.7,0.0
47,1,0,112,81,6956,3,49.7,0.0
79,2,0,118,50,11227,3,75.6,0.0
8,1,0,97,70,16653,0,50.5,0.0
65,2,1,151,80,13813,5,46.6,0.0
46,1,0,162,83,19140,0,73.0,7.0
10,1,0,94,34,13977,0,47.3,0.0
56,1,0,117,62,10674,6,21.0,3.2
80,2,1,169,83,7936,4,51.4,5.9
15,1,0,110,51,16519,2,25.5,0.0
8,1,0,103,42,18625,4,27.3,0.0
61,1,0,129,76,12152,0,65.7,1.0
51,1,0,132,87,11767,2,47.0,0.0
11,2,0,88,65,13389,0,58.3,2.8
8,1,0,108,54,21270,0,22.5,6.5
70,2,0,146,80,7978,0,68.4,6.9
59,1,0,130,76,12405,0,63.2,0.0
77,1,1,121,62,6290,7,5.0,4.5
10,2,0,90,65,15072,0,48.2,1.0
13,1,0,115,54,11906,0,35.2,3.8
53,2,0,105,72,6057,7,29.1,4.0
33,1,0,115,75,14752,0,71.4,2.4
60,1,0,142,79,8701,4,35.1,0.0
58,2,0,132,76,5992,3,47.3,0.0
31,1,0,117,82,9749,1,52.8,0.0
33,1,0,117,82,8116,0,36.7,0.0
45,2,0,125,77,17883,1,36.1,0.0
14,2,0,114,57,6957,0,36.6,0.0
59,1,0,129,83,10840,5,31.6,4.6
43,2,0,107,78,13422,0,67.3,0.0
68,1,0,122,69,7858,1,89.1,0.0
38,1,0,105,59,12873,0,45.5,0.0
33,2,0,101,57,15153,0,51.0,0.0
80,1,0,133,68,11659,3,69.0,0.0
80,1,0,129,68,5951,1,90.1,3.7
44,1,0,135,79,12136,3,58.0,0.0
16,2,0,116,75,13126,0,45.6,0.0
32,1,0,111,68,9442,0,49.2,0.0
54,1,0,117,70,12405,0,57.2,0.0
52,1,1,173,84,7755,4,37.0,0.0
56,1,0,124,82,9259,2,78.8,0.0
12,2,0,88,61,13301,0,47.6,0.0
17,2,0,123,66,12750,0,30.7,0.0
11,2,0,99,51,15383,0,27.7,0.0
24,2,0,112,82,7016,0,48.3,0.0
39,1,0,111,63,8636,0,31.3,0.0
35,2,0,119,66,14140,3,46.7,0.0
18,1,0,125,71,9866,0,33.2,0.0
12,1,0,117,64,10944,0,28.1,0.0
55,2,0,125,77,8057,1,62.3,0.0
19,1,0,107,70,4817,0,39.5,0.0
19,1,0,109,74,14086,0,49.2,0.0
55,1,1,110,69,12328,8,8.3,4.9
67,2,0,119,76,7871,4,51.7,0.0
57,1,0,148,75,8243,0,54.0,2.5
11,1,0,112,60,11898,3,28.9,0.0
79,1,1,114,39,6705,6,14.4,4.5
73,1,0,113,64,6641,5,40.3,0.0
70,2,0,129,64,8071,0,55.3,0.0
38,2,0,102,74,12452,0,36.8,0.0
28,2,0,102,68,9651,0,32.2,0.0
17,2,0,123,72,11499,1,28.8,0.0
62,1,1,171,88,6889,7,5.0,0.0
57,2,0,86,54,11902,0,49.4,0.0
47,1,0,148,94,13989,0,57.5,0.0
23,2,0,96,53,9666,0,52.9,0.0
31,1,0,109,70,5129,0,39.0,0.0
27,1,0,102,63,11472,0,7.6,1.3
12,2,0,105,42,13162,5,37.9,0.0
61,2,1,175,89,10390,6,38.5,0.0
18,2,0,97,66,10474,0,31.8,0.0
55,2,0,118,78,9631,3,42.6,0.0
80,2,0,119,71,10072,2,80.6,0.0
12,1,0,120,69,15635,0,37.7,0.0
9,1,0,106,52,16023,0,5.0,3.5
73,1,1,116,60,6803,2,64.5,3.5
59,1,0,140,81,10777,0,37.3,0.0
25,2,0,122,78,12792,0,56.8,0.0
31,1,0,120,81,10282,2,19.4,1.0
13,2,0,104,58,13493,0,52.4,0.0
18,1,0,118,45,6335,0,25.5,0.0
10,1,0,108,50,9728,0,53.4,0.0
70,1,0,124,70,14276,2,64.8,0.0
14,1,0,113,59,17479,0,42.0,0.0
31,2,0,104,67,11750,0,46.1,0.0
13,2,0,100,66,12955,0,30.4,0.0
56,1,1,139,71,8354,4,26.5,1.7
10,2,0,86,52,16353,0,17.0,3.3
45,2,0,104,62,14544,0,67.5,0.0
42,2,0,106,73,11012,1,51.0,0.0
44,2,0,105,70,13568,3,67.8,2.3
12,1,0,109,51,11548,1,47.2,0.0
80,2,0,161,50,3281,9,22.9,1.0
67,1,0,131,72,5929,1,64.7,1.8
16,1,0,107,64,9564,0,22.5,2.7
72,1,1,139,65,3062,2,52.2,0.0
11,2,0,102,66,16927,0,31.6,0.0
19,2,0,104,67,8379,1,46.7,0.0
60,2,0,116,77,10875,7,25.7,4.3
10,1,0,107,65,14396,0,42.7,0.0
13,1,0,108,46,15875,1,36.7,0.0
47,2,0,126,81,10183,0,68.3,0.0
50,2,0,133,75,11030,0,29.2,0.0
12,2,0,106,44,9687,0,54.2,0.0
12,2,0,105,56,13469,0,18.3,0.0
10,2,0,117,64,16017,0,36.8,0.0
12,2,0,88,46,17093,0,50.8,0.0
11,2,0,87,47,18450,0,49.5,1.7
23,2,0,108,59,13991,0,33.6,5.6
14,2,0,90,61,3567,0,22.6,3.9
34,2,0,112,53,16835,2,66.1,5.3
9,1,0,100,47,17811,0,24.3,6.4
66,1,0,124,62,10103,0,60.5,0.0
51,2,0,161,90,14021,0,67.8,0.0
64,1,0,143,96,12997,3,47.6,0.0
78,1,0,193,86,10895,0,75.4,4.5
49,1,1,117,70,8946,1,27.9,3.1
12,2,0,106,47,12790,0,28.7,0.0
23,1,0,105,73,3731,3,33.9,0.0
12,2,0,94,58,14141,0,19.5,0.0
78,2,1,133,46,8672,2,74.4,1.0
18,2,0,109,59,5810,0,31.9,0.0
57,2,0,123,73,14390,2,60.9,0.0
62,2,0,146,84,14294,2,67.7,0.0
51,2,1,135,55,14346,4,10.4,2.7
76,1,1,144,69,6730,3,77.8,0.0
54,1,0,100,68,14166,3,53.8,0.0
29,2,0,98,56,10055,0,50.4,0.0
14,1,0,116,40,14908,0,54.4,0.0
47,2,0,108,75,11441,4,31.7,0.0
74,1,1,120,73,8059,12,12.9,4.5
50,2,0,138,80,17950,0,46.9,0.0
41,2,1,129,79,12376,0,17.7,1.0
18,2,0,108,54,8218,0,47.5,0.0
9,2,0,96,43,15253,0,9.0,0.0
22,1,0,103,72,13269,1,32.5,0.0
50,1,0,129,78,11097,0,54.2,0.0
9,2,0,89,41,18585,0,66.1,0.0
79,2,1,152,60,6756,12,6.3,2.9
58,1,0,131,85,10786,0,53.4,0.0
44,2,0,108,70,13744,0,58.9,5.8
36,1,0,126,62,14718,0,50.5,0.0
36,2,0,115,83,9896,1,42.3,3.3
13,1,0,106,33,8762,0,17.4,0.0
50,2,1,111,73,12086,1,37.3,2.9
8,1,0,101,60,15006,0,52.7,0.0
80,2,0,177,87,9750,8,25.3,1.1
25,1,0,110,66,14327,0,58.9,2.5
72,1,1,125,38,5950,9,9.2,3.7
77,2,0,101,59,12403,7,27.2,2.7
26,2,0,108,90,10351,0,56.2,0.0
65,1,0,139,73,6946,3,73.4,1.0
24,1,0,123,76,17369,0,55.0,0.0
80,1,0,167,84,9308,0,67.0,0.0
41,2,0,117,58,9698,2,62.3,0.0
17,1,0,118,74,3363,0,62.8,0.0
17,2,0,116,46,14030,0,48.5,1.0
11,1,0,115,40,15929,0,38.1,0.0
63,1,1,131,79,5727,7,12.6,3.6
35,2,0,116,80,15828,1,38.1,0.0
24,2,0,85,45,8702,6,30.6,5.6
24,1,0,124,53,6565,0,45.5,2.9
32,1,0,109,63,10178,1,43.5,2.2
35,1,0,123,69,12033,0,48.5,5.6
34,2,0,102,59,22218,0,52.0,0.0
44,2,0,144,109,10132,0,48.5,0.0
18,2,0,101,34,12420,0,34.2,0.0
75,2,1,116,61,8660,5,34.8,5.6
36,1,0,108,74,11215,0,45.6,3.7
74,2,0,120,64,10256,2,63.0,4.0
29,1,0,119,72,5582,0,52.0,0.0
66,2,0,114,70,11138,1,75.3,0.0
10,2,0,98,70,18139,0,41.7,0.0
18,1,0,128,62,14665,0,30.2,0.0
35,2,0,121,78,13989,0,29.3,0.0
13,2,0,111,59,11080,0,30.3,0.0
72,2,0,143,71,7418,5,37.2,0.0
58,1,0,128,76,9796,0,65.2,0.0
28,2,0,102,61,8600,0,62.4,0.0
11,1,0,105,52,18388,2,52.4,0.0
15,1,0,112,76,7845,0,41.4,4.4
57,2,1,125,68,10105,9,10.4,4.7
33,1,0,119,67,11139,0,44.5,1.5
75,1,0,131,73,3191,3,59.4,1.7
27,2,0,102,62,14216,1,36.9,0.0
57,2,0,136,74,10489,2,61.7,0.0
15,1,0,121,50,14318,1,38.5,0.0
18,2,0,108,63,8000,1,35.0,0.0
49,2,0,124,78,11976,0,38.1,3.2
49,2,0,121,78,16928,1,33.6,0.0
32,2,0,119,73,10992,0,49.7,0.0
25,2,0,114,73,14029,1,31.5,0.0
31,1,0,115,78,11259,2,42.8,0.0
43,2,0,118,71,7277,0,53.5,0.0
18,2,0,125,59,5916,2,31.9,0.0
48,2,0,124,79,13287,0,39.2,1.7
38,2,0,101,66,17341,0,55.3,0.0
16,1,0,115,63,12346,0,49.6,1.9
27,2,0,100,68,16043,0,40.9,0.0
69,1,0,109,82,13215,3,53.7,0.0
50,2,0,156,85,23459,2,51.5,0.0
39,1,0,102,74,8898,0,44.7,0.0
61,2,0,145,71,12468,2,56.6,0.0
61,1,0,171,90,12947,2,80.0,2.7
40,2,0,102,70,15937,0,65.9,3.1
77,1,1,131,66,6408,8,5.0,5.0
17,2,0,96,62,6958,0,40.8,4.4
36,1,0,110,82,1374,0,35.3,0.0
74,2,0,154,62,5849,1,62.4,1.0
78,1,1,147,65,4290,12,6.9,0.0
12,1,0,98,58,14077,0,15.7,0.0
8,1,0,94,53,12664,0,38.0,3.5
54,1,0,104,75,9386,2,73.2,0.0
9,2,0,87,44,13897,0,18.6,0.0
58,2,0,114,64,8497,1,73.3,5.1
9,1,0,105,46,18506,0,25.1,0.0
72,1,0,102,68,9950,1,71.7,0.0
78,1,0,140,47,9567,4,62.3,0.0
16,2,0,108,63,13228,0,40.6,0.0
69,1,1,131,92,8369,2,50.9,0.0
37,1,0,122,82,16686,0,22.0,1.2
10,2,0,79,58,17624,0,41.2,0.0
18,1,0,115,47,12184,0,39.2,0.0
19,1,0,117,70,12546,0,56.1,2.4
56,2,1,94,51,10219,10,14.8,4.9
14,1,0,116,66,11967,0,31.8,3.8
14,2,0,105,56,10152,0,48.3,0.0
55,1,1,141,95,7944,2,49.6,0.0
30,2,0,114,75,7069,0,44.2,1.7
32,2,0,110,71,6860,1,34.9,0.0
10,1,0,101,45,18447,1,45.2,3.3
63,1,0,183,65,11322,2,82.7,0.0
31,2,0,111,71,17829,2,53.8,3.9
17,2,0,104,69,10466,3,49.3,1.0
42,1,0,128,82,9698,0,58.2,0.0
18,1,0,108,69,10468,0,48.0,0.0
60,2,1,147,76,7388,4,21.5,4.4
62,2,1,112,60,10470,7,5.0,3.5
39,2,0,97,62,15969,0,44.6,5.8
46,1,0,119,72,14497,1,59.2,0.0
55,1,0,168,110,8234,3,72.4,2.1
42,1,0,126,80,13099,0,43.8,6.4
45,2,0,110,73,13335,0,48.3,0.0
9,1,0,98,70,11804,1,11.6,0.0
36,2,0,120,76,9014,2,36.1,0.0
19,1,0,124,70,14217,0,48.2,0.0
48,1,0,115,68,9194,1,64.5,0.0
75,1,0,124,61,7397,3,55.6,0.0
71,2,0,130,65,10918,3,60.2,4.9
23,2,0,113,56,16854,0,48.4,0.0
52,1,0,139,87,9946,0,43.9,0.0
80,2,0,137,62,9126,5,58.4,0.0
24,1,0,116,69,11339,0,26.1,0.0
13,2,0,104,64,10989,0,26.0,3.4
36,1,0,112,67,9901,5,34.4,0.0
47,1,0,152,105,13893,1,60.2,0.0
21,2,0,102,57,9084,0,22.7,0.0
65,1,0,141,73,10384,2,85.8,2.6
67,1,1,126,75,10310,6,39.5,2.4
12,2,0,103,53,11894,1,44.6,0.0
36,2,0,105,65,17329,0,54.0,1.0
30,2,0,112,68,8976,2,53.2,2.4
51,2,0,134,62,2253,1,45.7,0.0
23,2,0,110,71,6737,0,59.2,1.5
16,1,0,91,57,6946,0,45.8,0.0
67,2,0,127,75,10852,2,53.7,2.8
21,1,0,125,64,10280,0,49.7,0.0
42,2,0,149,91,17801,1,32.6,1.8
22,2,0,110,58,13624,0,39.9,0.0
69,1,1,135,71,8871,8,5.0,2.5
18,1,0,113,50,7859,0,42.5,0.0
70,2,0,157,86,7802,3,80.5,0.0
50,1,1,136,83,11111,4,38.7,0.0
15,1,0,108,47,8606,0,52.9,0.0
11,2,0,108,61,14427,0,41.3,0.0
63,2,0,111,73,12810,4,43.3,0.0
48,2,0,123,85,10908,10,11.9,0.0
26,2,0,110,78,7480,0,43.8,5.3
64,2,0,133,76,10779,7,23.4,0.0
35,1,0,114,77,8122,1,61.7,0.0
33,1,1,115,78,18761,2,30.9,1.6
11,2,0,104,67,17343,0,20.7,0.0
40,1,0,123,76,11877,0,69.3,0.0
39,1,0,116,67,10007,0,43.0,0.0
32,1,0,114,77,9015,0,50.9,0.0
68,1,0,116,69,15423,5,33.9,4.2
65,1,1,105,43,13264,10,5.0,2.5
61,2,1,118,77,14238,4,36.4,0.0
32,2,0,102,67,11377,0,49.0,7.6
14,2,0,104,71,286,1,38.3,1.1
62,2,0,156,82,11429,1,54.8,1.6
19,2,0,114,51,12679,1,29.1,0.0
24,1,0,115,68,7446,0,34.1,4.0
58,1,0,119,67,4869,12,15.6,1.4
16,1,0,98,64,5613,0,21.7,0.0
11,2,0,96,40,18413,1,36.5,0.0
33,1,0,131,77,12998,0,41.9,0.0
80,1,1,135,27,7990,7,28.7,6.4
16,1,0,103,61,9970,0,34.4,0.0
19,1,0,117,64,8267,0,34.4,0.0
17,1,0,125,52,15638,1,46.8,0.0
75,2,0,130,69,8227,7,46.4,0.0
14,1,0,101,59,7254,0,40.9,4.7
9,1,0,97,52,17655,0,27.4,5.4
42,2,0,111,70,8801,1,50.7,0.0
14,2,0,115,62,10290,0,51.7,0.0
29,1,0,111,58,8276,0,40.0,0.0
80,1,0,143,75,5281,0,75.7,3.4
63,1,1,137,67,5819,6,5.0,4.4
18,2,0,96,63,11653,1,45.5,0.0
49,2,0,96,64,11049,0,31.6,1.4
56,2,0,129,69,14532,2,39.2,0.0
52,1,0,182,88,14521,0,60.3,3.6
39,1,0,116,55,14972,0,41.6,3.3
32,1,0,105,73,6830,2,57.4,0.0
23,2,0,97,59,13929,1,69.4,0.0
10,1,0,103,45,19036,0,60.0,1.0
24,1,0,122,74,251,0,30.1,6.7
39,2,0,124,73,8536,10,5.0,0.0
47,2,1,117,83,14197,0,28.9,0.0
11,1,0,108,39,2320,0,37.3,5.7
18,1,0,122,69,10183,0,42.9,0.0
11,2,0,99,58,11254,0,18.1,0.0
79,2,0,130,81,11301,3,66.5,1.6
64,1,0,100,72,7636,1,57.7,0.0
34,2,0,105,70,13424,0,40.8,0.0
27,2,1,103,64,10516,0,37.8,0.0
63,1,0,176,105,8083,0,49.9,0.0
36,1,0,136,48,13318,0,49.3,3.5
76,2,0,136,14,12824,3,65.2,1.0
52,2,1,116,76,12426,0,50.4,0.0
10,1,0,118,67,13013,0,22.1,1.0
43,2,0,103,72,2553,0,45.9,0.0
22,2,0,105,57,7978,0,19.4,1.6
22,2,0,100,65,609,4,15.7,0.0
17,2,0,103,63,7661,1,19.1,0.0
15,2,0,104,58,14309,0,41.3,1.0
15,2,0,102,14,10352,2,42.1,0.0
34,2,0,113,75,11436,1,56.1,0.0
43,2,0,131,76,11366,0,31.3,0.0
30,2,0,104,75,10730,0,44.8,2.2
11,2,0,104,65,2485,0,35.5,0.0
33,2,0,113,71,12365,0,33.1,0.0
43,2,0,109,72,10322,2,25.2,0.0
8,2,0,108,62,16115,0,36.0,0.0
51,2,0,144,76,10914,0,51.3,0.0
12,2,0,101,42,9860,3,26.0,0.0
24,1,0,100,55,5292,0,14.2,0.0
33,2,0,96,63,8877,0,46.1,0.0
67,1,0,151,62,10791,0,60.4,0.0
43,2,0,108,63,12571,0,66.1,2.3
14,2,0,111,68,7984,0,19.5,0.0
8,2,0,103,55,16340,0,21.2,1.5
15,1,0,132,49,9404,0,73.3,0.0
62,2,0,118,57,17057,0,71.9,5.1
59,1,0,140,78,9313,6,23.7,0.0
80,2,0,126,69,7175,3,65.0,6.5
80,1,0,136,50,6698,5,51.0,0.0
45,1,0,122,73,12843,2,25.9,0.0
22,1,0,129,91,16545,1,66.9,0.0
58,1,0,114,54,9045,5,29.0,0.0
60,2,0,160,105,6911,0,55.0,3.7
52,2,0,92,58,12540,3,47.0,0.0
15,1,0,109,62,10950,0,21.1,0.0
42,2,0,123,65,8021,1,53.6,0.0
16,1,0,115,54,14801,0,48.3,1.0
27,1,0,106,68,11643,0,45.6,0.0
13,2,0,106,65,15986,1,59.9,2.7
58,1,0,118,63,7134,0,54.6,0.0
11,1,0,93,51,8364,5,24.2,0.0
29,2,0,119,82,10857,0,69.6,0.0
8,1,0,102,48,12424,0,39.5,0.0
8,2,0,126,75,2791,0,21.8,3.4
10,2,0,86,41,14689,2,30.2,0.0
77,1,0,117,50,6858,3,55.3,3.7
80,1,1,140,71,4800,8,9.2,0.0
37,2,0,133,81,13138,0,53.5,0.0
25,1,0,121,81,10025,0,42.3,0.0
52,2,0,125,69,11070,0,58.2,2.1
9,2,0,92,59,15919,0,36.1,0.0
17,1,0,141,74,13838,0,56.1,0.0
76,2,0,106,56,5056,5,28.8,2.0
9,2,0,94,35,21566,0,21.3,0.0
43,1,0,165,116,14053,0,67.4,0.0
37,2,0,105,76,17912,0,27.3,0.0
65,1,1,143,49,5562,2,37.4,0.0
66,2,0,118,55,6425,13,16.0,3.0
61,1,0,131,74,15347,0,39.5,3.1
63,1,0,100,69,11108,1,70.2,5.2
54,1,1,130,83,9777,2,30.6,8.4
8,1,0,104,58,17092,1,34.9,0.0
80,2,0,148,65,6909,1,45.0,0.0
68,1,0,154,102,14346,2,75.7,0.0
13,1,0,105,59,15267,0,56.0,4.1
80,2,0,129,45,5594,7,41.8,0.0
69,1,0,107,72,7874,2,82.5,7.0
59,2,0,100,65,8477,9,21.6,0.0
50,2,0,99,64,8858,0,66.8,0.0
64,2,0,130,80,12271,5,45.1,0.0
38,1,0,115,73,15020,0,41.6,0.0
8,1,0,94,44,17104,8,16.5,0.0
45,1,0,122,84,10853,3,49.4,0.0
22,1,0,111,74,13412,0,31.4,0.0
21,1,0,125,47,11884,0,26.2,0.0
74,1,0,148,94,8405,3,67.3,0.0
37,1,0,144,101,5928,0,46.4,0.0
8,1,0,98,44,11708,0,46.0,3.8
15,1,0,120,64,12083,1,52.3,0.0
74,1,0,134,68,5087,3,54.0,3.9
40,1,0,151,102,4047,0,46.3,0.0
42,1,0,119,71,10885,0,64.4,0.0
64,2,0,138,86,8656,1,47.1,0.0
29,2,0,98,57,12275,0,38.2,0.0
27,1,0,96,53,6195,0,38.6,0.0
8,2,0,110,65,13641,0,41.4,0.0
14,2,0,93,43,19444,0,31.1,0.0
80,2,0,193,68,6690,6,36.9,0.0
50,2,0,148,94,13082,0,53.2,4.2
22,2,0,107,74,12576,0,12.4,1.3
53,1,0,129,77,17707,0,61.5,1.0
27,1,0,140,63,17658,0,31.8,0.0
17,1,0,132,86,2061,0,51.7,1.0
13,1,0,103,71,1814,2,44.9,0.0
32,1,0,117,70,10689,0,54.8,0.0
11,2,0,87,38,13061,2,45.8,0.0
41,2,0,112,64,11458,1,67.0,0.0
46,1,0,113,80,11657,0,53.8,0.0
31,1,0,128,84,9779,0,48.6,1.0
69,1,0,145,98,9691,4,38.1,3.9
15,1,0,107,72,9505,0,37.1,0.0
28,2,0,96,61,12306,0,63.0,0.0
46,2,0,113,62,9776,0,50.2,1.6
60,2,0,129,69,12835,0,50.8,4.8
44,1,0,121,62,16813,0,47.4,0.0
73,2,0,179,60,6424,6,61.4,0.0
49,1,0,112,72,6815,1,38.1,0.0
36,1,0,113,82,11483,0,21.9,0.0
38,1,0,112,74,8953,0,45.8,0.0
22,2,0,100,70,12487,0,14.7,0.0
39,1,0,100,68,12103,0,36.4,0.0
12,1,0,109,39,13610,1,19.5,0.0
60,1,1,150,75,8322,14,5.0,4.3
35,2,0,115,64,13969,4,41.2,2.4
42,1,0,119,65,16291,1,38.0,0.0
80,2,0,136,65,5395,3,58.2,0.0
65,1,0,152,91,7759,3,40.9,1.0
11,2,0,113,70,11091,2,20.7,1.4
13,1,0,101,53,11261,0,55.4,0.0
62,1,0,114,64,11493,1,69.3,0.0
19,2,0,110,68,11346,1,20.3,0.0
74,2,1,138,102,10514,8,22.8,3.0
35,1,0,124,81,13197,0,46.8,0.0
11,1,0,117,42,421,0,20.5,0.0
56,2,0,108,66,11334,0,57.3,0.0
49,1,0,135,88,11897,0,68.4,0.0
59,1,0,112,76,16243,1,52.3,0.0
61,1,0,154,94,4129,9,5.0,0.0
36,2,0,107,70,9904,2,57.4,0.0
25,1,0,103,67,11620,0,46.6,0.0
16,2,0,111,64,8189,0,22.0,5.8
47,1,0,119,76,10308,4,54.1,0.0
24,2,0,128,63,14478,2,27.7,0.0
61,1,0,128,80,13642,1,50.3,1.5
8,2,0,96,53,18898,0,36.4,1.0
52,1,0,131,93,9066,0,38.7,0.0
80,1,0,150,44,5221,3,70.3,0.0
42,2,0,106,81,7286,1,61.7,3.9
37,2,0,115,74,9248,2,67.8,0.0
47,2,0,116,70,9298,3,54.0,0.0
20,2,0,118,69,11455,1,41.8,0.0
58,2,0,121,73,11809,2,50.9,0.0
28,1,0,122,87,6627,1,48.5,2.9
63,1,0,159,83,9372,0,91.8,6.4
77,1,1,125,65,5906,8,10.4,4.6
12,2,0,115,51,12615,0,45.3,0.0
32,1,0,121,79,13637,0,49.6,0.0
60,1,1,125,69,13254,2,48.6,7.5
8,1,0,91,46,17910,0,42.3,0.0
58,2,1,103,62,10107,2,51.2,2.7
76,2,1,102,55,9264,0,68.5,4.5
62,1,1,154,76,10410,3,38.2,3.5
8,2,0,96,47,15621,0,40.6,0.0
19,2,0,100,70,7681,0,50.0,0.0
74,1,0,139,64,9730,2,50.2,4.7
47,2,0,156,99,13758,2,58.2,0.0
75,1,0,133,65,9739,5,49.0,1.6
52,2,0,145,90,4064,0,49.6,0.0
63,1,0,81,54,7665,2,69.7,0.0
58,1,0,143,80,9635,0,60.5,0.0
41,2,0,132,71,3710,8,5.0,0.0
49,1,0,128,79,13245,0,63.6,0.0
9,1,0,117,42,16862,1,12.0,5.5
21,1,0,132,62,13925,0,40.2,2.6
15,2,0,110,65,3779,0,22.6,0.0
35,2,0,117,84,15776,2,45.9,0.0
50,2,0,120,78,12225,0,52.5,0.0
46,1,1,130,80,1301,7,15.6,4.0
44,1,0,102,75,8609,2,42.1,0.0
52,2,1,150,76,16742,2,69.1,1.4
24,2,0,106,71,11804,0,47.9,0.0
49,2,0,140,74,7240,2,39.7,0.0
34,1,0,106,62,6715,0,40.3,0.0
63,1,0,128,77,10341,4,48.5,0.0
32,2,0,101,70,17460,0,56.0,0.0
80,1,0,157,56,4138,1,92.1,0.0
50,1,0,125,86,12167,2,48.9,0.0
40,2,0,118,74,7284,0,43.4,0.0
62,2,0,115,73,7539,5,48.6,1.9
41,2,0,100,63,13206,0,46.9,0.0
61,1,0,117,80,8441,5,47.5,0.0
8,2,0,88,60,15120,0,48.3,0.0
34,1,0,127,75,12921,0,29.9,0.0
52,2,0,108,77,13219,0,66.4,0.0
47,2,0,117,74,8646,3,47.2,0.0
16,1,0,107,65,16742,0,37.7,0.0
21,1,0,107,67,13601,0,22.3,0.0
44,2,0,115,74,13889,1,49.4,0.0
71,1,0,122,69,14312,2,86.1,4.2
65,1,1,136,54,7575,14,15.0,0.0
51,1,0,123,88,11814,1,61.5,0.0
32,2,0,105,54,13221,7,15.4,0.0
34,2,0,112,70,13913,4,21.4,0.0
32,2,0,112,61,12430,1,62.6,3.1
53,1,1,149,84,8821,2,36.0,3.9
42,1,0,140,81,14788,0,46.1,0.0
23,2,0,116,65,12895,1,31.7,5.7
49,2,0,120,86,13103,0,47.6,0.0
55,1,0,156,77,8893,0,56.3,0.0
45,1,0,130,87,15913,3,73.0,0.0
45,1,0,112,72,10243,0,71.8,4.8
9,2,0,96,53,15499,0,38.9,0.0
17,2,0,115,69,12210,1,54.2,0.0
8,1,0,87,33,10264,1,23.7,5.6
44,1,0,132,84,7274,1,45.2,0.0
42,2,0,123,83,11052,1,45.5,0.0
66,2,1,127,80,9860,9,9.3,5.0
62,2,0,127,66,11919,0,82.1,0.0
52,1,0,99,64,5201,3,47.8,1.0
45,1,0,98,59,8921,1,63.9,0.0
48,1,0,118,69,20308,0,69.9,0.0
17,1,0,123,71,1037,0,49.2,0.0
80,2,0,144,59,4534,2,58.6,4.5
58,2,0,101,69,6108,3,73.8,1.8
37,1,0,111,74,9820,2,49.6,0.0
39,2,0,109,64,14486,0,64.6,0.0
27,2,0,124,78,1947,2,18.0,0.0
9,2,0,101,52,17032,0,32.4,0.0
38,2,0,127,79,13398,2,33.8,0.0
51,2,0,102,66,8501,8,5.0,0.0
60,1,1,136,71,6257,5,14.1,1.0
10,2,0,105,47,16314,0,33.7,4.3
12,2,0,114,73,9089,0,40.3,0.0
21,2,0,118,67,12080,1,52.6,0.0
69,1,0,174,84,10678,4,67.7,4.9
49,2,0,107,72,13617,0,67.5,0.0
65,2,0,145,59,11852,1,79.5,2.4
80,2,0,157,72,6481,2,84.9,2.3
40,2,0,100,59,10253,0,26.3,0.0
8,1,0,102,64,9704,4,44.3,0.0
11,1,0,114,37,14101,0,56.9,3.9
29,1,0,117,80,10224,1,33.1,0.0
42,1,1,116,76,12606,2,85.4,5.5
21,2,0,124,76,15291,0,48.6,0.0
55,1,0,112,79,9250,4,40.7,0.0
49,1,0,134,45,12191,3,44.0,2.4
80,2,1,166,57,7202,5,33.2,6.4
18,2,0,118,70,5814,0,38.7,0.0
34,2,0,101,68,10144,0,50.5,0.0
17,1,0,107,73,16098,0,42.7,0.0
80,1,0,139,56,617,3,49.7,0.0
75,2,0,105,57,9336,1,80.7,0.0
47,2,0,128,74,12102,1,56.4,0.0
70,1,0,114,65,7502,3,70.5,0.0
22,2,0,108,66,10333,0,49.3,3.2
17,1,0,123,48,6416,0,64.0,1.0
12,1,0,118,68,11483,0,19.8,0.0
14,1,0,116,72,15231,0,41.4,3.6
43,2,0,106,73,10448,0,59.8,0.0
20,2,0,104,69,11240,1,21.5,0.0
80,2,1,142,80,7250,6,24.8,3.5
22,2,0,96,60,13276,0,42.1,0.0
9,2,0,103,53,15886,1,43.1,0.0
30,2,0,98,69,11827,1,49.6,0.0
57,1,0,119,86,9010,0,43.4,0.0
63,2,0,128,66,14405,3,61.5,0.0
80,1,0,159,51,10195,1,61.3,6.8
18,2,0,130,76,10539,0,58.7,0.0
16,1,0,108,62,5686,0,51.4,0.0
46,1,0,110,63,5442,3,67.1,3.8
12,2,0,108,62,13403,0,27.3,1.0
46,2,0,104,70,11990,2,39.7,0.0
61,2,0,120,75,9009,6,32.0,5.9
65,1,1,146,62,8937,2,45.8,1.6
55,2,0,153,83,12826,2,58.4,0.0
52,2,0,135,79,8842,3,30.5,0.0
71,2,0,153,64,11479,13,23.9,0.0
47,2,0,105,66,11820,0,60.6,0.0
21,1,0,113,42,4689,0,36.2,0.0
38,1,0,115,68,10974,1,50.4,0.0
8,1,0,86,50,15751,2,23.9,0.0
62,2,1,143,75,5394,13,21.6,0.0
23,2,0,106,60,12127,1,40.2,2.7
47,2,0,116,86,10090,10,13.4,0.0
16,1,0,124,49,7303,0,48.4,0.0
38,2,0,107,77,13629,0,32.4,1.4
63,2,0,120,63,17778,4,31.8,0.0
46,1,0,145,86,11306,2,75.0,0.0
58,1,0,151,90,10197,0,74.2,0.0
18,2,0,118,60,14302,0,48.5,0.0
13,2,0,101,56,11155,0,37.4,0.0
10,2,0,121,65,14448,0,41.5,0.0
34,1,0,124,86,10203,3,46.7,0.0
44,1,0,153,101,14670,2,61.5,0.0
26,2,0,118,82,11980,2,52.8,0.0
23,2,0,112,49,7598,0,27.4,3.3
14,1,0,106,43,11589,0,41.7,0.0
51,1,0,106,77,1142,0,70.9,5.8
11,1,0,119,42,13697,0,42.7,2.6
58,1,1,141,78,11376,5,28.1,1.0
20,2,0,112,62,14508,1,56.7,0.0
62,2,0,108,59,8806,3,52.0,0.0
80,1,0,125,69,9808,0,71.4,0.0
43,1,0,112,71,4676,2,45.0,2.6
66,2,1,159,90,9110,8,5.0,0.0
25,1,0,109,59,10753,0,33.1,0.0
17,1,0,121,62,12996,0,54.4,0.0
66,1,0,139,64,8349,3,62.7,1.6
65,1,0,123,70,11335,4,39.5,5.1
9,2,0,104,60,18438,0,34.0,0.0
21,1,0,113,61,8600,1,44.3,0.0
8,1,0,91,57,23029,2,34.8,0.0
43,1,0,154,101,17602,0,57.6,0.0
15,2,0,110,46,10528,0,37.8,0.0
31,1,0,110,51,17283,0,28.8,0.0
10,1,0,106,43,13725,0,38.2,1.3
21,1,0,120,75,17087,0,32.3,3.8
14,1,0,107,37,13116,0,35.3,1.3
19,2,0,123,86,13811,1,35.6,0.0
22,1,0,121,80,10830,0,56.7,3.5
75,2,1,135,77,5521,4,48.2,1.0
24,2,0,100,57,4630,0,43.2,0.0
39,1,0,106,73,15371,0,54.6,0.0
45,2,0,97,56,7827,4,57.5,1.0
60,2,0,149,72,13800,3,65.8,7.1
36,1,0,100,63,13142,0,70.6,0.0
16,2,0,105,65,11916,0,28.5,1.6
16,2,0,101,61,10665,0,22.0,0.0
51,2,1,120,77,10834,1,50.7,3.9
18,2,0,108,44,9692,2,39.6,0.0
80,2,0,130,65,11692,6,30.0,0.0
9,1,0,109,54,15521,4,30.6,1.6
11,2,0,106,32,18087,0,55.6,1.0
8,2,0,100,31,1087,0,71.8,0.0
11,1,0,107,78,17876,0,32.6,0.0
28,1,0,127,69,9166,0,22.7,0.0
21,1,0,135,73,10520,0,48.5,0.0
8,2,0,95,44,13151,0,16.9,1.7
52,2,0,108,62,8232,13,5.0,3.1
80,1,0,118,76,7932,4,27.6,0.0
10,2,0,98,64,19116,0,20.6,0.0
55,1,0,116,79,13678,1,44.6,0.0
56,1,0,123,81,8346,0,74.4,0.0
77,2,1,131,56,12118,5,43.4,5.4
9,2,0,116,51,15780,0,51.1,5.1
56,2,0,129,84,19142,3,41.3,0.0
25,1,0,123,57,8899,0,26.2,0.0
53,2,1,116,80,10054,5,27.2,6.4
22,2,0,121,67,9964,0,49.5,0.0
26,1,0,100,64,16250,0,30.6,2.2
54,1,0,105,69,10261,0,59.4,0.0
28,1,0,116,76,6007,0,52.2,0.0
62,2,1,130,80,4125,5,28.7,5.8
68,1,0,133,73,9076,0,54.0,0.0
41,2,0,102,72,11539,4,35.4,0.0
33,1,0,119,83,10439,0,48.7,0.0
15,2,0,94,61,14933,0,15.4,0.0
31,2,0,103,44,18765,0,61.2,0.0
18,2,0,112,78,14271,1,47.2,0.0
27,1,0,123,77,14492,0,42.8,0.0
32,2,0,123,79,10286,0,45.1,3.1
63,1,0,120,76,10888,4,34.8,0.0
37,1,0,111,72,12675,0,36.0,0.0
26,2,0,110,76,16638,1,31.3,0.0
36,2,0,103,67,9563,0,42.5,1.3
16,1,0,107,46,11305,0,32.6,0.0
19,1,0,116,64,8130,0,46.0,0.0
18,2,1,131,83,12858,2,26.7,0.0
18,1,0,117,63,12706,1,43.8,2.7
45,1,0,119,82,12949,0,41.0,4.0
69,1,0,137,71,7235,2,85.1,0.0
68,2,0,141,69,15360,1,56.7,3.4
76,2,1,157,59,3079,9,22.3,4.2
44,1,0,118,75,5648,0,54.5,4.5
14,1,0,122,62,8021,0,43.7,0.0
19,1,0,116,60,4208,1,35.2,0.0
11,1,0,99,52,11378,0,42.1,0.0
40,1,0,126,74,8152,0,27.1,4.5
8,1,0,116,50,14167,0,41.9,0.0
12,1,0,96,75,11393,1,38.4,0.0
73,2,0,129,42,8403,7,37.5,2.0
11,1,0,120,49,13568,0,47.7,0.0
44,2,0,94,68,18289,4,50.2,1.0
10,1,0,102,58,14342,0,67.3,0.0
15,2,0,103,44,16399,1,30.3,0.0
16,2,0,120,71,9568,0,26.7,0.0
40,2,0,114,72,10917,0,42.0,0.0
17,2,0,105,39,13333,1,48.1,0.0
17,2,0,106,79,10152,1,46.5,0.0
14,2,0,97,42,10102,0,39.2,5.6
34,2,0,108,53,9378,0,48.8,6.3
45,1,0,115,65,7408,0,40.6,0.0
66,2,0,173,75,8189,1,64.3,0.0
63,2,0,117,76,11690,3,67.6,2.7
80,2,0,111,44,11645,4,69.8,5.8
19,1,0,126,64,9126,0,31.8,6.7
68,2,0,141,52,11920,2,83.5,0.0
80,1,0,130,75,6089,4,56.6,0.0
33,1,0,123,85,8090,0,50.4,3.4
23,2,0,118,59,8962,0,59.8,0.0
19,1,0,115,57,16116,0,37.2,1.3
45,2,0,107,68,12607,2,44.4,0.0
51,2,0,129,79,10502,2,34.6,0.0
9,1,0,104,66,23483,1,33.0,3.5
39,2,0,120,74,12265,1,48.8,0.0
9,1,0,96,53,16984,0,31.2,0.0
60,2,1,174,83,15072,4,37.9,5.8
67,1,0,117,75,9109,3,62.4,0.0
62,2,0,119,74,12570,3,34.7,0.0
22,2,0,107,65,8525,0,42.4,0.0
29,1,0,110,69,14748,0,51.1,0.0
24,1,0,108,60,12480,0,53.3,0.0
65,1,1,144,55,10384,8,5.0,0.0
33,2,0,115,77,7543,0,42.1,0.0
70,1,0,121,67,5712,9,9.5,2.2
10,2,0,106,39,22953,2,19.5,0.0
65,1,0,131,70,9890,1,65.9,0.0
27,2,0,109,78,15708,1,32.1,0.0
50,2,0,101,72,9071,1,69.7,0.0
63,1,1,106,70,8475,13,10.9,0.0
13,2,0,97,56,8110,0,62.4,0.0
17,2,0,94,68,10733,0,8.1,0.0
24,2,0,108,58,15510,0,23.7,0.0
16,2,0,93,68,1826,0,24.2,0.0
61,2,0,142,84,9981,11,5.0,3.0
69,2,0,118,58,5987,8,5.0,0.0
45,2,0,140,87,12635,0,44.6,2.6
33,2,0,109,73,10221,1,42.7,0.0
31,1,0,144,104,12833,6,19.4,0.0
36,1,0,94,64,10310,0,45.3,4.2
23,1,0,120,67,4547,0,51.2,0.0
21,1,0,134,77,2933,0,30.1,4.7
80,2,0,143,61,6286,4,47.4,0.0
16,2,0,111,55,12775,0,42.1,5.2
27,2,0,139,91,10798,0,25.0,0.0
71,2,0,131,76,5225,2,60.5,0.0
58,1,0,158,95,11270,0,50.0,0.0
11,2,0,106,59,15973,0,65.0,0.0
15,2,0,105,65,4338,0,39.7,0.0
15,2,0,111,46,6499,1,45.4,0.0
38,1,0,85,61,9279,0,39.9,0.0
43,1,0,126,84,11579,1,52.9,0.0
45,2,0,132,90,10549,3,58.3,0.0
22,2,0,99,53,12571,0,60.1,0.0
17,1,0,99,59,10244,0,46.5,0.0
8,1,0,96,42,17608,0,40.0,0.0
40,1,0,122,65,6762,5,11.0,0.0
80,2,1,104,47,6169,9,24.6,0.0
19,2,0,117,75,13537,0,31.5,2.1
8,1,0,98,58,17464,0,27.7,0.0
21,2,0,122,70,10858,0,32.7,1.0
10,2,0,104,62,18964,0,39.7,2.1
22,2,0,105,53,11306,0,34.9,0.0
80,1,0,99,53,7562,3,56.2,4.4
41,2,0,114,77,15028,1,89.4,0.0
52,2,0,112,69,9924,5,33.5,0.0
72,1,0,126,71,9003,4,72.2,0.0
36,2,0,135,105,12977,4,32.8,0.0
14,1,0,113,57,19620,0,22.7,0.0
64,1,1,159,81,8557,7,13.5,6.4
38,1,0,116,67,11352,0,74.3,0.0
35,2,0,106,50,11354,0,40.3,0.0
47,1,0,137,96,14186,1,50.3,0.0
12,1,0,128,63,17836,2,22.9,0.0
46,1,0,93,66,14117,0,75.3,0.0
19,1,0,120,50,16249,2,23.8,0.0
9,2,0,91,49,14917,0,37.7,2.3
32,1,0,133,79,15451,0,60.1,3.1
40,1,0,165,108,10400,6,14.0,0.0
16,2,0,99,65,7278,0,38.1,0.0
51,1,0,133,77,10618,3,51.8,0.0
26,2,0,98,63,11828,3,19.4,0.0
24,1,0,119,66,12037,0,29.1,0.0
43,1,0,112,75,12233,0,44.5,0.0
14,2,0,108,62,13721,2,24.7,0.0
23,1,0,105,56,12563,0,46.8,0.0
35,2,0,100,65,13592,0,43.0,3.0
64,2,1,156,67,7989,1,59.6,5.3
9,1,0,104,59,15629,0,20.5,0.0
62,1,0,137,73,10745,0,29.8,0.0
63,2,0,105,63,9867,5,47.0,3.9
18,1,0,113,75,9893,0,29.7,0.0
9,1,0,115,52,11722,0,32.9,0.0
13,2,0,93,45,5048,0,53.7,0.0
70,1,0,125,67,10997,3,42.4,1.6
71,1,1,116,81,9267,5,31.7,2.2
20,2,0,88,53,12561,0,37.2,4.6
20,1,0,123,55,10222,0,32.5,2.3
16,2,0,121,64,8370,4,30.5,0.0
48,1,0,122,76,15157,8,5.0,1.0
32,2,0,103,62,9969,0,56.0,8.1
41,1,0,128,71,15656,0,21.8,0.0
68,1,0,141,69,9986,3,55.1,0.0
59,1,0,122,62,12985,0,72.3,0.0
23,2,0,115,62,13435,0,60.8,0.0
23,1,0,114,66,7027,0,43.6,0.0
50,2,0,105,67,13711,0,50.4,0.0
46,1,0,124,83,6161,1,61.5,0.0
29,2,0,112,50,9179,0,61.6,0.0
35,1,0,128,63,10107,0,62.7,0.0
29,1,0,136,87,11068,0,63.3,3.1
54,1,0,134,83,12589,0,55.9,0.0
9,2,0,124,60,17416,0,33.5,0.0
28,2,0,111,64,14769,1,48.2,0.0
13,1,0,119,44,13333,0,36.1,0.0
80,1,0,153,88,3860,3,95.0,1.3
40,1,0,140,98,13444,0,56.0,0.0
43,2,0,112,88,15639,0,34.5,3.0
74,2,0,117,65,13908,0,47.1,0.0
44,2,0,127,88,10515,0,43.8,3.0
11,1,0,99,50,17804,0,26.0,0.0
29,2,0,96,64,15685,0,28.3,4.1
13,1,0,119,68,16672,1,49.6,0.0
31,1,0,134,70,17108,0,40.6,0.0
33,2,0,141,84,9781,1,47.5,4.0
41,2,0,141,94,510,4,43.3,3.3
38,2,0,102,68,12624,0,48.1,3.5
17,1,0,115,55,10562,1,16.7,3.9
58,1,0,110,79,8241,2,57.9,0.0
32,1,0,141,89,10145,0,49.9,0.0
40,1,1,140,75,6077,2,27.8,4.2
11,1,0,94,46,20187,0,41.3,0.0
42,2,0,118,74,15835,0,39.0,2.7
43,1,1,137,71,6203,5,33.3,0.0
61,2,1,120,67,9542,4,23.6,0.0
33,1,0,139,78,11682,0,57.4,0.0
70,1,0,134,75,8567,0,71.2,0.0
11,1,0,116,51,10740,2,12.6,0.0
8,1,0,105,58,15866,0,19.6,0.0
55,2,1,141,70,11835,10,5.0,3.3
20,1,0,101,60,11390,0,29.0,0.0
52,1,1,158,99,11922,3,28.3,1.6
33,1,0,110,72,14201,0,47.0,0.0
28,1,0,121,77,12159,0,34.7,1.0
80,1,0,128,56,9101,4,58.0,9.2
25,2,0,129,77,16351,0,45.9,0.0
60,1,0,147,68,9470,0,64.4,0.0
19,1,0,108,73,10917,0,34.9,0.0
26,2,0,107,47,5648,1,31.7,0.0
46,1,1,119,78,10943,5,17.1,0.0
80,1,1,129,61,8150,10,6.7,0.0
14,1,0,99,54,11988,0,58.1,0.0
80,2,0,137,62,9862,1,62.5,0.0
35,1,0,112,64,5297,0,53.5,0.0
70,2,1,134,65,11372,7,5.7,4.3
63,1,0,149,95,2723,0,54.6,0.0
69,2,1,113,72,11448,2,38.7,6.0
67,1,1,124,68,6863,1,68.3,2.7
41,1,0,136,82,15218,0,67.8,0.0
31,1,0,108,76,13415,0,46.8,0.0
30,1,0,98,63,9278,0,18.4,0.0
75,2,1,142,64,11426,10,5.0,3.1
29,2,0,104,54,4999,0,48.6,0.0
75,2,0,147,72,8903,6,28.2,1.1
40,1,0,102,66,4564,1,52.2,0.0
74,1,0,155,81,9145,8,10.5,0.0
16,2,0,123,61,12333,0,52.8,0.0
78,2,0,166,72,7652,2,75.7,0.0
8,1,0,95,48,21007,0,20.2,0.0
69,1,0,138,99,16115,1,58.6,0.0
74,2,0,121,68,9257,4,67.1,0.0
69,2,0,162,46,13961,5,46.6,0.0
13,1,0,116,61,19154,0,40.9,0.0
79,2,0,167,69,8184,5,37.7,0.0
43,2,0,100,53,11829,6,8.1,0.0
13,2,0,100,57,9743,0,48.2,0.0
45,2,1,95,53,7749,1,57.6,5.3
47,1,1,125,69,8364,6,34.5,0.0
14,1,0,114,58,12155,0,40.5,0.0
66,2,0,122,74,10899,4,60.7,0.0
54,2,1,141,74,11607,0,42.5,2.5
14,1,0,110,54,4699,0,59.9,0.0
30,2,0,109,78,15031,0,58.6,1.0
13,2,0,109,58,17678,0,41.8,0.0
48,1,0,100,69,10691,0,52.3,0.0
31,1,0,115,63,13551,0,31.0,3.1
17,1,0,130,68,8578,0,27.5,0.0
19,2,0,103,59,7373,0,55.0,0.0
15,2,0,109,55,11918,0,34.4,0.0
37,2,0,130,73,13612,0,60.9,1.0
65,2,0,114,68,12508,7,15.8,0.0
40,1,0,118,69,8690,1,14.7,0.0
8,1,0,96,63,15721,0,46.0,0.0
30,2,0,120,70,8630,0,31.2,0.0
13,2,0,104,53,13944,0,52.6,0.0
32,1,0,122,68,13227,0,37.5,0.0
56,1,0,118,65,14650,4,54.2,0.0
74,1,0,131,79,8140,0,79.0,0.0
16,1,0,119,64,9444,0,52.4,1.3
43,2,0,126,82,3871,3,52.2,0.0
23,1,0,120,46,9895,0,47.3,0.0
48,1,0,108,75,10934,1,75.0,0.0
34,1,0,120,80,5191,0,58.5,0.0
69,2,0,141,81,12386,3,39.5,1.7
44,1,0,123,81,16772,0,62.2,0.0
45,1,0,116,41,16405,0,61.3,0.0
44,1,0,112,70,6265,10,12.2,0.0
21,2,0,106,62,6497,4,10.2,0.0
28,1,0,132,74,11133,0,45.0,0.0
69,2,0,138,75,11518,3,67.1,0.0
59,2,0,159,77,6681,1,43.5,1.0
20,2,0,97,80,10576,2,50.7,2.3
8,1,0,107,55,14666,3,25.0,0.0
14,2,0,121,68,11802,2,52.8,3.6
75,2,1,120,48,7634,3,65.4,5.1
80,1,0,195,68,9007,4,63.4,2.0
41,1,0,121,80,10685,0,43.0,0.0
62,2,0,127,86,18342,2,39.2,2.8
49,2,0,116,88,5729,4,51.2,0.0
41,1,0,146,79,5510,0,54.2,0.0
12,2,0,100,57,12043,0,53.4,1.0
80,2,0,220,83,10410,3,62.0,0.0
24,1,0,114,56,12909,0,43.6,0.0
15,1,0,123,54,12428,1,40.9,0.0
80,2,0,140,42,1258,12,23.0,0.0
17,2,0,103,63,14454,2,58.6,1.0
22,2,0,95,63,11884,0,27.5,6.3
68,2,0,182,82,10740,3,62.6,4.1
77,1,0,155,87,6473,2,55.2,0.0
11,2,0,105,51,13364,0,44.9,0.0
8,1,0,86,50,16029,1,40.4,1.6
67,2,0,126,74,13580,4,66.4,0.0
59,1,0,111,60,13233,0,57.4,0.0
60,1,0,117,69,10660,0,66.5,0.0
36,1,0,117,62,8580,3,46.2,0.0
9,2,0,103,64,16351,0,16.3,0.0
39,1,0,112,67,7548,0,64.2,0.0
33,2,0,113,71,13937,1,51.2,2.4
55,1,0,136,70,15041,1,70.1,0.0
55,1,1,107,63,5444,14,14.9,0.0
53,1,0,136,75,12312,5,33.6,0.0
33,1,0,140,85,15053,0,54.6,0.0
67,1,0,135,48,12003,1,66.9,0.0
35,2,0,105,61,7147,1,12.4,0.0
76,1,0,131,70,8496,2,56.1,2.7
49,1,0,106,77,14737,2,48.1,0.0
40,2,0,118,70,9660,3,43.2,2.3
17,2,0,123,62,3293,0,58.7,3.4
9,1,0,86,50,14582,1,31.7,0.0
11,2,0,95,57,8605,0,43.4,0.0
14,2,0,104,63,11703,2,30.2,0.0
30,1,0,132,58,12347,0,51.9,4.0
31,2,0,105,58,1034,0,60.3,0.0
18,1,0,100,67,7605,0,65.0,0.0
30,2,0,100,44,14489,2,41.0,0.0
19,2,0,101,59,8891,0,37.1,0.0
24,1,0,135,62,13875,0,44.6,0.0
63,2,0,141,71,9180,1,71.4,0.0
43,2,0,130,66,15704,0,48.6,0.0
60,2,1,138,83,12707,2,36.7,6.0
31,2,0,107,79,11300,0,51.0,5.1
74,1,0,134,64,9445,1,57.0,0.0
17,2,0,96,56,12689,0,33.0,0.0
13,1,0,106,50,8981,0,32.8,0.0
69,2,0,119,60,13711,1,66.6,0.0
47,2,0,121,68,14719,2,52.3,0.0
73,2,0,167,83,1328,1,59.6,3.2
10,2,0,98,60,17759,0,24.1,0.0
80,1,0,122,59,9039,12,14.2,1.0
65,2,0,117,74,10749,14,5.0,1.0
22,1,0,133,59,10549,0,42.3,0.0
13,1,0,108,61,13144,0,35.9,0.0
80,1,1,142,60,6249,11,5.0,5.5
12,1,0,124,48,12904,0,51.4,2.5
42,2,0,111,66,11232,1,69.6,0.0
9,2,0,98,65,14931,0,48.0,1.3
12,2,0,93,42,12015,0,60.7,0.0
9,1,0,106,45,16582,0,39.4,0.0
24,1,0,109,59,14219,0,34.7,0.0
19,2,0,114,76,11996,1,38.7,0.0
39,2,0,128,81,13716,2,55.2,0.0
16,2,0,107,56,15585,0,21.8,0.0
35,1,0,128,80,13575,0,31.7,0.0
16,1,0,107,43,14455,0,35.6,0.0
59,2,0,134,75,3410,5,41.1,0.0
44,1,0,113,69,12611,0,59.1,1.3
36,1,0,120,73,13075,0,31.7,0.0
69,1,0,107,59,10761,3,51.9,0.0
19,2,0,109,69,14056,3,45.1,0.0
60,1,0,139,67,9868,0,65.3,0.0
10,2,0,95,61,12775,0,45.6,0.0
70,2,1,135,71,9099,9,26.6,4.8
13,1,0,113,74,9139,0,41.9,1.0
25,2,1,93,55,13202,1,29.2,4.2
76,1,1,171,55,7817,7,5.6,4.8
49,2,0,123,71,9111,4,31.8,0.0
54,2,0,99,58,16366,3,48.1,0.0
53,2,0,167,115,9135,3,60.1,4.1
14,2,0,106,62,9872,0,30.1,0.0
30,1,0,113,68,2508,0,43.8,5.1
13,2,0,106,75,2630,0,15.7,1.0
41,2,0,142,68,11745,0,43.3,0.0
64,2,0,141,90,12906,0,62.4,0.0
29,2,0,121,76,17026,0,43.3,0.0
73,1,0,142,50,6762,8,18.3,0.0
44,1,0,112,71,10334,1,53.5,0.0
45,1,0,137,77,11160,0,46.7,3.5
18,2,0,103,36,15106,0,25.1,5.4
13,2,0,106,56,15203,0,37.5,0.0
80,1,1,133,59,6104,9,20.5,0.0
39,2,0,101,59,16203,0,46.0,1.4
35,2,0,101,69,8463,1,57.0,0.0
30,1,0,128,78,9099,0,39.0,0.0
80,1,0,159,71,11252,7,29.8,0.0
9,1,0,96,38,24005,0,16.1,3.0
65,2,0,124,62,17126,7,7.2,1.0
70,1,1,132,75,8626,4,51.6,6.0
21,2,0,101,55,10401,0,27.4,0.0
65,2,0,167,79,7105,5,50.9,0.0
54,1,0,137,77,6888,0,57.5,0.0
68,2,0,157,84,11759,2,87.6,0.0
70,2,0,137,79,10249,3,61.8,0.0
8,2,0,75,56,14424,0,9.0,0.0
63,1,1,150,76,9406,4,25.9,0.0
80,2,1,138,64,5050,2,64.1,1.0
21,1,0,118,62,7163,0,57.9,0.0
36,1,1,128,76,23599,8,20.1,0.0
33,1,0,149,108,8986,0,54.0,3.7
69,2,0,123,50,10548,5,54.3,0.0
80,1,0,145,90,10159,1,68.7,0.0
16,1,0,113,51,14823,1,27.4,0.0
24,2,0,112,72,13002,0,32.6,0.0
56,1,0,132,76,6289,0,53.4,0.0
30,1,0,132,73,13310,0,51.1,0.0
41,1,0,134,89,17747,0,37.9,0.0
15,1,0,118,59,16103,0,19.9,2.7
18,1,0,106,57,8662,0,26.9,0.0
14,2,0,96,62,9032,0,36.9,0.0
34,1,0,102,66,9080,0,25.7,0.0
8,1,0,103,36,8074,1,31.7,4.5
41,1,0,112,76,13710,5,36.3,0.0
15,2,0,88,60,15062,0,62.4,0.0
15,2,0,105,55,11630,0,41.7,0.0
22,2,0,114,71,1475,0,33.2,0.0
46,2,1,131,73,9880,4,21.4,3.0
80,1,0,113,66,7378,0,87.4,0.0
36,2,0,133,88,8905,3,39.1,1.0
44,1,0,126,80,11014,0,43.4,0.0
35,2,0,109,64,14927,0,71.0,0.0
22,1,0,127,81,7299,1,50.8,0.0
32,2,0,108,67,13653,0,53.7,0.0
23,2,0,114,55,15793,3,50.1,2.2
55,2,0,117,57,1183,0,73.8,0.0
35,1,0,114,78,10463,4,43.8,0.0
24,2,0,112,78,15835,0,34.4,0.0
37,1,0,116,83,12203,1,38.2,5.7
25,2,0,112,72,13127,1,48.4,1.0
40,1,0,112,75,4641,1,47.8,0.0
13,1,0,96,45,12500,0,31.5,0.0
60,2,0,137,80,12692,1,47.7,1.5
48,2,0,114,69,16920,0,66.7,0.0
58,2,0,126,83,11671,3,65.6,3.1
31,2,0,104,72,17118,0,37.7,0.0
21,1,0,95,62,13791,1,18.0,0.0
26,1,0,119,58,5350,0,31.6,1.0
32,1,0,120,66,8641,0,50.6,0.0
47,1,0,114,75,13411,0,52.4,2.7
60,2,0,123,72,7831,2,85.6,2.3
48,1,0,117,74,7478,0,46.5,0.0
22,2,0,132,70,13857,0,41.3,0.0
30,2,0,120,72,12337,0,30.2,3.9
38,2,0,103,60,9933,0,53.1,0.0
61,2,0,126,64,8272,6,59.6,0.0
42,2,1,105,71,5706,5,5.5,0.0
25,1,0,112,67,2995,1,35.6,0.0
28,1,0,128,68,13149,0,55.7,0.0
33,1,0,108,68,15948,2,20.7,0.0
64,1,1,140,74,8135,7,23.9,0.0
21,1,0,116,58,6939,0,46.8,0.0
80,2,0,143,66,8268,3,42.2,0.0
9,1,0,106,51,18187,0,26.4,0.0
80,2,0,141,61,9485,1,76.8,1.7
33,1,0,125,65,12250,1,55.0,1.1
19,1,0,114,70,15480,0,50.2,3.3
19,2,0,107,73,14178,0,39.9,0.0
14,2,0,105,54,7188,0,30.8,2.1
29,2,0,117,66,10970,1,55.3,1.0
29,2,0,106,67,201,3,36.8,0.0
53,1,0,127,85,10891,1,45.6,4.5
52,1,1,131,89,9197,6,33.2,0.0
67,2,0,142,68,14005,4,54.4,0.0
62,1,0,105,65,9149,5,41.4,2.3
51,2,0,124,65,16508,0,38.1,0.0
51,1,0,119,75,671,9,7.6,0.0
47,2,0,129,94,16825,8,12.9,0.0
17,2,0,87,61,9384,0,34.2,0.0
73,1,0,112,68,11263,4,63.4,0.0
13,1,0,103,51,19114,0,55.6,0.0
11,1,0,102,58,15453,1,34.4,0.0
68,2,0,131,70,11959,3,47.0,0.0
58,2,0,122,85,17380,0,42.2,0.0
60,2,0,114,48,11900,2,58.9,4.3
30,1,0,112,78,14513,0,43.3,0.0
50,2,0,99,64,13565,0,67.6,0.0
39,1,1,94,65,7448,2,37.0,0.0
66,2,1,122,46,8881,2,65.0,0.0
13,2,0,110,63,14859,0,38.2,2.7
60,2,0,119,78,13214,0,74.3,0.0
35,2,0,113,66,2975,0,33.8,0.0
24,2,0,116,60,10071,1,56.9,0.0
80,1,0,149,68,7656,2,62.0,0.0
80,2,0,112,64,4210,5,52.2,1.8
63,1,0,112,46,11946,0,49.8,0.0
14,1,0,102,57,12038,1,46.2,0.0
20,2,0,114,77,10325,0,34.9,4.3
33,1,0,114,72,17067,0,49.0,7.4
47,1,0,122,82,7458,0,59.9,0.0
39,1,0,121,82,11571,0,50.5,0.0
51,1,0,105,70,13879,0,63.5,0.0
29,1,0,124,76,11269,0,31.1,3.1
33,1,0,113,88,13821,0,31.7,0.0
11,2,0,120,49,15300,0,29.7,0.0
64,1,0,92,69,9169,0,84.6,0.0
11,1,0,103,32,9394,0,54.6,2.5
19,2,0,105,58,2909,0,50.7,1.8
9,1,0,100,65,16017,0,40.4,0.0
32,2,0,105,65,15014,0,34.3,4.7
30,2,0,111,67,13033,1,53.5,2.9
9,1,0,110,63,17904,0,15.8,2.3
43,2,0,134,77,16113,3,53.5,0.0
50,2,0,136,90,13119,3,52.7,0.0
10,1,0,110,72,11529,1,20.1,0.0
45,1,1,104,73,12693,1,36.4,3.7
43,2,0,124,79,6796,1,67.3,0.0
32,2,0,115,76,9918,1,53.0,0.0
51,2,0,115,92,6250,2,44.7,4.6
54,1,0,127,77,10917,7,19.2,0.0
11,2,0,115,41,14185,0,50.0,7.3
59,1,0,125,77,6221,1,81.1,0.0
30,2,0,108,65,53,2,41.8,5.4
39,2,0,105,73,8196,1,49.3,0.0
47,1,0,130,91,17884,0,62.4,0.0
45,1,0,140,79,195,0,58.5,2.2
36,1,0,125,83,16001,0,48.4,0.0
15,1,0,120,69,11104,6,17.7,0.0
8,1,0,85,52,12908,0,21.9,0.0
12,1,0,104,34,13721,0,24.0,0.0
58,2,0,144,98,13225,0,57.7,0.0
70,2,0,130,60,6462,4,60.0,3.4
80,1,1,133,64,4866,6,11.5,1.6
37,2,0,126,56,12435,5,32.2,0.0
29,1,1,127,60,11079,2,54.2,5.4
20,1,0,123,63,613,1,52.6,0.0
80,1,0,144,55,5365,6,33.2,4.8
72,2,0,114,57,9260,0,61.7,0.0
60,1,0,110,68,12057,3,51.6,0.0
64,2,0,123,70,13130,4,52.3,0.0
9,1,0,102,58,17244,0,29.8,3.2
63,2,0,126,86,14465,1,41.5,0.0
14,1,0,106,61,13118,0,33.4,1.0
36,1,0,111,68,12947,2,36.3,0.0
58,1,0,136,73,15121,2,50.9,3.0
52,1,0,120,75,10547,0,67.5,0.0
12,2,0,98,49,17591,0,27.8,0.0
64,2,1,127,60,2527,4,37.8,7.3
14,1,0,93,46,10639,0,27.6,0.0
60,2,0,138,83,9875,0,41.9,0.0
14,1,0,104,59,4794,0,19.4,1.2
56,2,0,95,67,7017,2,60.8,1.0
8,1,0,105,59,14336,0,49.1,0.0
71,2,1,189,56,9505,11,18.4,2.2
54,2,0,151,73,13987,3,72.1,0.0
12,2,0,87,62,10884,0,38.4,1.0
35,2,0,128,84,8104,1,48.7,0.0
13,1,0,117,56,13202,0,22.4,0.0
52,1,0,111,70,4771,3,45.8,0.0
13,1,0,96,44,15204,0,14.9,0.0
19,2,0,106,46,11266,0,56.6,0.0
50,1,0,110,76,9815,1,75.0,0.0
37,2,0,115,62,13333,0,50.4,2.4
67,1,0,129,74,9419,1,61.8,0.0
57,2,0,102,52,20616,0,50.2,0.0
70,2,1,154,64,10771,6,17.3,3.6
11,1,0,114,68,17380,0,43.0,4.4
50,1,0,103,71,13027,0,60.7,0.0
42,1,0,128,82,15779,0,39.0,0.0
48,2,0,128,77,8760,2,57.6,0.0
22,1,0,125,72,13314,0,35.6,3.0
13,1,0,101,52,19431,3,44.1,2.1
39,1,0,131,78,10938,3,52.7,0.0
15,2,0,103,65,7088,3,20.2,0.0
55,1,0,124,75,5682,0,51.9,0.0
16,2,0,116,56,11656,0,33.1,0.0
31,1,0,149,77,10578,2,40.0,0.0
27,1,0,113,87,10970,0,42.4,0.0
15,2,0,103,50,7778,1,45.4,0.0
61,2,0,128,70,11362,1,72.1,4.2
21,2,0,110,75,11597,0,38.6,0.0
13,1,0,107,60,6478,1,9.6,0.0
61,1,0,128,72,10208,1,58.3,0.0
67,2,0,130,79,7546,7,5.0,0.0
30,2,0,103,59,10272,1,62.5,0.0
67,1,1,125,71,7968,5,20.0,4.5
18,1,0,112,63,10189,1,32.9,4.2
59,1,1,144,87,79,3,66.9,0.0
52,2,0,163,98,7635,1,58.8,5.6
17,2,0,91,62,8998,0,19.9,0.0
40,1,0,122,76,10461,0,41.1,3.1
16,2,0,128,66,10640,0,41.6,0.0
73,1,0,120,73,5715,1,58.0,0.0
56,1,1,99,63,6338,6,19.0,4.6
71,2,0,98,63,11349,0,81.8,0.0
35,1,0,126,81,15156,1,43.6,0.0
11,1,0,97,41,19927,2,16.3,1.2
50,1,0,115,69,12163,5,30.3,0.0
40,2,0,104,78,9660,0,57.8,4.2
11,2,0,91,60,18601,0,60.7,0.0
23,1,0,122,66,12861,0,33.7,3.9
66,1,1,123,73,6612,6,63.1,0.0
39,1,0,125,52,14591,0,57.3,0.0
35,1,0,111,72,16019,2,35.8,3.1
50,2,0,113,67,13481,0,47.2,4.8
70,1,1,131,68,9270,3,53.7,9.6
13,1,0,131,72,9691,0,36.4,0.0
12,2,0,122,28,11470,0,27.6,0.0
25,1,0,99,57,12650,0,32.1,0.0
60,1,0,137,67,11208,1,45.7,0.0
37,1,0,112,82,7230,0,57.3,0.0
58,2,0,125,79,4025,2,60.2,0.0
31,1,0,118,79,8000,1,33.6,0.0
39,1,1,120,84,7116,1,58.0,7.1
18,2,0,106,69,9683,0,34.3,0.0
62,2,0,146,77,12313,0,68.5,0.0
30,2,0,102,36,3968,2,29.1,0.0
55,2,0,124,77,8074,1,75.8,0.0
46,2,0,114,79,17076,0,64.7,0.0
8,2,0,78,48,14547,0,44.5,0.0
10,2,0,102,44,11116,0,51.4,1.1
61,2,0,135,76,11087,0,58.7,3.9
13,1,0,124,69,12721,1,34.6,0.0
11,2,0,95,42,13898,0,25.2,0.0
58,2,1,112,60,7839,6,5.6,5.5
32,1,0,107,76,18167,0,56.1,0.0
24,1,0,124,72,9047,0,30.9,3.0
60,1,0,97,50,10920,2,58.4,0.0
72,2,0,109,62,11001,7,33.9,0.0
48,2,0,170,86,10102,0,55.8,2.3
13,2,0,102,67,10917,0,18.3,3.7
38,2,0,119,82,3673,2,39.0,0.0
16,1,0,106,69,9982,0,42.5,0.0
15,2,0,109,66,17330,0,49.5,1.5
34,2,0,98,77,13781,0,42.2,0.0
12,1,0,109,52,13452,0,39.7,0.0
41,1,0,93,63,9399,2,71.6,0.0
64,2,0,135,62,7983,3,60.5,0.0
59,2,0,122,77,11935,0,48.0,0.0
42,1,0,124,85,14679,1,42.5,0.0
15,1,0,125,69,8484,0,44.5,0.0
16,1,0,107,58,1565,0,51.5,0.0
42,1,0,118,72,11833,0,59.0,0.0
9,2,0,91,62,16883,0,32.1,7.4
18,2,0,103,48,7388,0,35.7,0.0
26,1,0,179,104,10029,0,57.0,0.0
49,2,0,128,85,13571,0,45.3,0.0
80,1,0,123,60,8508,1,49.0,4.3
26,2,0,106,72,5179,0,34.0,0.0
45,1,0,107,69,10324,1,53.5,0.0
25,2,0,115,61,11202,1,47.7,0.0
43,2,0,119,71,13053,0,52.4,1.8
52,2,0,121,77,12626,0,59.2,1.0
36,2,0,109,76,14004,0,54.6,0.0
79,2,0,152,87,10069,0,91.8,0.0
62,1,0,113,62,6445,1,60.4,0.0
10,2,0,93,60,12471,0,48.8,0.0
60,2,0,186,102,13021,1,53.0,0.0
24,1,0,129,48,8363,0,31.3,0.0
39,2,0,109,52,16502,0,43.3,0.0
31,2,0,104,79,2736,1,35.9,0.0
14,1,0,110,77,13423,1,37.2,0.0
80,1,0,118,67,4104,1,68.1,0.0
66,2,0,159,68,10327,1,68.4,5.7
64,1,0,118,77,14166,0,54.4,0.0
20,1,0,120,59,13479,0,62.2,0.0
12,1,0,99,52,15128,0,5.0,0.0
25,1,0,120,72,10491,5,28.9,6.0
29,2,0,95,53,15319,0,34.0,0.0
11,1,0,104,67,14045,1,38.5,0.0
14,2,0,106,62,1655,0,30.8,0.0
77,2,0,162,88,12890,12,20.2,0.0
47,1,0,116,73,2654,6,30.8,0.0
36,2,0,104,65,10544,0,56.0,0.0
24,1,0,117,59,11373,1,17.7,0.0
8,1,0,95,58,13141,3,25.5,0.0
49,2,0,105,63,9443,1,46.8,0.0
36,2,0,112,66,7682,0,51.8,1.0
10,1,0,101,52,10568,0,28.8,0.0
70,2,1,129,77,15180,5,5.8,3.4
80,1,0,130,80,2958,7,41.3,1.0
59,2,0,132,81,13548,0,60.4,3.2
17,1,0,103,51,9696,0,43.1,0.0
8,1,0,122,46,15156,0,32.6,0.0
52,1,0,123,74,12036,0,69.5,0.0
10,1,0,120,58,17409,0,43.3,3.1
24,1,0,114,73,11981,0,13.6,0.0
35,1,1,132,76,11722,1,23.9,4.9
80,2,0,154,75,5295,9,30.4,0.0
21,2,0,128,68,12454,0,22.5,0.0
17,1,0,110,68,12534,0,49.6,0.0
72,1,0,106,64,10452,2,67.3,1.0
13,1,0,97,58,8657,0,21.8,2.7
37,1,0,117,74,16439,0,35.3,0.0
11,2,0,104,59,15877,0,51.3,0.0
17,2,0,124,80,11146,1,44.6,0.0
19,2,0,116,54,12458,0,41.6,0.0
16,2,0,116,66,7898,1,33.4,0.0
9,1,0,99,57,21100,1,46.1,0.0
8,1,0,90,68,14044,0,39.1,0.0
44,1,0,113,74,11578,0,59.6,0.0
69,1,1,101,58,14040,1,47.9,0.0
38,2,0,145,83,14955,1,81.6,0.0
55,2,0,125,70,11847,2,47.2,0.0
42,1,1,85,57,14561,2,36.9,0.0
8,2,0,105,52,9704,0,31.3,0.0
14,1,0,86,26,12915,2,31.3,0.0
19,1,0,118,76,13899,0,42.4,0.0
15,2,0,117,70,14424,0,71.3,0.0
64,2,0,123,65,10901,0,58.6,0.0
39,1,0,116,77,3459,1,63.7,0.0
8,2,0,98,38,23112,1,32.5,4.7
41,1,0,101,69,9543,0,43.7,0.0
13,1,0,111,63,10458,0,37.2,1.6
29,1,0,113,73,10013,0,44.5,1.0
19,2,0,122,63,9665,0,49.1,0.0
19,2,0,120,81,9303,0,32.7,2.4
19,2,0,114,53,16107,0,46.1,3.5
78,1,1,118,51,5815,8,35.1,3.0
10,1,0,105,65,14699,0,37.2,0.0
11,2,0,102,64,8740,0,46.0,0.0
9,1,0,102,52,15932,0,40.1,0.0
32,1,0,135,64,13206,1,43.5,0.0
80,2,0,138,64,8433,4,76.7,0.0
80,1,1,111,51,10625,7,34.6,6.4
10,2,0,106,64,13911,0,29.2,0.0
15,1,0,114,69,11031,0,35.3,0.0
77,1,1,102,55,9607,10,5.0,2.2
53,1,0,133,83,13259,1,52.6,2.4
22,2,0,118,64,12757,0,38.0,0.0
62,1,1,104,41,7747,5,56.6,0.0
11,1,0,103,52,14447,0,34.5,0.0
74,1,0,160,90,1219,4,64.5,2.4
80,2,1,115,65,5709,11,6.6,4.6
24,2,0,113,77,8536,1,50.7,0.0
49,1,0,108,70,12492,2,49.5,4.0
9,1,0,109,47,9215,8,19.0,0.0
14,2,0,100,58,9723,1,43.5,0.0
68,1,0,164,75,10261,0,62.4,0.0
70,1,0,123,87,6535,1,52.6,0.0
40,1,0,110,68,3487,0,49.1,0.0
11,1,0,92,42,20464,0,42.1,0.0
72,1,0,103,57,8212,5,62.5,1.3
11,1,0,104,55,23005,3,17.2,0.0
9,1,0,93,38,13657,0,54.2,0.0
42,2,0,110,61,10059,0,70.0,0.0
25,2,0,106,59,8340,0,62.6,2.8
33,2,0,105,81,8281,1,33.2,0.0
14,1,0,107,79,13024,3,36.3,0.0
23,1,0,113,56,9744,0,46.2,0.0
10,2,0,102,68,13538,0,36.5,5.0
9,2,0,109,67,10527,2,23.4,0.0
68,1,0,132,77,11965,3,48.2,0.0
18,1,0,108,66,7535,0,43.5,0.0
35,1,0,126,93,11967,4,51.7,4.9
28,1,0,115,66,12381,1,43.3,0.0
18,1,0,124,62,2431,0,41.7,0.0
45,2,0,105,65,11473,0,48.3,0.0
80,1,1,159,58,7320,9,17.7,0.0
80,1,1,139,54,7373,6,35.2,3.1
44,1,0,98,70,12689,0,69.8,0.0
28,1,0,114,64,11226,0,40.7,5.5
13,1,0,122,50,13781,0,34.3,0.0
55,2,0,116,76,12536,5,33.9,3.1
22,2,0,102,60,102,0,43.1,0.0
52,1,0,141,68,11758,1,37.0,0.0
39,1,0,136,82,8365,1,50.5,0.0
14,1,0,122,54,11239,0,16.7,0.0
58,1,0,127,78,12840,6,34.1,1.0
38,2,0,101,48,13697,1,48.1,0.0
42,1,0,123,81,7470,0,52.3,0.0
15,2,0,104,46,2726,0,34.9,0.0
13,1,0,107,66,12303,0,42.4,5.4
26,2,0,110,69,6710,0,38.7,5.7
37,2,0,103,77,7339,1,47.9,0.0
48,1,1,136,86,8441,3,33.8,0.0
31,2,0,122,84,11800,0,36.9,0.0
24,1,0,116,79,11239,0,50.7,2.8
53,1,1,119,79,16070,6,16.7,0.0
54,1,1,154,94,8107,4,23.2,0.0
64,1,1,154,46,4503,10,15.8,4.4
22,1,0,115,74,11944,0,54.9,1.0
34,1,0,115,69,9588,1,57.1,0.0
54,2,0,97,72,12503,0,38.8,1.8
51,2,0,128,84,11317,1,46.4,0.0
51,1,0,117,78,10113,1,72.9,0.0
14,1,0,103,54,17267,0,32.3,4.2
49,1,0,153,76,12911,2,43.5,4.0
71,2,0,126,58,8995,4,61.6,1.0
25,2,0,107,70,4489,0,52.8,0.0
34,2,0,94,62,6322,0,58.6,0.0
61,1,0,156,82,5974,3,38.1,0.0
18,1,0,105,74,10621,2,22.1,0.0
80,2,0,130,60,9856,2,67.2,0.0
19,2,0,104,63,13424,0,51.9,7.3
14,2,0,121,77,11790,8,17.5,3.3
12,2,0,92,60,12054,0,17.8,1.0
22,2,0,100,70,11966,1,45.6,0.0
19,1,0,133,61,10400,0,33.2,1.2
41,1,0,132,80,8803,0,59.9,0.0
14,2,0,109,52,14543,0,30.3,0.0
80,2,0,208,60,7904,3,72.3,0.0
15,1,0,91,66,10457,0,35.6,0.0
31,1,0,110,70,9189,0,10.7,1.0
80,1,1,153,52,8314,6,13.0,0.0
60,1,0,127,42,7037,6,42.7,0.0
12,1,0,93,55,14138,1,41.6,3.5
24,1,0,122,80,9442,0,41.9,0.0
14,2,0,97,61,12405,0,49.3,0.0
24,1,0,112,71,15285,0,41.6,0.0
20,2,0,100,64,13647,1,33.8,0.0
36,2,0,123,69,9325,1,54.0,0.0
42,2,0,104,63,15152,0,64.4,0.0
80,2,0,156,57,9100,3,83.2,0.0
9,2,0,115,77,8755,1,22.0,0.0
24,2,0,114,42,4053,1,41.6,5.5
17,2,0,115,74,10571,2,44.6,0.0
51,2,0,136,49,13550,0,55.6,0.0
15,1,0,107,67,7450,0,50.8,0.0
8,1,0,89,52,15940,0,23.3,1.7
20,2,0,129,76,11757,0,35.6,3.1
14,1,0,115,43,13010,1,33.0,2.5
8,2,0,96,56,17202,0,24.7,2.7
62,2,1,141,67,11000,1,65.2,1.7
75,1,0,123,44,7371,10,5.0,0.0
42,2,0,100,70,11123,0,40.1,3.2
49,1,1,125,70,13741,5,13.9,0.0
44,1,0,112,78,10280,0,36.8,0.0
34,1,0,134,101,1294,0,56.1,2.8
55,2,1,115,69,12225,5,22.7,2.5
11,1,0,109,69,14136,0,40.5,0.0
12,2,0,112,63,16108,0,46.3,2.3
23,2,0,119,72,12348,1,38.1,0.0
10,1,0,92,46,14983,0,41.8,4.6
60,1,0,119,80,10635,2,62.8,0.0
80,1,0,131,51,7603,5,40.5,3.6
80,1,0,190,84,8638,4,82.8,0.0
44,2,0,111,65,15768,0,79.5,0.0
73,1,0,135,64,7852,0,78.8,3.8
69,1,0,144,80,12683,1,76.5,1.0
14,2,0,110,62,11945,0,44.7,0.0
10,1,0,92,68,11233,0,45.6,1.7
39,1,0,105,52,10142,0,14.6,2.0
33,2,0,102,76,9263,0,36.8,0.0
36,2,0,117,74,8932,0,52.6,0.0
53,1,0,120,73,12518,0,67.5,0.0
65,2,0,147,82,9771,2,68.7,4.4
53,1,1,111,70,12482,3,48.6,0.0
25,1,0,130,77,16753,0,58.1,0.0
79,1,0,127,76,9786,4,67.8,0.0
11,1,0,104,65,13952,0,54.4,0.0
55,1,0,122,77,11033,0,51.0,0.0
38,1,0,142,91,1988,1,43.4,0.0
61,1,1,119,78,7124,7,5.0,5.8
23,1,1,118,53,17466,1,20.7,4.4
71,1,0,144,82,11285,1,76.5,4.7
50,1,0,132,82,16241,0,52.6,0.0
37,2,0,101,66,13395,0,48.4,0.0
51,2,0,124,73,11835,6,14.7,0.0
59,2,0,114,61,13141,4,54.2,0.0
14,1,0,125,57,15472,0,46.5,1.0
24,2,0,120,77,10520,0,35.2,0.0
8,1,0,103,46,18549,0,37.6,0.0
53,2,0,151,83,8122,6,24.3,1.0
24,2,0,99,56,6773,0,22.6,0.0
9,2,0,95,50,12490,0,37.0,0.0
74,1,0,141,81,8616,4,66.6,0.0
75,1,0,151,80,6667,4,54.0,0.0
46,1,0,111,57,8647,8,5.0,7.3
40,2,1,121,76,3260,0,25.1,4.4
80,2,0,141,66,10197,3,62.8,4.2
10,1,0,107,44,11895,0,47.1,0.0
13,2,0,102,73,13457,0,38.0,0.0
62,2,1,134,54,6524,8,22.8,3.4
41,1,0,122,88,10335,0,62.3,0.0
37,2,0,101,68,15901,1,41.5,1.0
13,2,0,125,64,12853,3,5.0,0.0
24,1,0,120,70,6529,0,64.7,0.0
49,2,0,100,61,6238,7,5.0,2.4
49,2,0,98,49,9923,0,63.8,0.0
52,2,0,103,65,11168,1,48.2,0.0
57,2,0,105,70,9676,5,50.6,0.0
51,2,0,94,66,11055,0,68.5,0.0
65,2,0,111,75,8893,0,66.0,0.0
40,1,0,112,65,4988,0,55.6,6.9
50,2,1,126,87,9084,9,18.2,6.3
28,1,0,103,64,11600,0,46.1,0.0
51,2,0,127,80,12853,0,49.1,6.1
25,1,1,122,78,10219,4,25.9,4.2
41,1,0,123,74,14782,3,38.0,0.0
27,2,0,90,54,8238,0,66.0,0.0
19,1,0,132,38,17692,1,35.6,0.0
71,2,1,102,51,7946,8,5.0,3.3
9,2,0,82,42,16316,0,36.6,1.0
46,1,0,114,76,7306,2,65.3,0.0
80,2,1,167,83,10237,8,5.0,0.0
64,1,0,126,67,6184,1,78.9,0.0
46,2,1,111,61,9243,9,31.7,2.9
57,2,1,116,71,2105,8,5.0,0.0
40,1,1,146,96,8840,3,16.0,7.5
69,1,0,169,94,13927,0,70.4,0.0
16,1,0,139,55,10620,0,46.1,0.0
16,1,0,130,55,10801,0,6.4,0.0
76,1,0,120,69,7747,5,59.0,0.0
80,2,0,121,60,10979,5,32.4,4.0
25,1,0,128,86,19783,0,34.0,0.0
19,2,0,117,67,13663,0,64.3,1.7
13,1,0,112,68,9518,0,39.2,1.0
80,2,0,161,53,6741,1,66.7,0.0
25,1,0,150,91,13388,5,27.7,3.0
39,1,0,108,73,11464,0,54.4,0.0
79,1,0,104,64,7251,6,42.1,0.0
54,1,0,135,82,15067,1,53.0,0.0
54,2,0,120,72,11778,1,54.7,0.0
30,1,0,134,84,4487,0,21.9,1.1
14,2,0,106,41,17632,0,33.9,3.5
8,1,0,100,40,14771,0,36.7,0.0
49,1,0,123,69,13007,1,54.9,0.0
16,2,0,107,24,15265,0,27.7,0.0
10,1,0,89,36,13670,0,33.2,0.0
67,1,0,156,82,10963,3,63.7,2.7
38,2,0,162,90,10616,0,69.4,4.6
69,1,0,115,52,10611,5,26.9,0.0
8,1,0,92,60,14191,0,55.3,0.0
38,2,0,134,91,8401,8,5.0,0.0
63,2,0,149,79,11685,2,57.2,0.0
50,1,0,118,78,17335,0,51.1,0.0
13,1,0,104,49,16473,0,30.1,0.0
27,1,0,105,63,12152,0,39.2,0.0
11,1,0,119,48,12808,0,23.7,0.0
67,2,0,107,65,11164,3,73.0,0.0
23,2,1,114,71,9000,0,24.6,2.0
10,1,0,111,64,16142,0,20.1,1.0
39,2,0,116,64,12612,0,48.7,0.0
49,2,0,107,66,13252,1,63.8,2.0
77,2,1,126,70,8689,2,64.0,3.6
57,2,0,129,67,14817,0,59.7,0.0
13,2,0,114,70,10707,2,22.0,0.0
14,1,0,109,78,11187,0,35.3,0.0
41,1,0,117,75,11007,0,46.0,5.0
35,2,0,109,66,14318,0,36.9,0.0
76,2,0,143,67,12869,4,55.2,1.2
46,1,1,153,98,12819,2,36.8,0.0
39,2,0,160,75,13122,0,51.8,0.0
17,1,0,115,54,10251,0,40.1,0.0
60,1,0,127,70,13650,2,48.4,7.3
70,2,1,133,39,9660,7,16.8,6.1
11,2,0,111,45,11606,0,34.6,0.0
45,2,0,124,80,7944,1,78.2,1.0
29,2,0,118,72,12554,1,49.2,0.0
14,1,0,103,58,16969,0,38.6,0.0
51,2,0,132,70,10956,4,30.4,3.9
24,1,0,108,64,14733,0,20.4,0.0
80,1,0,143,78,9159,4,74.4,1.6
53,1,0,138,69,10577,0,53.0,0.0
35,1,0,114,79,8153,3,51.9,0.0
14,1,0,96,52,13535,0,46.1,3.8
73,1,1,134,85,6695,4,36.8,6.6
34,2,0,106,56,11439,1,45.0,0.0
28,1,0,128,75,11013,0,31.3,0.0
66,1,1,164,36,9283,6,9.3,3.1
21,1,0,108,72,10458,0,54.7,0.0
80,2,0,158,52,8760,3,68.3,1.0
50,1,0,104,66,4713,2,39.6,1.0
32,1,0,122,85,5403,0,42.9,0.0
51,1,0,122,72,7373,0,33.5,5.6
33,1,0,123,68,12896,0,70.8,0.0
8,2,0,103,56,17421,0,35.3,0.0
60,1,0,146,82,11838,0,50.3,0.0
53,1,0,116,66,15302,2,65.6,0.0
61,2,1,172,76,13307,8,8.7,5.7
68,1,1,94,61,6171,5,45.7,0.0
59,1,0,139,92,11106,2,73.0,8.9
21,2,0,100,62,15202,0,69.4,0.0
20,2,0,124,70,10867,1,40.0,3.0
36,2,0,99,63,22984,0,28.8,0.0
67,1,1,134,66,12444,6,30.0,2.2
34,2,0,152,106,8582,2,37.1,0.0
9,2,0,91,66,14007,0,26.5,0.0
15,1,0,112,71,6777,1,27.6,3.7
20,1,0,125,63,10918,0,49.3,0.0
22,1,0,111,71,10703,2,47.0,0.0
64,2,1,120,72,9974,4,48.7,3.1
23,2,0,130,89,7458,2,49.1,0.0
46,2,0,109,77,12600,2,52.6,1.0
51,2,0,127,78,14884,0,35.3,0.0
75,2,0,117,55,7778,3,49.3,0.0
33,2,0,105,64,8696,0,49.6,0.0
18,1,0,116,49,3852,0,50.7,0.0
80,1,1,125,51,5942,10,5.8,0.0
29,1,0,117,46,9332,0,55.6,0.0
45,1,0,101,53,16134,0,44.2,0.0
18,2,0,115,72,21100,0,50.4,0.0
80,2,0,152,68,5974,6,30.4,0.0
44,2,1,108,74,11333,1,26.6,5.7
58,1,1,124,74,7883,4,31.3,5.3
10,2,0,109,49,16796,0,40.4,0.0
19,1,0,116,64,20241,0,55.4,0.0
54,1,0,123,74,12970,6,7.7,0.0
