age,sex,diabetes,systolic_bp,diastolic_bp,activity_mims,n_medications,adherence_pct,pain_score
63,2,0,125,80,10810,3,29.2,0.2
19,1,0,128,67,14089,0,36.2,1.0
50,1,0,112,82,3912,0,45.0,1.6
43,2,0,107,56,8923,0,40.3,0.0
27,2,0,96,66,14762,0,74.5,0.0
42,2,0,125,69,9194,0,53.8,0.0
13,1,0,92,66,10574,0,32.4,2.9
64,2,0,131,81,6128,9,33.8,0.4
9,1,1,113,69,19104,0,37.8,0.3
21,2,0,114,65,7312,0,51.7,0.0
32,2,0,118,74,16056,0,8.5,0.8
37,1,0,114,49,8055,3,13.3,0.0
33,1,1,116,74,9125,1,5.2,0.1
31,2,0,81,57,22337,1,12.8,0.3
62,1,0,113,70,10060,3,45.8,0.0
10,1,1,104,56,10666,0,39.9,1.3
31,2,0,123,63,6650,0,45.9,0.0
9,1,0,116,49,13707,0,5.0,0.1
15,2,0,103,70,11337,0,25.5,0.0
76,1,0,141,92,4918,5,36.3,0.0
77,2,0,160,82,2947,6,60.7,0.6
21,2,0,120,73,7821,0,45.2,0.0
10,2,0,90,56,11921,0,56.9,0.0
77,2,0,116,78,3870,3,11.6,0.0
37,1,0,122,72,7898,0,50.6,1.5
43,2,1,104,50,9717,0,19.8,0.3
33,1,0,94,60,12634,0,90.0,0.0
44,1,0,136,72,20806,1,46.8,0.0
43,1,0,113,78,4315,2,45.5,0.0
65,1,0,173,62,11331,0,59.0,1.7
13,2,0,110,79,19810,0,48.8,0.0
16,2,0,104,57,7544,1,49.6,0.7
69,2,0,125,70,9719,1,45.0,0.0
64,2,0,118,76,13076,0,19.8,1.6
36,2,0,122,62,11730,0,47.3,0.0
56,2,0,138,65,5070,3,38.0,0.0
15,2,0,91,56,10197,0,61.5,0.3
19,2,0,100,40,9407,0,43.7,0.0
40,1,0,106,60,12152,2,40.5,0.0
63,1,0,137,95,5586,8,23.3,4.4
24,2,0,99,54,14131,0,34.9,0.0
10,1,0,115,72,8622,1,59.7,0.0
47,1,0,136,81,11619,0,61.8,0.2
29,1,0,127,78,6216,0,53.8,0.1
54,2,0,154,92,6771,6,24.2,1.5
20,1,0,98,72,7499,0,41.5,1.2
61,1,0,118,50,13358,0,60.5,0.2
10,1,0,108,87,9101,0,57.2,1.5
80,2,1,163,109,11864,2,52.2,0.5
43,2,0,155,74,12968,0,6.0,0.0
26,1,0,130,70,9753,0,36.2,1.7
59,2,1,100,35,2236,1,30.5,0.0
17,2,0,105,77,15842,0,31.9,0.0
17,1,0,115,73,11767,0,25.1,0.0
69,1,0,140,89,12318,0,48.1,0.0
72,2,0,159,84,8743,0,68.6,0.1
9,2,0,90,37,13441,2,40.6,0.4
74,2,0,120,66,10724,3,52.1,0.1
34,1,0,110,47,16798,0,27.6,0.7
37,1,0,124,88,14762,0,65.9,0.1
45,1,0,159,96,14972,1,58.1,0.0
18,1,0,103,50,12336,0,53.4,0.1
30,2,0,116,62,11986,0,39.0,0.0
38,2,0,110,52,7088,2,65.4,0.9
27,1,0,114,55,11779,0,27.4,0.3
34,2,0,101,55,7791,0,13.4,0.0
41,1,0,128,88,16501,4,45.1,0.0
37,2,0,114,56,9978,0,49.1,0.0
34,2,1,104,50,4674,0,23.0,4.1
79,1,0,187,90,9306,6,5.0,0.1
72,2,0,124,55,4189,2,54.8,0.1
22,1,0,100,63,10044,0,25.9,0.0
56,1,1,104,63,6530,0,15.7,0.7
59,2,0,115,76,7426,0,28.4,0.0
72,2,0,123,77,6346,2,46.9,0.0
52,2,0,111,60,9873,0,42.2,0.0
22,2,0,131,63,11339,0,37.6,0.5
23,1,1,111,34,13455,4,24.4,5.8
35,2,0,96,65,12016,0,56.2,1.3
43,2,0,156,83,16929,3,30.1,1.7
39,2,0,95,66,6776,1,53.7,2.8
43,2,0,130,93,8164,0,54.7,0.0
67,1,1,144,67,5152,8,48.6,1.5
22,1,0,112,68,13816,0,39.9,0.0
75,1,0,128,60,3608,4,84.8,0.1
56,2,0,117,61,14798,5,45.4,0.0
32,2,1,115,70,9902,8,42.8,2.0
77,1,0,134,72,1807,2,61.0,0.3
69,1,0,120,72,11398,1,63.6,0.5
12,1,0,115,76,16384,1,22.3,0.0
57,2,1,162,80,7091,0,62.4,1.2
41,1,1,126,62,9416,1,67.6,1.0
17,2,0,107,67,10161,0,38.8,0.0
72,1,0,157,79,14253,4,49.4,0.2
62,1,0,109,85,7777,0,69.3,1.4
80,1,0,165,65,6790,5,55.7,0.8
35,1,0,121,69,16286,0,56.3,0.0
31,2,0,125,70,13392,0,61.4,0.0
75,2,1,141,82,8733,2,44.1,0.2
23,1,0,157,76,13412,0,5.0,0.2
61,2,0,141,82,12309,1,63.4,2.3
33,1,1,109,67,8889,1,31.7,0.1
30,2,0,100,76,13041,0,69.1,0.0
37,1,0,113,65,5145,0,36.6,4.0
27,1,0,119,64,15818,0,37.8,0.0
22,1,0,92,58,5828,0,13.4,0.0
16,1,0,85,50,6994,0,32.4,0.0
34,1,0,106,66,7846,0,48.6,1.1
67,2,0,154,71,12590,0,44.7,0.5
25,1,0,104,48,11711,0,46.0,0.5
17,1,0,113,66,4845,1,47.8,0.7
39,2,0,113,76,7805,2,43.7,0.5
54,2,0,143,86,8016,0,85.6,0.7
24,2,0,124,62,11652,1,40.8,4.0
12,1,0,89,51,12145,0,25.8,0.5
32,2,0,136,61,10852,0,46.3,0.7
25,1,0,130,54,18207,0,76.9,0.0
80,1,0,154,73,13745,2,36.1,0.0
75,2,0,145,77,10915,0,58.2,1.3
71,1,0,128,74,7609,8,61.0,1.9
23,1,0,139,93,13519,1,66.3,0.2
50,2,0,109,59,6074,11,30.2,2.8
24,1,0,138,86,13533,2,31.0,0.0
37,1,0,132,69,2661,0,56.6,0.0
49,2,0,128,70,14862,0,44.5,0.2
10,1,0,111,77,22202,0,25.6,0.4
42,2,1,116,55,12535,0,20.6,0.8
12,1,0,110,76,11300,0,41.5,0.0
44,2,0,110,63,15455,0,51.3,4.3
12,1,0,95,57,12427,0,27.1,0.0
67,2,0,122,71,7280,0,56.0,0.9
54,1,0,113,76,11251,2,7.3,0.9
54,2,0,123,76,19870,0,37.1,0.7
36,2,0,114,70,7897,0,40.7,0.0
74,2,0,130,51,4232,6,48.7,0.6
59,1,0,106,59,5363,10,43.9,0.0
14,2,0,97,56,17269,2,48.7,0.9
55,2,0,156,88,4712,0,56.3,0.5
75,1,0,195,105,8412,0,38.8,6.6
45,1,0,116,68,6040,1,22.8,0.4
56,2,0,123,70,12085,1,63.1,0.0
60,1,0,117,77,9080,4,19.8,0.0
42,1,0,147,81,11660,0,66.1,1.4
60,1,0,137,63,15062,0,47.0,1.5
49,1,0,120,61,11498,0,24.4,0.3
46,1,0,126,81,7415,1,44.3,0.2
24,2,1,109,71,11135,0,50.1,0.2
26,1,0,102,55,13630,0,27.4,0.2
69,2,0,118,47,5994,0,52.7,0.9
16,1,0,108,60,12397,0,53.1,0.0
50,1,0,122,69,13699,1,57.8,0.2
28,1,0,107,69,2997,0,36.7,2.2
9,1,0,90,76,8351,0,35.8,0.0
9,2,0,104,56,9371,0,39.2,0.0
66,2,0,141,78,9351,5,65.3,4.0
44,1,0,135,61,4764,0,43.0,0.0
14,1,0,118,67,8688,0,51.2,0.0
79,2,0,130,74,18485,7,63.2,0.2
64,1,0,119,74,8712,0,23.3,1.3
53,1,0,125,62,4254,0,30.9,0.4
71,2,0,144,95,3543,0,30.9,0.0
15,2,0,118,51,14267,0,43.6,0.0
37,1,0,94,51,6707,0,69.8,0.0
54,1,0,113,47,6220,2,54.4,3.4
11,1,0,121,39,20900,0,39.7,0.3
73,1,0,145,87,10843,0,39.5,0.2
58,2,1,102,51,8956,5,18.9,0.0
11,1,0,92,37,4774,5,29.3,0.0
25,1,0,96,47,12276,0,74.6,0.0
70,2,0,110,72,2707,1,49.1,0.0
56,2,0,118,78,6824,1,36.6,0.9
63,1,0,136,81,6726,6,47.4,0.0
17,2,0,100,55,9798,0,62.6,0.0
61,2,0,111,74,10283,0,63.9,0.0
34,2,0,113,71,8848,0,43.1,5.0
28,2,0,104,79,7260,0,60.3,0.4
56,1,0,100,28,7586,0,35.9,0.0
9,1,0,87,53,15452,0,44.6,0.0
55,2,0,124,80,11371,3,56.3,0.5
16,2,0,108,70,18429,0,44.5,0.0
12,1,0,128,69,7921,1,50.2,2.6
51,1,0,120,81,11228,2,69.9,0.2
58,1,0,134,78,15365,1,40.4,0.5
33,2,0,103,57,14690,0,62.1,0.0
10,1,0,116,78,6521,0,28.2,0.2
70,2,1,130,66,11588,0,65.4,0.1
21,2,0,107,63,15307,0,57.5,0.0
80,2,0,156,86,5536,5,58.6,0.8
79,2,0,139,91,9626,5,59.5,0.0
27,1,0,130,84,4635,0,59.9,0.0
10,1,0,109,57,10175,0,20.7,0.0
27,2,0,125,66,8288,1,43.0,0.4
19,2,0,88,60,9905,0,55.3,0.0
42,2,0,111,78,6274,0,28.4,0.0
10,1,0,99,71,8353,0,57.4,0.0
75,1,0,127,77,4971,5,38.9,2.2
18,2,0,109,75,10186,0,48.1,0.8
36,1,0,117,91,2797,0,35.7,0.1
44,2,0,120,65,10324,0,41.3,0.1
38,2,0,130,38,5969,1,36.2,0.0
47,2,0,114,84,7041,0,82.4,0.1
61,2,0,125,73,10634,0,43.1,0.6
36,2,0,113,78,14734,0,75.6,0.0
26,2,0,110,93,8534,1,17.0,0.0
31,2,0,96,61,14203,0,77.2,0.0
64,1,0,147,67,9868,0,26.5,0.0
54,1,0,127,84,13874,0,58.4,0.0
64,1,0,134,89,5694,1,61.3,0.5
76,1,0,127,59,6284,0,48.1,2.1
9,1,0,119,62,19157,0,44.6,0.1
28,2,0,119,65,6726,1,10.7,0.2
27,2,0,109,68,16400,1,25.7,0.4
68,1,0,142,93,7808,0,49.0,0.6
31,2,0,113,62,17590,1,49.1,0.0
54,2,0,124,82,8677,1,24.9,0.0
24,1,0,116,53,11219,0,35.8,0.1
57,1,0,102,73,15249,0,34.7,0.1
15,2,0,100,47,13084,0,66.0,0.0
55,1,0,149,71,9807,0,57.4,1.0
76,1,0,124,69,4027,0,66.0,1.1
61,1,0,118,63,17361,1,36.6,0.0
24,2,0,113,73,14946,0,46.5,0.0
60,1,0,136,66,6677,0,28.8,0.0
31,2,0,108,58,20452,2,41.7,1.9
52,2,0,134,74,14886,0,48.2,0.0
14,2,0,115,77,12024,0,60.4,0.0
73,1,1,174,67,7054,8,53.9,0.0
29,1,0,114,55,13312,1,20.9,0.0
13,2,0,118,65,9072,0,32.7,0.0
11,2,0,95,67,15704,0,31.5,0.0
68,2,0,134,91,5309,1,54.3,1.3
74,1,0,114,83,10006,5,43.6,0.1
37,1,0,92,50,6800,0,28.4,0.0
68,1,0,93,31,5661,4,45.1,0.1
59,2,0,136,90,13169,0,48.0,0.0
69,2,1,135,73,6867,1,55.0,0.7
20,2,0,110,65,12749,0,54.1,0.0
53,1,0,139,83,5348,1,51.9,1.2
53,2,0,173,95,14457,0,70.4,0.1
46,2,0,125,62,10199,1,43.6,1.7
55,1,0,116,61,8947,3,23.9,0.2
50,2,0,157,63,13864,0,46.9,0.1
37,1,0,126,88,10545,0,77.2,3.5
26,2,0,104,52,13777,0,33.6,0.1
15,2,0,119,57,11390,0,34.6,0.1
74,1,0,146,61,3275,0,26.2,0.0
11,2,0,115,66,7890,0,35.4,3.2
22,2,0,104,37,15700,0,40.8,0.6
77,2,0,148,89,10334,0,85.1,3.8
20,2,0,113,80,13455,0,30.3,0.0
37,1,0,107,75,7787,0,60.5,0.0
17,1,0,125,69,13482,0,39.1,0.2
60,2,0,114,69,6939,5,50.4,6.1
57,1,0,105,79,4536,0,5.0,0.0
9,2,0,104,62,14999,0,43.3,0.1
28,2,0,105,75,10522,5,43.0,4.4
24,2,0,122,75,8045,0,54.5,0.1
42,2,1,102,50,18214,0,50.5,0.8
53,1,0,116,60,10158,1,44.3,0.0
36,1,0,140,98,6942,0,32.8,0.1
79,1,0,146,62,8962,1,56.4,0.0
32,2,0,146,83,12749,0,58.7,0.1
59,2,0,125,85,20417,0,41.3,0.5
13,1,0,97,59,10994,0,53.3,0.0
48,2,0,124,66,6698,1,30.8,0.2
47,1,0,113,88,8530,0,41.2,2.8
56,2,0,97,68,11488,0,72.5,0.0
72,1,0,135,64,8832,0,27.1,1.0
19,2,0,107,30,10950,0,42.2,0.2
25,1,0,137,87,17461,0,63.7,0.0
58,2,0,120,74,6856,3,35.2,0.0
33,2,0,98,60,3696,0,17.7,0.0
30,2,0,103,59,4014,2,46.0,0.7
28,2,0,129,92,11156,0,27.2,0.0
31,2,0,118,76,14061,0,72.4,0.7
55,1,0,125,61,12365,1,10.7,0.2
10,2,0,94,37,15417,0,10.7,0.0
18,1,0,121,73,16146,0,48.0,0.0
44,1,0,130,62,12831,1,10.4,0.1
68,2,0,128,88,5278,1,44.1,0.4
48,1,0,110,67,5075,0,48.4,2.6
64,1,0,107,50,12020,0,64.8,0.0
13,1,0,104,57,14688,0,57.7,0.0
73,2,0,128,67,10644,0,56.7,0.2
24,2,1,148,71,8804,0,28.0,1.2
28,1,0,114,75,10842,0,34.2,3.7
35,2,0,114,56,17427,0,67.8,2.5
25,2,0,134,94,21347,0,30.6,0.0
58,2,1,113,66,5826,0,12.5,0.1
48,1,0,99,65,9663,1,11.9,0.1
58,1,0,139,66,10921,2,62.7,0.1
32,2,0,137,82,13155,0,30.0,0.0
58,1,0,101,92,10173,0,51.7,0.0
15,2,0,91,53,3505,0,22.7,0.3
17,1,0,112,50,13606,1,34.7,2.6
28,2,0,101,75,9991,0,49.0,4.3
32,1,0,129,77,12448,0,31.6,2.7
27,1,0,112,52,10095,1,39.4,0.0
54,1,0,119,65,12158,0,42.7,0.0
67,1,1,118,66,7297,1,20.5,0.1
25,2,0,119,81,5320,0,45.0,3.5
35,2,0,95,64,14358,0,43.9,0.6
37,2,0,116,61,6206,3,42.0,0.0
48,2,0,126,60,8231,0,42.5,0.0
10,1,0,101,46,7118,0,47.4,0.0
57,1,0,104,57,8505,2,58.7,0.6
65,2,0,127,67,15903,0,63.2,0.1
78,1,0,137,79,7632,1,33.7,0.3
20,1,0,104,73,10483,1,22.1,0.2
17,2,0,101,40,14168,0,34.0,0.0
67,1,1,154,65,3538,5,26.3,0.2
37,2,0,158,65,14847,1,49.4,0.7
41,2,1,115,70,1456,0,40.8,1.4
12,1,0,114,62,22220,2,38.4,1.1
30,1,0,130,69,7911,0,73.4,0.0
74,2,0,141,73,5283,2,40.5,0.0
67,1,0,146,77,11464,0,76.4,3.3
39,2,1,118,59,14310,3,22.7,0.2
9,1,0,89,43,5241,0,25.2,0.1
15,1,0,106,88,15342,0,60.2,0.0
18,1,0,94,60,7244,0,38.8,0.0
77,2,0,133,69,10030,3,62.2,0.1
75,2,0,103,64,16451,0,47.0,0.0
44,1,0,117,63,11419,0,65.7,1.7
33,1,0,110,74,9727,0,26.0,3.9
64,1,1,98,52,17356,0,76.6,0.0
16,2,0,119,49,12221,0,18.6,3.0
18,1,0,113,76,12037,0,35.0,1.3
72,2,0,122,70,6134,0,49.9,0.0
11,1,0,105,56,11370,0,48.5,1.6
75,1,0,132,90,3496,1,53.0,3.3
53,1,0,114,76,9333,0,65.5,1.7
33,1,1,107,67,16487,0,70.0,5.5
32,1,0,121,49,8201,1,8.6,4.5
31,2,1,107,64,18607,0,13.1,0.1
26,2,0,105,67,12370,0,57.0,3.4
20,2,0,105,66,6432,0,15.4,0.0
69,2,0,141,69,5093,6,44.2,9.6
26,2,0,120,64,10444,0,19.6,1.0
48,1,0,113,67,7119,2,58.0,0.0
66,1,0,123,95,5858,0,26.2,0.9
32,2,0,96,63,7002,0,16.5,0.0
51,2,0,125,55,12750,0,29.8,0.0
16,1,0,121,76,7895,0,31.1,0.1
12,2,0,100,31,15984,0,12.3,0.7
68,2,0,148,78,7992,2,46.0,0.7
51,1,0,99,55,18457,0,47.1,0.6
21,2,0,111,61,7914,0,41.3,0.0
37,1,0,101,74,6147,1,50.0,2.9
22,2,0,111,70,14066,0,44.2,0.2
68,2,0,121,93,5036,6,38.7,0.0
32,1,0,155,74,13724,1,48.1,0.0
54,1,0,113,54,7138,0,31.9,0.0
28,2,0,115,80,5941,0,37.9,1.6
17,1,0,130,54,12570,0,35.8,0.2
12,2,0,99,45,15154,0,53.0,1.4
65,1,0,113,75,9964,0,21.5,0.4
13,1,0,112,71,5222,0,31.0,0.0
33,2,0,114,55,13509,1,15.9,2.9
58,2,1,128,70,7204,1,46.2,0.0
59,1,0,99,67,6662,2,68.0,0.0
27,2,0,99,46,7998,1,11.6,0.1
30,1,0,134,82,5250,1,43.9,0.3
32,2,0,114,63,14656,0,39.1,0.2
24,2,0,135,78,13199,0,57.3,0.0
9,1,0,104,70,16244,1,15.2,0.7
21,1,0,131,82,17927,0,12.8,0.0
12,2,0,112,40,17220,1,24.6,1.1
20,1,0,138,74,19495,0,65.1,0.1
12,2,0,125,62,9800,0,53.8,0.1
48,1,0,132,96,15250,0,36.9,0.0
66,1,0,106,102,9909,0,61.4,0.0
69,2,0,148,74,15332,2,59.7,0.0
25,2,0,113,76,16693,1,48.2,0.0
42,1,0,117,66,15786,0,54.4,0.3
22,2,0,116,70,17317,0,53.2,0.0
41,2,0,133,70,6763,0,41.3,0.2
13,2,0,131,67,15150,0,32.5,0.0
43,1,0,114,64,5733,0,68.8,0.0
76,2,0,136,87,6816,0,61.8,0.5
11,2,0,90,54,16848,0,34.8,0.0
18,1,0,122,57,16772,0,39.6,0.0
9,2,0,83,50,21554,0,33.1,0.7
24,2,0,107,59,16172,1,5.7,0.0
45,1,0,131,83,8672,0,23.4,0.0
53,1,0,117,49,10794,0,50.0,0.7
59,2,0,97,52,10805,0,60.3,0.2
11,1,0,107,54,16354,0,14.4,1.1
56,2,0,119,73,11311,0,47.3,1.6
43,2,0,120,67,15792,0,44.0,0.3
75,1,0,181,91,7356,1,53.4,5.1
34,2,0,108,87,20275,0,49.4,2.4
30,2,0,112,54,13806,3,66.2,1.9
63,2,0,150,81,14738,4,68.7,0.0
11,2,0,89,47,11275,1,18.1,1.6
15,1,0,103,52,15127,1,20.1,0.7
20,2,0,95,43,12853,0,30.1,0.0
36,2,0,100,52,16393,0,46.7,0.0
24,2,0,98,46,9789,0,58.5,0.6
26,1,0,106,46,12399,0,36.2,0.5
71,1,0,113,70,3258,4,56.6,0.0
19,1,0,112,64,6917,0,27.3,0.0
30,2,0,116,42,11030,3,39.9,0.2
18,2,0,114,67,10241,1,8.8,0.1
34,1,0,114,66,4174,2,49.9,0.4
11,1,0,117,55,7513,0,30.4,0.1
14,1,0,115,51,7932,1,46.7,0.8
58,2,0,119,74,2563,3,40.1,0.8
70,2,0,122,78,8627,0,39.2,0.2
31,1,1,137,69,7834,2,7.6,0.3
70,2,0,114,62,8211,2,51.3,1.1
14,2,1,103,52,13848,2,40.8,1.8
59,1,0,163,88,8768,0,79.8,0.0
70,2,0,129,87,10623,0,49.5,0.9
43,2,0,111,71,8262,0,54.1,0.1
70,2,0,139,71,9147,0,25.9,0.4
67,2,1,134,74,3529,0,52.7,0.6
79,1,0,146,81,9753,1,64.8,5.7
39,2,0,117,59,7848,0,64.6,0.0
61,2,0,119,71,9164,0,50.7,1.4
12,1,0,89,55,11124,0,24.2,1.8
20,2,0,122,36,5286,0,31.8,0.0
10,1,0,94,74,22029,0,39.6,0.2
38,2,0,112,70,7873,0,46.3,0.4
36,1,0,116,88,8195,0,58.8,1.0
10,2,0,92,57,13394,0,36.8,0.0
55,2,0,114,60,5076,10,33.4,0.2
53,2,0,117,83,4774,0,24.0,0.0
9,2,0,106,44,7848,0,21.1,0.1
24,2,0,97,45,7186,0,39.5,2.9
19,1,0,106,61,3262,0,40.0,0.0
27,2,0,115,56,13313,2,25.3,0.0
40,2,0,108,57,10145,0,27.3,1.5
39,1,0,110,77,9258,0,46.8,1.0
35,2,0,122,63,9793,0,56.8,0.0
77,2,0,134,92,12208,0,58.3,2.2
19,1,0,127,72,14765,0,31.1,1.5
13,2,0,113,63,7957,0,33.0,0.0
14,1,0,100,65,9936,0,24.1,1.5
12,2,0,100,66,8456,0,35.0,0.0
55,1,0,145,75,15069,1,17.0,0.0
41,2,0,164,80,6491,0,5.0,0.1
28,2,0,127,77,13488,0,51.3,9.5
35,2,0,119,63,19673,2,43.3,3.3
10,2,0,95,54,16282,0,7.3,1.6
64,1,1,149,91,8565,0,36.5,0.1
12,2,0,92,46,11081,0,31.8,0.4
11,2,0,115,70,13061,3,5.0,0.1
14,2,0,123,61,9026,3,58.1,0.0
50,1,0,154,94,7330,1,53.7,0.0
24,1,0,132,74,18608,0,60.7,0.0
61,2,0,122,62,16471,0,20.5,0.0
22,1,0,98,61,14578,1,46.3,0.0
33,1,1,106,63,17120,0,38.7,0.0
45,2,0,103,51,8386,0,40.6,2.7
55,2,0,113,55,12015,0,48.0,0.6
67,2,0,119,70,5561,0,44.5,1.7
17,2,0,126,59,11868,0,30.0,3.4
36,1,0,132,91,11734,0,39.0,0.3
53,2,0,126,60,4095,1,37.4,0.4
20,2,0,106,51,11773,0,57.3,2.5
77,2,0,119,91,8845,1,63.0,0.0
73,2,0,144,91,4819,0,49.2,2.5
10,1,0,96,31,19694,0,35.7,0.3
31,2,0,136,79,19201,0,53.7,0.0
49,1,0,106,65,6244,0,40.1,4.4
10,1,0,88,48,10144,0,13.5,0.7
70,2,0,124,81,5512,0,58.2,0.0
44,2,1,101,75,5571,0,37.6,3.0
34,2,0,121,70,12507,0,47.3,0.0
41,2,0,113,53,13675,0,66.2,0.1
25,2,0,114,61,10909,1,54.1,4.3
68,1,0,112,71,13845,1,80.3,1.6
47,1,0,123,96,9038,0,87.0,0.2
29,2,0,104,80,18453,0,61.8,0.1
29,1,0,100,60,4114,0,55.7,0.1
40,1,0,114,81,8237,0,34.7,0.0
14,2,0,93,46,7949,0,45.9,0.0
59,1,0,146,71,6449,2,47.0,0.0
56,2,0,137,69,11071,0,29.3,0.8
70,2,0,128,89,8539,1,56.6,0.6
9,2,0,95,56,3334,0,26.1,0.4
63,2,0,118,56,15299,0,59.5,0.1
16,2,0,99,48,11224,0,40.8,1.9
16,1,0,100,53,8085,0,39.4,0.1
37,2,0,97,61,20721,0,47.8,0.0
15,1,0,111,93,16957,0,49.8,0.0
24,2,0,106,64,19701,1,55.1,0.4
30,2,0,114,60,15761,0,51.7,0.0
55,1,0,128,88,4673,0,40.2,0.0
58,1,0,127,68,7491,0,55.3,0.1
34,1,0,113,63,10540,1,66.7,1.6
37,2,1,123,63,10145,5,61.1,1.2
16,1,0,132,73,15072,0,39.9,1.7
45,2,0,121,96,16368,1,50.5,2.2
46,2,0,130,77,11160,0,85.6,0.1
58,2,0,134,61,8098,0,31.2,0.0
74,1,0,133,73,7164,0,63.1,2.3
79,1,0,161,70,7635,2,50.9,0.1
25,1,0,112,79,12396,0,48.0,0.0
69,1,1,150,86,12896,3,49.2,0.2
13,2,0,101,53,3359,0,54.3,0.1
77,2,0,129,60,12259,1,57.9,0.0
41,1,0,107,57,14159,5,42.3,4.3
31,1,0,94,62,11155,0,49.0,0.0
33,1,0,138,50,9052,0,36.8,1.6
53,2,0,109,60,14464,2,28.3,0.4
76,1,0,150,64,10190,0,75.8,1.3
46,1,0,109,74,13036,1,48.6,0.3
11,1,0,107,65,12952,0,64.5,1.6
69,2,0,125,56,5371,3,54.5,0.0
44,2,0,110,92,12938,0,59.1,9.6
9,1,0,89,65,13737,0,38.8,0.9
46,2,0,102,60,14845,0,40.7,2.3
51,1,0,114,91,10835,0,58.9,0.0
15,1,0,105,77,12323,0,48.1,1.3
18,2,0,131,66,7238,1,32.4,0.1
70,2,0,153,83,10983,0,69.4,0.3
71,2,0,145,72,5911,3,25.1,0.4
36,2,0,111,76,19645,5,53.7,1.0
74,2,0,122,74,8535,1,67.7,0.5
13,1,0,125,86,8547,0,68.6,0.1
64,1,0,124,63,14253,0,77.3,0.0
73,1,0,126,87,11591,0,76.6,0.0
30,2,0,115,76,14473,0,55.7,1.6
23,2,0,119,66,7358,1,57.4,0.0
54,1,0,123,65,7658,0,48.0,0.0
70,1,0,148,80,1508,1,75.4,0.6
66,1,0,128,76,8477,1,74.8,1.3
27,1,1,127,70,9663,3,38.6,2.1
10,1,0,101,59,17325,0,63.0,4.0
10,1,0,98,66,16776,0,24.2,0.3
33,2,0,119,85,20455,0,46.1,2.5
32,2,0,121,53,10111,2,29.2,0.0
37,2,0,115,75,10199,2,39.4,1.8
30,2,1,104,52,10036,0,29.9,4.0
27,2,0,109,61,14186,0,56.4,2.5
18,2,1,116,88,15150,1,36.8,0.7
55,1,0,134,66,5693,0,75.7,0.0
31,2,0,128,74,4517,0,33.8,0.4
54,1,0,130,101,4589,0,76.1,2.7
73,1,1,123,81,7470,0,55.0,0.4
35,2,0,105,53,9491,0,5.1,0.5
46,1,0,94,68,6721,0,42.8,1.4
13,2,0,112,64,9707,0,59.7,0.0
44,2,0,125,76,12881,1,61.0,0.0
19,1,0,122,68,13238,0,43.1,0.0
14,1,0,119,77,15209,1,36.3,0.6
57,2,0,115,60,6797,2,41.9,5.7
66,1,1,128,68,4913,0,35.9,0.2
12,2,0,92,49,8414,0,53.7,0.0
79,2,0,174,70,8616,0,90.0,0.0
35,2,0,128,92,11481,4,68.8,0.4
77,2,0,130,53,5935,2,40.0,0.0
45,2,0,130,67,8554,0,31.7,0.2
61,1,0,156,84,7930,0,62.1,0.0
62,2,0,103,60,12143,1,52.3,0.1
38,1,1,110,49,9983,0,27.8,0.3
35,2,0,113,47,10137,0,44.7,2.1
15,1,0,86,37,18137,3,41.8,1.6
20,1,0,97,49,10879,0,22.1,2.2
16,1,0,124,42,10249,1,23.6,0.3
28,2,0,101,56,16417,0,58.5,0.1
16,1,0,105,54,11709,0,43.3,0.0
42,2,0,153,76,7962,1,38.8,0.0
12,2,1,138,68,12490,0,40.9,0.0
30,2,0,121,59,3246,0,26.4,1.1
61,1,0,113,60,9425,0,40.3,0.1
25,2,0,130,83,12725,0,50.4,0.4
47,1,1,159,63,15127,10,36.7,9.6
10,2,0,98,88,20465,0,35.7,0.1
66,2,0,109,64,7766,0,47.3,0.0
43,1,0,115,60,6027,0,59.1,0.0
73,1,0,149,87,6187,0,44.8,0.1
14,1,0,95,53,18404,0,67.6,3.9
15,2,0,120,78,16335,1,33.5,6.0
73,2,0,101,53,18310,3,40.2,0.1
77,1,0,125,50,16461,0,39.5,2.1
37,2,0,112,45,17196,0,26.2,0.4
19,2,0,104,44,19285,0,22.7,0.0
21,2,0,100,77,10262,0,39.7,0.4
9,1,0,107,52,16254,0,40.3,0.1
18,1,0,92,56,7526,0,52.2,0.6
67,1,0,117,91,7124,0,58.6,0.7
25,1,0,115,53,7411,3,5.0,0.0
16,2,0,119,74,16012,0,43.4,0.3
56,2,0,143,88,4344,1,44.4,0.2
19,2,0,95,56,15836,0,40.3,0.1
14,2,0,100,52,11160,0,40.8,0.0
66,1,0,132,81,7661,1,58.9,0.3
14,1,0,100,75,12717,0,45.1,0.4
41,1,0,134,94,11104,0,34.1,4.3
76,1,0,149,102,1912,0,82.7,4.1
69,1,0,112,59,5434,1,57.7,1.2
22,1,0,110,61,12691,0,43.0,0.0
71,1,0,141,77,7072,0,38.0,0.2
43,1,1,145,82,14564,0,18.4,0.0
46,2,0,119,71,4414,0,5.0,0.0
20,2,0,99,59,6669,1,34.0,0.0
59,2,0,163,90,3932,3,60.6,1.5
30,2,0,116,54,10847,3,5.0,1.2
20,1,0,104,73,12205,0,66.5,0.8
28,1,0,101,81,5922,0,50.1,2.4
62,2,0,139,81,4897,0,35.6,0.1
63,2,0,118,65,3339,1,36.7,2.9
23,2,0,100,74,3965,3,45.0,0.1
58,1,0,113,66,2764,0,44.3,2.0
47,1,0,104,59,13651,0,24.5,0.1
59,2,0,121,67,12574,1,56.2,1.0
69,2,0,134,89,12278,0,69.4,0.0
27,1,0,105,46,15084,0,60.5,0.0
78,1,0,158,85,11717,4,59.4,4.9
38,2,0,134,66,6717,1,23.8,0.3
69,1,0,139,71,8625,2,43.2,0.0
75,1,0,145,91,10090,0,55.8,0.1
48,2,0,115,57,13923,1,42.7,0.0
57,2,0,134,79,9940,1,48.1,0.0
19,1,0,127,76,14790,0,54.9,0.1
20,1,0,103,52,13875,0,57.8,0.0
16,2,0,113,68,6348,0,15.7,4.5
77,1,1,147,82,7675,1,41.7,0.4
12,1,0,91,56,9103,0,34.3,0.0
28,1,0,136,92,4315,0,19.1,0.1
28,1,0,109,48,7449,0,27.4,0.1
35,1,0,113,71,6785,0,80.4,0.2
75,1,0,139,70,5986,0,46.7,1.7
23,1,1,100,59,12924,0,43.7,0.0
21,2,0,115,49,7936,0,50.0,1.5
73,1,0,96,43,7251,0,42.9,1.2
21,1,0,98,81,9841,0,51.6,0.5
48,1,1,123,76,7244,0,55.6,0.4
43,1,1,153,87,5615,0,45.8,0.0
49,2,0,106,80,6616,1,35.8,0.8
9,2,0,98,50,18615,0,57.9,0.2
46,1,0,134,78,7552,4,55.6,0.6
28,1,0,131,74,10575,1,37.9,0.0
46,1,0,129,61,11079,2,33.6,0.0
22,1,0,129,62,16337,0,15.8,0.0
59,2,0,144,73,9616,3,38.1,3.0
25,1,0,108,45,5148,1,31.1,0.1
38,2,0,122,77,4187,0,57.3,0.0
75,1,0,161,60,8043,4,39.3,0.9
60,1,1,110,70,2792,1,13.8,0.2
10,1,1,106,44,15581,0,19.8,1.6
59,2,0,92,73,18399,0,34.6,2.3
19,2,0,97,41,12321,1,44.9,2.0
49,2,0,133,83,9416,0,44.8,0.0
29,1,0,119,50,12338,0,60.3,0.0
32,1,0,142,91,12690,0,59.2,0.1
61,2,0,117,55,13882,0,58.9,0.2
60,2,0,112,71,13909,7,46.2,0.9
43,1,1,118,74,17202,1,35.6,4.2
23,1,0,130,75,8254,0,54.7,0.5
36,1,0,106,60,9700,1,31.8,1.2
24,1,0,104,56,9183,3,23.3,0.0
29,1,1,116,51,8339,0,23.3,0.5
76,1,1,133,72,6446,2,40.7,2.9
18,1,0,111,67,14772,1,38.1,1.4
28,1,0,112,64,13761,0,24.5,0.2
10,2,0,93,70,19538,0,51.2,0.5
20,1,0,117,85,17089,0,23.9,0.2
24,2,0,103,68,8033,0,37.6,0.2
20,1,0,103,70,14891,0,36.3,1.3
53,1,1,108,63,13537,0,71.9,0.0
9,2,0,100,41,10189,0,5.0,0.5
20,1,0,136,85,9780,0,74.3,0.4
29,2,0,98,50,12231,0,80.8,0.0
44,1,0,125,67,12889,0,49.2,0.0
37,2,0,108,66,13455,0,30.0,0.4
47,1,0,137,84,10620,0,82.5,2.3
66,1,0,163,97,2544,1,49.2,0.0
29,2,0,132,76,16631,0,42.3,0.0
52,2,0,121,79,10476,0,70.6,0.0
10,2,0,107,63,19757,0,29.8,0.2
37,2,0,117,65,7661,6,7.4,0.1
55,2,0,106,63,7820,0,54.0,0.2
18,1,0,110,80,13040,0,56.4,0.2
33,2,0,105,62,6454,0,52.0,0.0
9,2,0,88,39,13825,0,44.4,0.6
63,1,0,143,90,3981,2,59.2,0.4
20,2,0,127,85,14168,0,50.9,0.0
77,2,0,124,72,10904,2,53.0,0.8
29,1,0,104,50,20954,0,26.4,0.0
41,1,0,144,83,14707,0,59.7,0.5
80,2,0,118,64,6020,1,43.5,0.0
76,2,0,111,50,8767,1,57.7,0.0
45,2,0,112,68,8453,0,50.9,0.4
55,2,1,111,56,5002,1,48.6,0.1
9,1,0,102,43,11997,0,5.0,7.0
30,1,0,128,73,11287,0,60.5,0.8
62,1,0,121,65,8459,1,34.5,0.1
45,2,0,116,65,21216,0,70.0,0.0
63,1,0,143,52,13463,0,94.2,1.3
27,1,0,104,51,9340,2,38.0,1.1
60,1,0,116,60,7414,0,5.0,0.0
29,2,0,124,65,13264,0,55.7,0.4
58,2,0,114,72,3680,0,44.1,6.3
68,1,0,147,86,5650,0,40.5,0.0
19,1,0,105,88,7744,0,71.3,1.6
31,2,0,103,69,12683,1,86.2,0.0
14,1,0,105,66,18817,0,24.0,0.5
9,1,0,110,78,20169,3,38.9,0.8
51,2,0,105,76,9530,0,46.7,0.0
17,1,0,109,70,10437,0,69.5,0.0
22,2,0,116,75,12056,0,33.0,2.4
40,2,0,114,61,15809,0,47.7,0.0
68,2,0,133,86,2368,4,70.3,0.2
15,1,0,116,60,16898,0,66.2,0.1
36,2,0,99,59,2337,0,25.7,1.4
25,2,0,101,65,6582,0,25.5,1.6
24,1,0,111,68,10425,0,44.5,0.7
26,2,0,109,54,7237,1,10.5,3.1
30,2,0,107,65,19423,0,26.6,3.2
33,2,0,118,85,11932,0,37.4,0.0
40,2,0,120,82,8259,0,37.7,0.1
10,1,0,99,55,8759,0,54.1,0.3
24,1,0,98,65,15149,1,24.6,0.0
11,1,0,101,56,22801,0,38.9,0.0
9,1,0,100,66,9640,0,17.3,1.0
19,2,0,105,59,12728,0,54.9,1.0
19,2,0,113,61,14345,0,36.0,0.2
76,1,0,125,70,7838,0,77.9,2.2
15,2,0,104,47,4254,0,28.2,2.7
10,2,0,102,64,3300,2,18.5,0.5
31,2,0,106,71,14824,0,32.8,0.1
45,2,0,126,100,11043,0,43.8,0.2
22,2,0,101,56,17834,0,31.9,0.2
47,2,0,112,94,7548,0,62.9,0.3
39,1,0,118,48,6253,0,47.9,0.0
16,2,0,124,80,15904,0,36.1,0.0
19,2,0,82,36,6969,0,44.9,0.0
9,2,0,101,64,13335,0,11.9,2.1
23,1,0,119,56,9680,0,29.5,0.0
20,1,0,97,52,11128,0,30.0,0.8
27,1,0,98,60,16307,0,58.3,0.2
10,2,0,100,44,14219,0,35.9,1.8
16,1,0,106,59,9270,0,45.0,0.0
61,2,0,157,61,7593,0,54.7,2.2
58,2,0,119,85,4747,0,60.3,4.4
46,2,0,116,72,5616,2,62.5,2.3
66,1,0,128,65,10063,0,45.5,0.6
72,2,0,123,64,8136,4,39.9,2.0
21,2,0,127,73,6677,0,28.8,0.0
43,1,0,128,73,10923,0,37.4,0.0
25,1,0,136,86,11190,0,11.2,0.2
32,1,0,105,53,9649,1,51.5,0.4
34,2,0,108,58,9132,0,5.0,0.0
42,1,0,102,59,6419,0,53.8,0.6
27,2,0,117,42,10763,0,41.0,1.5
36,1,0,136,78,11222,0,60.5,0.4
80,1,0,122,69,4916,0,65.2,1.0
10,1,0,108,64,6986,0,28.3,0.0
39,1,0,109,74,7704,0,39.2,2.0
38,1,1,132,59,14067,0,26.7,1.3
13,2,0,96,58,18570,0,69.8,0.0
78,2,0,131,57,8353,1,24.5,0.6
17,1,0,114,55,21832,0,76.4,0.0
18,1,0,106,73,5587,0,36.2,0.4
27,2,0,131,44,15434,0,48.8,3.9
16,2,0,90,35,11722,1,66.1,0.3
62,2,0,145,83,10861,0,76.6,0.1
34,1,0,133,80,6607,0,88.6,0.5
33,1,0,127,90,12686,0,57.0,0.0
24,2,0,94,56,13654,0,52.4,0.0
59,1,0,146,63,3615,1,32.6,1.8
41,1,0,130,82,14388,0,12.7,2.7
52,1,0,129,72,9960,0,27.3,0.1
21,2,0,92,80,13548,0,65.5,0.0
57,2,0,147,94,2473,1,29.0,2.5
10,1,0,119,72,13414,0,62.3,0.0
12,1,0,105,72,10962,0,81.0,0.0
11,2,0,84,50,17225,0,36.8,0.6
61,2,0,117,86,8558,1,50.9,0.1
9,2,0,139,68,19973,0,79.1,0.0
29,2,1,107,59,7832,0,48.3,0.1
26,2,0,86,44,6718,5,21.8,1.9
35,2,0,106,66,16992,5,32.0,1.0
29,2,0,99,59,10640,1,54.4,0.0
71,1,0,143,84,7680,0,59.8,2.3
28,2,0,122,74,10152,0,10.1,0.0
10,2,0,104,74,21621,0,40.4,0.0
11,2,0,88,59,18638,0,57.6,0.3
14,2,0,109,86,12421,0,42.1,0.0
53,2,0,138,67,16599,0,62.9,0.0
19,1,0,125,70,18526,0,49.2,0.3
59,2,0,115,62,5738,3,34.0,1.2
50,2,1,150,78,10595,5,32.2,0.3
13,1,0,97,64,7910,0,39.2,0.0
26,2,1,100,60,16576,0,46.9,0.3
27,2,0,117,52,11118,0,19.0,0.1
45,1,0,124,63,17184,1,55.4,0.2
19,2,0,119,79,13198,0,22.7,0.2
53,1,0,122,75,20279,0,54.1,0.1
25,2,0,133,58,3372,3,6.0,0.2
28,1,0,114,69,8838,1,41.7,0.1
42,2,1,110,61,4302,0,49.7,0.4
16,1,0,110,65,5597,0,42.3,0.6
26,2,0,92,51,15009,0,42.3,0.0
54,2,1,110,82,7426,0,57.3,0.0
43,1,0,120,65,4786,0,54.8,0.1
45,1,1,130,66,12566,0,73.2,0.1
14,1,0,80,37,15693,7,14.4,1.0
32,1,0,105,41,8153,0,10.1,4.7
9,2,0,108,69,27819,0,40.9,0.6
79,2,0,146,91,10115,4,38.4,0.9
20,2,0,102,62,3323,0,54.0,0.6
14,2,0,108,71,16226,0,58.4,1.0
80,2,1,175,99,9537,3,34.8,0.5
13,1,0,89,30,9058,0,33.0,0.7
41,1,0,110,83,4236,0,31.7,6.6
37,1,0,125,79,14242,0,61.5,0.1
16,1,0,107,67,13354,0,38.4,1.6
55,1,0,132,77,9813,1,46.3,0.0
77,1,0,150,104,15609,1,60.6,3.1
15,1,0,121,75,13428,0,40.2,2.6
59,1,0,120,46,9974,5,50.4,3.2
15,1,0,115,69,9662,0,40.3,0.3
59,2,0,95,57,13465,0,42.7,0.0
80,1,0,138,88,11684,2,61.4,0.0
47,2,0,124,62,6281,0,32.0,0.3
68,1,0,104,67,10967,0,61.0,0.0
29,2,0,122,77,5518,1,41.4,6.4
25,1,0,107,67,16851,0,15.9,4.0
9,1,0,102,56,12391,0,5.0,1.9
9,2,0,95,43,22486,0,27.1,0.0
61,1,1,108,53,12065,1,81.8,9.6
70,1,0,142,88,1543,0,59.4,0.0
68,2,0,127,83,5661,4,41.9,0.0
33,2,0,98,55,11578,0,30.2,2.5
72,2,0,138,88,6907,4,32.7,0.0
56,1,0,144,62,16265,1,63.5,0.1
65,2,0,102,55,9645,1,73.1,0.0
22,1,0,94,44,8859,0,66.9,0.0
23,1,0,115,70,8503,5,26.2,0.0
34,1,0,106,63,18570,0,60.4,0.1
22,2,0,104,71,19202,0,63.6,2.5
34,1,0,108,69,10036,0,28.2,0.0
16,1,0,121,60,23726,0,42.9,1.2
10,2,0,107,80,6482,0,31.9,3.9
20,2,0,118,66,7028,0,29.0,0.0
68,1,0,146,58,8971,1,68.4,0.6
49,1,0,115,60,11948,0,24.0,0.1
44,2,0,113,68,18359,1,13.5,0.1
20,2,0,110,66,11493,0,41.2,0.0
70,2,0,125,63,12793,1,63.9,0.0
45,2,0,121,54,12202,3,19.9,0.0
16,1,0,114,81,10545,0,51.3,1.9
54,1,0,98,48,6706,2,59.1,5.5
79,2,0,121,49,3459,0,69.2,0.3
71,2,0,111,55,3618,1,51.8,0.6
11,1,0,105,62,9367,0,50.0,1.1
13,1,0,107,73,6611,0,31.7,3.7
43,2,0,147,76,16127,0,60.8,4.8
77,2,0,165,99,7717,7,39.4,0.8
49,2,0,124,57,7821,0,31.1,1.1
38,1,0,134,73,9287,0,44.7,1.6
17,2,0,107,54,5345,0,28.5,3.3
14,2,0,109,53,15492,0,56.3,0.6
41,1,1,112,75,17607,0,53.0,0.3
73,2,1,142,55,16015,0,43.1,0.7
40,1,0,127,63,4375,4,18.9,4.7
10,1,0,99,83,9638,0,29.5,0.0
17,1,0,163,61,12666,0,45.6,0.0
56,2,0,118,65,12737,0,45.5,0.3
20,2,0,101,64,6384,1,11.1,0.3
27,2,0,107,60,4933,0,37.5,0.3
75,2,0,137,77,10611,2,35.4,2.3
55,1,0,119,66,6223,0,41.3,0.1
14,2,0,102,63,12356,0,25.4,0.2
79,1,1,154,80,7635,2,44.0,0.1
22,2,0,100,66,13856,2,42.0,2.9
40,2,0,104,62,11204,0,61.4,0.0
62,1,1,115,74,6509,5,6.5,0.0
25,2,1,104,73,15445,1,38.7,0.6
18,2,0,111,68,8490,0,34.5,2.2
39,1,0,131,71,8852,0,74.1,0.0
25,2,0,116,61,12821,0,7.1,0.4
32,2,0,126,49,9655,4,44.6,0.2
26,2,0,104,70,15249,0,35.1,0.8
32,1,0,124,67,12445,0,20.6,1.0
47,1,0,141,69,9335,0,59.0,0.0
62,2,0,111,70,9836,2,37.6,0.0
40,1,0,101,35,14552,1,38.0,0.0
71,2,0,102,69,6418,0,33.3,0.1
18,1,0,139,77,17470,0,50.6,0.1
45,2,0,105,51,9937,0,29.5,0.0
18,2,0,126,51,13670,0,27.1,0.0
71,1,0,129,56,4480,5,21.2,2.1
79,2,0,108,83,9433,1,64.5,0.3
74,1,0,156,111,4245,0,52.5,1.1
12,1,0,107,53,15676,0,43.7,0.0
53,1,0,104,65,10251,1,17.5,0.0
29,1,0,107,75,5381,0,48.5,1.3
11,2,1,114,68,7730,0,38.6,0.5
40,1,1,139,85,14659,7,20.3,0.2
43,1,1,132,86,8589,0,19.3,0.0
26,2,0,104,44,16828,2,17.0,0.0
56,2,0,130,74,13707,0,60.6,0.6
45,1,0,121,76,3372,0,63.9,0.0
19,1,0,98,43,14249,2,36.1,2.4
51,1,0,116,65,3518,5,13.2,2.0
15,1,0,99,50,13832,0,59.4,1.1
25,1,0,113,46,4918,0,12.5,0.1
17,2,0,100,53,15816,1,24.9,0.0
20,1,0,110,67,10686,0,54.3,0.1
11,1,0,112,95,8079,0,80.9,0.9
51,2,0,115,60,18734,0,46.1,0.7
32,1,0,115,71,6648,1,47.9,0.1
17,1,0,113,61,14230,0,28.6,0.0
30,2,0,122,66,19181,2,29.7,1.2
80,1,0,152,73,9764,3,68.3,0.0
19,2,0,100,56,9818,0,32.0,0.0
43,2,0,105,79,7626,0,47.2,0.0
37,2,0,120,63,11675,0,35.2,0.1
64,2,0,117,74,13723,0,72.6,0.2
76,2,0,134,67,7054,0,61.0,0.0
29,2,0,106,59,3000,0,36.0,0.0
63,2,0,107,62,12922,0,47.5,0.0
9,1,0,91,48,8759,0,33.3,4.3
12,2,0,97,68,15001,0,43.6,0.0
28,1,0,114,70,10923,0,47.2,0.1
9,2,0,87,50,9652,0,7.7,0.0
71,1,0,133,62,14090,0,56.7,0.0
72,2,0,111,45,10241,1,71.9,4.7
28,1,0,105,70,19385,1,26.6,2.6
19,1,0,103,64,4847,0,39.6,0.0
16,1,0,132,76,6628,0,39.5,0.0
17,2,0,102,53,14670,0,29.1,0.0
19,1,1,121,61,13452,1,33.9,1.6
49,2,0,104,75,9356,0,29.2,1.1
30,1,0,100,54,9303,0,18.2,7.4
12,1,0,96,57,12755,0,32.4,1.1
62,2,1,136,79,5588,1,29.5,0.1
37,1,0,118,69,12990,0,35.2,0.0
46,1,0,92,60,16823,0,93.8,0.0
52,2,0,140,92,12145,1,17.3,0.0
80,2,0,135,62,927,1,55.7,0.0
52,1,0,127,48,4789,4,15.7,0.0
35,2,0,125,64,11832,0,31.2,2.9
15,1,0,129,59,10971,0,34.2,0.0
38,1,0,117,53,10268,0,15.7,0.0
24,2,1,101,70,7783,0,41.9,0.6
57,2,1,106,66,11666,1,41.6,0.0
73,1,0,124,71,9468,0,39.8,0.0
45,1,0,102,53,16081,1,37.1,1.1
40,1,0,102,47,14621,0,35.2,1.1
52,2,0,115,65,10857,2,52.1,0.1
25,2,0,116,52,13068,1,41.2,0.0
51,2,0,117,71,6425,0,44.0,0.0
42,1,0,127,45,9434,0,32.6,0.1
17,2,0,110,69,9166,1,13.7,0.3
13,2,0,109,57,7103,0,27.1,5.9
14,2,0,122,39,13634,0,22.0,0.0
48,2,0,120,55,15440,1,37.2,0.2
57,1,0,148,65,8773,0,83.2,0.3
31,1,0,110,74,9430,0,50.4,0.6
16,1,0,133,64,8505,0,27.1,0.2
10,1,0,104,68,13770,0,35.9,0.2
52,2,0,85,45,14296,2,22.8,0.2
68,1,0,106,90,11525,3,55.4,0.9
72,1,0,127,81,8632,0,75.1,1.0
50,1,0,111,76,8320,0,45.9,0.5
40,1,0,164,87,9423,0,30.3,0.0
71,2,0,138,78,7024,1,57.5,0.0
18,2,0,113,65,17671,1,59.7,0.0
53,2,0,133,61,2080,4,50.2,0.0
79,1,0,165,67,4336,1,26.2,0.4
49,2,0,137,77,9314,0,58.6,0.5
49,1,0,129,81,11564,1,34.0,0.0
55,1,1,107,55,5642,0,50.3,0.4
15,1,0,121,65,14561,0,43.0,0.0
66,1,1,123,58,16358,1,47.8,0.0
33,2,0,137,63,6732,3,23.6,0.7
45,2,0,118,70,6254,0,59.6,2.0
79,2,0,160,87,3982,7,51.2,0.3
26,2,1,104,33,15981,0,12.7,0.5
59,1,0,117,70,8136,0,52.3,0.0
21,2,0,105,54,12706,0,39.7,4.4
38,1,1,112,50,9599,0,18.2,0.0
20,2,0,106,63,8078,0,37.4,0.0
10,1,0,109,65,9277,1,29.2,1.1
51,2,0,156,98,22478,0,49.0,1.7
70,1,0,119,86,8589,0,83.6,0.0
52,2,0,105,69,13902,0,53.0,0.1
80,1,0,182,112,3384,7,29.8,0.0
14,1,0,101,61,17979,0,32.6,0.4
70,1,0,169,68,6506,3,40.0,0.0
36,1,0,101,61,11670,0,42.5,1.0
60,1,1,124,71,8236,7,32.0,2.6
39,1,0,105,76,11459,0,35.8,0.3
13,2,0,105,65,15178,0,47.2,0.0
51,2,0,103,59,15818,0,56.0,0.0
68,1,0,126,77,3054,5,43.0,0.9
26,1,0,107,77,13958,0,5.0,0.2
44,2,0,111,49,12437,1,61.6,2.6
67,2,0,111,71,9656,0,74.8,0.0
47,2,0,115,56,12635,1,83.1,3.7
34,2,0,98,66,4949,0,42.6,0.1
53,2,0,148,84,4564,0,53.5,0.5
63,2,1,115,68,5399,0,56.8,0.8
70,1,0,126,73,6706,1,51.3,0.1
42,1,0,117,45,10901,0,76.9,0.0
59,1,0,151,83,9395,0,48.8,0.5
49,2,0,105,62,8374,0,42.1,2.9
60,2,0,119,85,19416,0,79.8,0.7
79,2,0,148,84,8989,1,64.4,0.0
11,1,0,98,45,7182,0,49.5,0.5
42,1,0,122,81,12161,0,56.4,0.0
59,1,0,128,83,13103,0,50.4,0.2
24,1,0,124,74,6467,0,51.1,1.0
17,2,0,105,67,16766,0,22.2,0.0
56,2,0,147,92,5593,1,39.1,0.1
18,2,0,113,68,17920,0,38.5,1.2
29,2,0,106,70,14576,0,74.6,0.5
10,2,0,101,88,16633,0,43.5,0.0
10,1,0,97,30,22949,0,26.5,0.0
73,2,0,117,70,19483,0,83.6,0.1
36,1,0,106,78,11223,0,61.2,0.0
25,2,1,127,82,10726,2,43.7,1.5
19,1,0,134,74,12653,1,32.2,0.0
25,1,0,105,47,12686,0,38.0,0.1
52,1,0,142,76,6861,0,59.2,0.1
67,1,1,133,53,7243,7,36.4,0.0
55,2,0,122,74,11491,0,51.8,0.0
11,1,0,103,48,19345,4,42.7,0.4
48,2,0,111,60,3991,0,39.4,0.4
17,2,0,107,63,10762,0,54.0,0.0
71,2,0,170,61,6455,2,53.0,0.5
59,2,0,151,71,7555,0,29.3,0.0
14,2,1,107,50,12831,4,5.8,0.0
12,1,0,92,75,15559,0,25.2,1.2
70,1,0,152,96,10133,0,45.4,1.1
33,2,0,112,76,8690,0,58.5,0.0
66,2,1,142,55,4552,13,24.5,0.0
68,2,0,140,106,7497,3,47.4,0.1
40,2,0,112,49,12728,0,34.6,4.8
76,2,0,119,60,4299,9,22.4,0.5
68,1,0,105,51,9803,8,5.0,3.9
37,1,1,90,61,6903,0,11.9,0.1
65,2,0,158,109,10875,5,64.2,0.4
19,2,0,108,54,8779,0,65.2,6.4
49,1,0,122,89,12447,0,23.8,0.3
52,1,0,116,56,16203,2,57.7,0.2
30,1,0,105,54,6926,0,32.0,0.0
24,1,0,115,70,12577,0,31.5,0.0
12,1,0,133,65,16147,0,34.2,0.0
29,2,0,101,77,5984,0,41.0,0.0
47,2,0,124,69,8749,1,18.6,0.8
34,2,0,99,64,17304,1,39.9,3.8
14,1,0,104,37,6936,0,31.8,0.0
12,1,1,122,72,11001,0,49.0,0.0
67,2,0,147,60,12952,0,47.5,4.0
32,1,0,114,67,13300,0,35.0,0.1
72,2,0,117,87,7742,2,39.0,2.5
31,1,0,108,53,18808,0,48.8,0.5
18,1,0,114,49,10185,0,33.1,0.2
53,1,0,110,46,12142,0,34.0,0.0
72,2,0,102,52,4792,5,43.4,0.1
72,2,0,132,73,10113,0,42.0,0.1
10,1,0,116,58,11679,0,37.9,0.0
56,1,0,153,64,7952,0,47.1,0.4
76,2,0,114,73,8232,1,36.4,0.0
24,2,0,94,56,8857,2,32.2,0.0
63,1,0,126,100,8803,0,30.3,0.0
63,2,0,104,67,14469,0,53.8,0.7
9,2,0,86,53,12636,0,26.9,0.2
60,1,0,121,53,12329,4,61.3,0.3
15,1,0,101,47,12889,0,27.2,0.0
65,1,0,99,51,8081,0,53.5,0.5
79,1,0,153,77,4974,0,64.5,0.2
40,1,0,140,80,4386,3,51.4,1.0
58,1,0,164,92,12321,7,44.4,0.7
60,1,0,121,66,7229,0,25.1,0.3
62,2,0,125,68,15478,0,29.4,2.6
22,1,0,102,47,15503,0,36.7,1.2
64,1,0,109,63,8476,0,28.4,0.0
14,1,0,101,67,4905,0,48.9,0.0
30,1,1,134,71,13230,4,40.1,1.8
11,1,0,103,76,16325,0,29.2,0.0
20,1,0,125,57,7061,1,10.0,2.1
32,2,0,116,74,10575,0,68.3,0.2
79,2,0,131,64,16727,0,81.7,2.6
76,2,0,117,71,9273,2,46.8,0.0
66,2,0,148,70,12389,0,30.8,0.7
14,2,0,130,81,12150,0,49.1,0.2
63,1,0,120,72,13486,3,49.3,0.0
29,1,0,93,72,4976,0,48.2,4.6
56,1,0,133,57,14834,1,49.4,0.9
15,2,0,108,35,16476,2,38.2,0.2
58,1,0,124,64,15019,0,52.1,1.7
9,1,0,94,61,13756,0,25.5,0.4
12,2,1,121,70,21150,0,42.5,1.4
45,1,0,103,77,6100,0,27.1,0.0
54,2,0,126,54,7923,0,46.7,4.6
19,1,1,113,51,11791,0,33.1,0.0
41,1,0,123,50,9322,0,60.3,0.4
45,1,0,123,51,9821,0,44.6,0.1
49,2,0,125,68,12496,5,53.1,0.7
52,2,0,125,67,8857,0,73.2,0.0
34,1,0,110,79,13390,0,37.7,0.1
43,2,0,111,66,12075,0,41.3,1.4
19,2,0,98,71,6865,0,52.6,0.3
50,2,0,93,60,16345,0,15.9,1.2
9,2,0,91,49,12865,0,48.9,0.1
15,2,0,101,65,15034,2,36.4,0.1
15,2,0,102,55,14733,0,17.0,1.0
9,2,0,99,56,12942,0,33.4,0.8
37,1,0,118,64,11536,0,28.3,0.0
34,1,1,124,99,11081,6,47.3,0.4
50,1,0,131,72,13068,0,61.7,0.0
19,2,0,123,69,13112,2,37.0,2.4
34,1,0,132,57,16193,0,61.5,0.0
21,2,1,107,66,14191,0,33.6,0.2
11,1,0,106,62,11701,0,36.4,0.0
25,2,0,96,62,9649,0,54.9,0.9
28,2,0,110,43,17475,0,48.3,0.4
18,2,0,116,69,10766,1,12.1,0.2
48,2,0,122,60,10074,0,47.6,0.0
72,1,0,98,49,13897,0,48.8,0.0
11,2,1,96,52,12763,0,29.9,0.2
34,1,0,102,64,14755,0,25.2,0.0
75,1,0,133,76,5425,0,63.1,0.4
10,1,0,114,57,21479,0,63.2,0.0
56,1,0,117,65,15458,0,37.9,0.1
61,1,0,109,67,10985,1,47.4,0.1
37,1,0,135,94,9379,0,74.3,0.9
27,2,0,127,92,7792,1,61.6,0.5
12,1,0,108,38,11545,0,5.0,0.0
52,2,0,104,86,15073,0,55.7,0.0
24,2,0,117,62,8264,0,31.5,0.2
22,1,0,116,46,9858,0,20.4,4.1
19,2,0,107,49,7846,0,19.2,1.3
38,2,0,104,87,15847,0,77.7,1.1
70,2,0,133,54,10941,0,56.0,0.7
45,1,0,112,76,8104,0,50.0,0.0
10,1,0,111,75,13206,0,62.5,2.3
18,2,0,91,50,3771,0,19.8,2.3
11,1,0,98,54,21894,0,41.5,0.0
37,2,0,124,61,11892,0,20.2,0.1
12,1,1,109,66,12105,0,39.0,0.0
11,2,0,118,80,20926,0,70.9,0.0
55,1,0,130,83,9615,1,52.8,0.2
25,2,0,110,55,5135,0,5.0,6.1
40,1,1,124,74,9387,0,17.0,0.0
24,2,0,126,57,9889,0,52.0,2.3
64,2,1,132,76,2577,1,38.1,0.3
16,2,0,133,57,12872,0,37.3,0.1
9,1,0,93,51,18540,0,36.6,0.3
17,1,0,120,77,7278,1,28.6,0.0
21,2,1,114,81,6144,0,47.8,0.1
16,1,0,118,60,13307,0,64.5,0.0
31,2,0,101,59,8203,0,78.4,2.9
53,1,0,140,92,18487,1,65.6,1.8
13,1,0,106,58,9624,0,69.3,0.0
29,2,0,151,62,13424,1,41.7,0.0
36,1,0,151,77,11802,1,63.6,1.1
67,1,1,127,62,11109,1,50.0,4.3
63,1,0,122,93,6670,2,66.8,0.0
16,1,0,130,48,13086,0,43.8,0.0
41,2,0,115,66,6749,0,37.6,0.1
57,1,0,114,64,10612,0,39.8,0.1
26,2,0,112,101,18182,0,38.6,0.3
14,2,0,126,68,19214,0,29.2,0.5
69,1,0,140,64,10360,1,28.0,6.2
54,2,0,88,68,7602,0,42.0,0.1
36,1,0,132,74,10978,0,18.9,0.0
15,1,1,94,55,13411,0,29.8,0.1
70,2,1,106,58,5812,0,43.9,1.0
76,2,0,110,64,16549,0,67.1,8.4
49,2,0,109,76,8190,0,51.0,0.5
47,2,0,103,72,13382,0,40.2,2.3
44,2,0,117,48,6244,0,31.1,0.0
42,2,0,127,82,15065,0,77.2,2.0
31,2,0,110,52,7665,8,35.6,0.0
30,2,1,101,50,9167,0,44.7,0.1
64,1,0,104,54,7252,4,15.4,1.7
53,2,0,99,58,13528,0,27.7,0.2
10,1,0,103,59,9386,0,63.0,0.2
26,1,0,142,87,6903,0,35.9,0.0
41,1,0,139,78,7547,1,57.8,0.0
41,2,0,111,78,8054,0,60.3,0.4
20,2,0,128,45,13158,0,24.3,0.0
31,2,0,124,49,12996,1,20.9,0.0
49,1,0,118,69,9045,2,47.7,0.0
19,2,0,96,60,4913,0,57.4,0.1
14,2,0,99,62,16478,0,62.0,0.0
30,2,0,105,46,11779,0,43.5,2.4
36,1,0,121,78,9009,0,40.6,0.0
47,1,0,133,66,9602,0,70.5,0.0
26,1,0,158,97,13843,0,25.3,0.0
25,2,0,117,79,8554,1,43.7,0.1
23,1,0,131,90,7177,0,67.8,0.0
25,1,0,120,60,7802,0,76.7,0.5
74,1,0,163,72,6890,0,50.4,0.6
47,1,0,119,80,4615,0,65.2,0.0
13,2,0,99,44,11945,0,40.7,7.7
9,1,0,99,66,17036,0,32.5,2.4
17,1,0,157,77,12847,0,24.9,0.0
47,2,0,125,69,7467,7,35.7,0.1
29,2,1,127,83,5323,1,57.0,0.0
30,2,0,113,74,13402,1,46.8,1.0
34,2,0,122,78,13959,1,31.4,0.0
42,2,0,115,50,8132,4,36.9,0.2
14,2,0,114,48,8311,1,17.4,3.0
13,1,1,117,53,8398,0,56.0,0.1
41,1,0,137,79,10637,0,87.0,0.0
13,2,0,113,57,12306,0,75.1,3.1
47,1,0,136,83,17883,4,68.3,0.2
74,2,0,140,65,3086,0,12.9,0.1
78,2,1,140,81,9688,0,77.5,0.6
43,1,0,100,63,11029,0,51.9,0.1
57,1,0,106,56,8439,1,36.1,1.4
43,2,0,100,60,9351,0,61.6,5.0
11,1,0,103,53,20500,0,44.0,1.4
30,2,0,103,74,13985,0,48.2,0.6
12,2,0,99,42,17539,0,31.2,0.0
11,2,0,101,70,17993,0,76.6,0.1
26,2,0,120,70,16997,3,31.3,1.5
62,2,0,103,47,10665,1,61.3,1.0
11,2,0,102,46,7058,0,26.9,0.0
25,1,0,130,57,11792,0,39.9,0.0
46,2,0,100,68,9925,0,40.2,0.0
61,1,0,114,61,1947,1,19.9,0.0
44,1,0,99,45,19060,0,25.7,0.1
46,2,0,103,54,15235,0,46.6,0.8
11,1,0,94,60,10318,0,30.8,0.0
60,2,0,117,97,17918,3,41.0,1.2
42,1,0,105,63,10441,1,16.6,0.0
47,1,1,118,50,15198,0,21.6,0.2
14,1,0,118,60,12083,0,17.5,0.2
23,1,0,117,71,7506,0,45.2,0.0
15,2,0,96,59,7101,2,47.9,0.0
79,1,0,113,85,8625,1,74.6,0.0
72,2,0,114,43,11045,6,65.6,5.2
16,1,0,111,61,14129,0,73.1,1.7
18,1,0,101,58,12605,0,45.1,0.5
56,2,0,116,79,5944,0,26.5,2.5
37,2,0,124,62,7546,1,47.5,0.9
31,2,1,110,59,13738,0,35.6,0.5
13,1,0,123,73,3083,0,47.9,2.8
74,2,0,144,95,4779,3,60.0,0.0
60,1,0,129,48,10205,0,42.2,1.9
24,2,0,111,68,11687,0,53.8,0.1
13,1,0,110,50,12369,0,48.2,0.0
12,2,0,93,61,11744,0,33.9,0.0
30,1,0,133,82,5708,3,39.1,2.2
44,1,0,128,68,8789,0,78.9,0.4
31,2,0,108,77,9576,1,22.8,0.0
13,2,0,105,61,13465,0,36.4,0.0
9,1,0,112,72,10708,0,45.6,2.6
77,2,1,146,73,14699,1,53.0,0.1
10,2,0,112,44,12129,0,31.6,0.6
33,2,1,114,81,13829,9,36.1,0.0
62,1,0,124,66,5252,1,76.0,0.3
44,1,0,153,72,16119,1,23.9,1.4
11,2,0,105,76,11284,0,53.1,0.0
53,2,0,113,66,11145,0,45.9,0.2
17,1,0,104,53,10278,0,36.3,1.4
74,2,0,162,81,8382,2,64.9,0.1
11,1,0,116,73,13421,0,43.2,0.0
65,2,0,156,87,8304,0,56.3,0.0
21,1,0,119,63,11713,0,54.0,0.0
60,1,0,99,57,15174,2,20.4,1.1
55,1,1,133,85,8546,6,20.5,0.6
22,1,0,118,72,4623,0,67.1,0.6
50,1,0,115,55,14636,1,19.1,0.2
35,2,0,102,65,7944,0,43.8,1.8
46,2,0,140,68,11613,0,41.1,1.1
80,2,0,185,71,7080,11,55.4,0.4
19,1,0,103,50,6880,0,47.6,0.1
61,1,0,101,87,7425,4,8.7,1.6
65,1,0,136,67,7825,2,32.3,1.3
74,1,0,121,58,7781,1,70.3,0.1
35,2,0,116,43,9384,1,65.1,0.0
9,2,0,97,70,14049,0,33.3,0.0
75,2,0,143,81,4317,1,58.4,0.1
57,2,0,102,76,12755,1,55.8,0.7
52,2,0,118,77,12635,0,54.6,0.0
47,2,0,118,86,7427,0,50.2,0.0
36,2,0,110,50,15406,0,74.9,3.3
65,1,0,145,71,7825,4,10.4,2.0
58,1,0,123,70,10910,2,52.3,0.0
62,2,0,128,42,6461,0,28.0,0.3
56,2,0,124,56,11067,9,30.9,4.4
11,1,0,91,46,12513,0,36.9,0.0
13,1,0,143,88,13420,2,37.1,0.1
35,2,0,139,75,12567,1,60.8,1.5
42,1,0,143,71,12580,0,37.4,0.0
9,2,1,101,41,11398,0,5.0,0.2
47,2,0,109,37,11721,0,36.0,0.0
40,2,0,112,65,7226,0,60.2,0.1
40,1,0,142,72,7423,0,22.1,1.7
18,1,0,113,70,10030,0,48.9,2.1
44,1,0,107,80,6621,0,35.4,0.1
11,2,0,97,56,10194,0,37.6,0.0
52,1,0,141,54,13054,1,33.5,0.0
9,2,0,89,62,22255,0,25.9,0.6
28,1,0,90,56,10912,2,48.2,0.1
58,1,0,118,82,12852,0,48.1,0.0
12,1,0,111,67,15920,0,37.8,0.0
53,2,1,115,63,11215,2,34.6,0.0
80,2,0,144,77,3471,2,75.7,2.3
9,1,0,108,48,9042,0,29.5,2.7
24,1,0,114,80,5795,1,36.7,0.0
29,1,0,93,67,12700,1,40.0,1.8
12,2,0,89,71,12405,0,21.7,0.2
53,2,0,124,58,4639,0,29.7,2.1
56,1,0,124,87,11493,3,65.7,2.0
58,2,0,129,85,6820,0,67.7,0.0
17,1,0,103,58,11636,0,40.6,0.0
11,1,0,105,59,14746,0,42.3,0.0
24,2,0,97,57,11760,0,34.6,3.6
9,1,0,139,82,9270,3,9.7,0.1
45,1,0,133,76,6454,0,39.3,3.6
29,1,0,104,83,20942,0,49.0,0.1
16,1,0,91,64,9903,0,21.8,0.3
9,2,0,89,55,15122,0,15.1,0.0
48,2,0,126,59,9453,0,52.3,0.3
31,2,0,142,63,8533,0,51.4,5.5
20,2,0,119,64,8165,0,52.6,0.1
43,1,0,149,63,13235,3,53.3,0.3
13,2,0,99,66,10797,0,70.1,0.0
20,1,0,105,86,11585,0,20.8,0.2
38,1,0,141,69,10465,0,73.4,2.3
37,1,0,127,82,9893,0,30.8,0.5
16,2,0,105,67,12201,0,63.2,0.6
31,2,0,103,75,7933,0,60.1,0.1
60,1,1,137,57,4360,4,56.1,0.0
24,2,0,120,69,5996,0,25.5,0.3
56,2,0,136,77,6677,0,43.7,0.0
33,2,0,109,55,10078,0,43.9,0.0
36,1,0,93,62,9229,1,25.5,0.0
35,2,0,128,61,9495,0,42.6,0.0
53,1,0,107,73,12605,0,37.4,0.2
9,2,0,88,37,4914,0,25.1,0.4
9,2,0,87,46,14040,0,32.1,0.2
18,2,1,99,60,7907,0,22.7,0.0
72,2,1,128,54,7417,4,28.4,1.0
74,1,0,133,75,4396,1,56.0,1.5
40,2,0,109,53,8730,0,56.7,0.2
79,2,1,157,76,7867,7,46.6,0.0
14,1,0,104,40,7662,0,40.8,0.0
61,1,0,120,81,6671,1,22.4,0.1
40,1,0,137,68,16479,0,68.3,1.0
65,2,0,110,70,4448,0,45.4,2.8
61,1,0,143,96,5483,2,41.3,0.2
21,1,0,135,81,6274,0,41.5,0.0
32,2,0,133,66,9063,1,29.8,0.0
45,2,0,121,65,14906,0,33.9,0.5
12,1,0,117,60,8839,0,33.5,0.9
14,2,0,98,57,17879,0,24.3,0.4
18,2,0,125,67,15996,0,60.1,3.1
23,2,0,107,66,11015,2,39.6,0.0
76,2,0,147,92,5817,0,10.1,0.0
18,2,0,124,105,8061,1,21.0,0.0
20,1,0,112,39,7782,0,30.0,0.5
77,2,0,140,81,13250,7,29.6,0.0
10,1,0,101,54,13086,0,20.7,0.2
25,1,0,98,32,10486,0,59.7,0.0
24,2,0,126,83,10208,0,45.4,0.0
47,2,0,134,72,10358,0,70.1,0.0
18,1,0,102,43,15946,0,30.9,0.3
19,2,0,106,69,11191,0,30.6,2.8
58,2,0,122,79,7542,0,15.9,0.0
14,2,0,130,74,21982,1,47.9,0.1
42,2,0,120,82,18330,0,56.9,1.2
29,2,0,123,59,17848,0,66.2,1.9
13,2,0,117,74,10065,0,41.3,0.1
15,2,0,88,55,21411,3,37.2,0.0
50,1,0,138,77,6254,8,34.8,0.0
53,2,1,141,84,18801,1,29.4,0.0
18,2,0,105,80,13442,1,23.9,0.7
29,1,0,122,87,14867,0,59.1,0.0
57,2,0,113,76,9060,0,41.0,2.1
10,1,0,91,53,7609,0,66.3,0.0
60,1,0,111,52,8976,2,41.5,0.0
47,1,0,114,73,8158,0,55.2,1.7
13,1,0,121,63,8755,0,34.4,0.0
23,1,0,108,69,13818,0,73.2,0.0
32,1,0,98,37,5845,1,13.7,1.6
26,1,0,94,58,12247,0,38.1,0.0
57,1,0,145,95,10695,1,73.1,0.0
25,2,0,110,97,18335,0,93.2,3.0
54,1,1,132,83,9001,0,49.4,0.0
59,1,0,105,54,13860,0,31.2,1.3
75,1,0,166,79,12645,1,59.4,0.1
71,1,0,112,68,14351,0,39.6,0.0
42,1,0,111,43,4524,0,47.8,0.1
34,2,0,115,60,10011,0,57.0,4.9
63,2,0,116,66,9284,4,37.0,0.0
80,1,1,153,78,5201,5,33.6,0.0
30,2,0,97,66,3917,0,37.3,0.1
11,2,0,113,86,9439,1,29.2,0.3
9,2,0,123,52,14733,0,51.6,0.1
33,2,0,101,64,4717,0,34.2,0.2
73,1,0,116,71,5875,0,65.6,0.0
20,1,1,112,62,16215,0,22.1,4.2
14,2,0,113,34,17255,0,20.5,0.0
64,2,0,132,82,10665,0,63.4,0.0
25,2,0,98,57,8920,1,32.6,3.0
43,2,1,136,84,6696,0,67.1,2.8
15,1,0,98,65,9532,6,27.4,3.2
25,1,0,106,71,6482,0,39.5,0.0
72,1,0,135,86,13790,4,33.2,0.1
39,1,0,116,63,6300,0,47.5,0.1
73,2,0,112,66,8369,2,91.1,4.3
32,2,0,146,76,5530,0,57.7,0.1
19,1,0,117,62,13157,0,41.0,0.1
61,1,0,146,73,11392,0,55.3,0.0
11,1,0,92,72,12689,0,20.7,0.0
40,2,0,110,73,11514,0,22.5,5.1
59,2,0,115,60,17168,0,57.5,0.0
9,1,0,90,55,3602,0,35.8,1.6
24,2,0,126,72,8217,0,41.2,0.0
35,2,0,112,70,7433,0,41.2,0.0
23,1,0,108,72,4544,1,14.9,2.3
28,2,1,97,68,8787,0,29.1,3.4
58,1,0,131,75,6249,0,40.9,0.1
50,2,0,107,58,7195,5,18.0,3.8
27,1,0,100,78,10489,0,67.1,0.0
22,2,0,121,81,14670,0,73.0,0.1
12,1,0,130,76,11337,0,41.0,0.8
42,1,0,102,79,10857,0,68.6,0.2
42,2,0,130,72,10042,1,47.9,1.1
70,2,1,129,72,7541,0,33.6,1.9
60,2,0,116,71,12198,0,51.6,0.1
32,1,0,117,63,14763,2,22.3,0.0
28,1,0,118,85,4940,0,70.5,0.2
49,2,0,101,55,6268,1,67.1,0.1
60,2,0,118,68,8344,3,35.3,1.8
70,2,0,124,91,13786,3,55.8,0.0
66,2,0,155,87,11026,1,83.1,0.1
45,2,0,155,85,3542,0,26.7,0.2
16,1,0,99,58,17788,0,50.7,0.2
10,2,0,108,56,10555,0,22.0,0.9
23,1,0,93,40,3412,0,45.1,0.0
48,1,0,118,89,8931,1,41.0,2.8
32,1,0,96,65,11386,0,67.2,0.0
71,2,0,133,79,7035,3,50.4,0.0
29,1,0,142,83,14275,0,64.9,1.6
49,1,0,124,65,8809,0,24.9,5.0
79,2,0,155,76,9991,2,81.0,1.0
18,2,0,111,70,8303,0,44.2,0.0
31,1,0,131,60,16528,0,60.8,0.4
49,2,0,148,69,5243,7,16.0,1.7
14,1,0,117,78,18255,0,33.8,0.2
41,2,0,118,59,4083,1,62.5,0.1
45,1,0,112,77,13067,0,89.9,0.0
78,1,1,107,66,10270,5,60.7,0.5
78,2,0,138,94,3871,7,69.9,2.4
50,1,0,130,53,5491,1,50.7,9.6
66,2,0,110,66,12561,0,50.4,0.5
79,1,0,139,75,6286,0,41.8,0.2
39,1,0,106,88,12412,0,85.0,0.0
32,2,0,116,67,11484,0,5.0,0.5
9,2,0,98,41,21638,0,32.7,1.0
47,1,0,97,62,5796,0,45.6,0.0
21,2,0,125,75,15810,0,83.6,1.6
10,1,0,97,76,12564,0,45.3,0.0
30,2,1,125,56,15701,2,36.8,0.0
56,1,0,95,65,11158,0,52.7,0.1
62,2,1,120,66,7510,6,18.8,0.0
24,2,1,130,68,8893,1,53.7,0.0
50,2,0,114,64,5317,1,65.3,0.0
47,2,0,121,86,11692,0,28.6,0.0
44,2,1,140,85,8744,1,47.8,0.4
28,2,0,106,70,15911,0,87.0,0.1
44,1,0,131,69,9707,0,48.3,0.1
75,1,0,111,63,5229,2,8.5,2.9
37,1,0,129,56,7887,0,57.6,0.0
23,2,0,116,67,16068,3,60.8,0.0
24,2,0,113,76,6686,0,43.2,0.0
13,2,0,107,64,15437,0,59.9,0.0
46,2,0,118,71,5060,0,12.4,0.8
29,1,1,127,66,14385,0,7.8,3.8
27,1,0,113,62,4459,0,23.2,0.1
10,2,0,103,50,14564,0,35.6,0.0
65,2,0,118,61,10361,2,61.6,3.5
76,2,0,113,59,11585,0,57.3,0.0
35,1,0,121,87,6168,1,42.7,4.4
14,2,0,102,59,11068,1,23.8,0.2
17,2,0,94,58,10676,0,64.2,0.0
32,1,0,100,64,12857,0,35.3,0.0
46,2,1,108,66,17790,0,38.3,0.0
24,2,0,123,85,9302,0,95.0,0.0
58,1,0,150,87,7224,0,42.2,0.0
68,2,0,124,74,3749,1,74.6,0.0
10,1,0,91,53,12513,0,44.1,0.0
27,1,0,109,83,15074,1,64.8,1.7
79,1,0,208,108,5437,10,66.1,9.0
13,1,0,99,51,12816,0,40.0,0.1
78,2,0,139,74,7242,8,39.2,0.8
78,2,1,121,87,7307,6,52.3,2.4
56,1,0,107,53,16073,0,65.7,0.2
25,2,0,103,66,18212,2,48.8,2.0
44,2,0,125,82,16442,0,50.3,5.3
69,2,0,121,80,20949,0,29.4,0.5
42,1,0,126,52,6906,0,26.4,0.1
26,1,0,127,56,9374,0,34.6,3.9
79,1,0,163,89,2594,1,55.7,0.0
77,1,0,116,73,17168,2,39.0,0.2
74,2,0,143,86,11802,0,13.8,4.0
30,1,0,118,77,12319,2,52.7,0.0
13,1,0,105,45,19041,0,26.7,0.0
55,2,1,126,79,16153,0,49.2,0.0
41,1,0,94,60,18757,0,56.7,0.1
25,1,0,104,47,12857,5,5.0,0.4
48,1,0,95,57,7368,0,51.9,0.7
11,2,0,93,49,11428,0,51.2,4.1
15,2,0,120,72,8452,0,26.9,7.5
23,1,0,96,58,5955,2,8.4,0.9
30,2,0,112,67,16976,0,43.9,5.1
59,1,0,146,68,6379,2,31.2,2.4
21,2,0,119,74,12338,0,31.9,0.0
48,2,0,126,82,17628,0,75.9,0.0
29,2,0,106,65,10656,1,55.1,8.4
67,1,1,124,51,20152,0,74.6,0.0
9,2,1,120,65,7790,0,66.9,0.7
15,1,0,107,74,5757,0,31.0,0.0
54,2,0,129,62,8333,3,27.0,1.2
60,2,0,137,58,4135,2,49.5,0.0
25,1,0,113,58,9650,1,54.1,1.5
79,1,0,134,101,6920,8,42.6,0.2
12,1,0,115,61,17155,0,50.8,1.0
62,1,1,120,70,12800,0,43.9,0.0
33,1,0,120,55,10011,0,59.5,0.2
15,1,0,101,38,11974,0,15.5,0.0
24,2,0,136,54,13010,0,49.3,0.4
18,1,0,106,51,16229,0,55.5,0.2
36,2,0,97,72,5946,0,36.1,0.0
68,1,0,148,77,5958,0,54.6,0.2
62,1,0,112,83,6472,0,22.8,0.0
32,2,0,151,88,13304,7,49.4,0.0
77,1,0,164,63,7768,1,80.4,5.0
34,2,0,103,59,13632,0,34.3,0.4
62,1,0,128,61,9288,1,49.8,1.2
17,2,0,117,73,12156,3,64.1,1.9
68,2,0,136,76,10760,0,48.2,0.2
10,1,0,100,75,16544,0,80.8,0.2
19,1,0,141,71,10984,0,39.2,0.5
10,2,0,105,43,17204,0,19.5,0.1
10,1,0,104,51,13248,0,34.6,0.0
12,1,0,117,59,3749,0,47.1,0.0
74,1,1,146,49,9270,1,40.5,0.2
58,2,0,146,74,4655,2,39.3,0.0
12,2,0,102,36,15920,1,36.0,0.5
65,1,0,131,72,9747,0,49.1,0.4
15,1,0,94,44,14450,1,55.5,0.1
76,1,1,136,76,7357,0,39.7,2.0
51,1,0,136,83,10989,1,51.1,0.3
61,1,0,127,86,14003,0,39.5,0.0
78,2,0,138,79,6003,0,76.9,0.0
74,2,0,134,75,6548,0,52.7,0.5
31,1,0,115,69,9989,0,57.6,0.1
13,1,0,101,76,7857,0,59.3,0.0
49,2,0,115,40,15497,0,27.8,0.6
60,1,0,115,71,7524,5,45.2,0.0
10,1,0,109,63,10685,0,30.1,0.5
73,2,0,127,53,5168,0,59.7,2.9
67,1,0,155,88,7998,0,64.4,1.6
11,1,0,97,59,20625,0,67.6,0.2
45,1,0,126,68,8781,2,34.6,0.0
52,2,0,142,56,16270,3,45.5,0.1
28,2,0,131,54,20160,0,41.7,2.7
24,1,0,102,71,17860,0,41.5,0.0
11,2,0,99,50,13611,0,29.0,0.1
13,2,1,93,52,11067,0,19.0,1.5
18,1,0,96,50,9411,1,27.3,0.0
20,1,0,103,59,11547,0,36.7,5.8
10,1,1,115,57,6654,0,27.2,0.2
19,1,0,106,74,13343,0,38.1,0.0
25,2,0,115,72,9167,0,30.0,0.2
28,1,0,100,56,12618,0,63.9,0.7
17,2,0,110,72,10715,0,48.6,0.0
72,1,0,169,104,10412,4,32.3,0.1
22,2,0,117,68,10872,3,31.3,0.0
77,1,1,150,75,3772,1,22.3,2.9
15,1,0,104,64,15942,0,42.4,0.0
43,2,0,123,69,8534,0,54.4,5.0
80,1,0,156,65,6575,1,49.6,0.2
35,2,0,134,71,8690,0,61.7,1.6
13,1,0,107,50,7933,0,59.1,0.1
9,2,0,98,43,7108,0,25.5,0.4
68,1,1,121,97,9769,0,37.2,0.2
45,2,0,94,55,14296,0,47.6,1.1
15,2,0,108,60,14383,0,35.7,0.0
12,2,0,100,73,8909,0,21.3,0.1
62,2,0,127,85,7199,0,76.3,0.5
78,1,0,116,80,5518,2,84.4,0.0
10,1,0,96,67,14575,0,39.4,1.4
61,1,1,123,76,10972,5,39.8,0.5
33,1,0,95,63,12182,2,42.3,0.5
42,2,1,106,55,11301,2,20.8,1.8
31,1,0,134,65,10165,1,39.1,1.1
39,2,1,129,74,6297,0,36.3,2.6
9,1,0,97,40,21019,0,56.6,0.0
62,2,0,119,82,17346,1,35.2,0.0
54,1,0,111,68,7237,4,36.6,0.1
33,2,0,162,81,13868,0,62.6,0.0
25,1,0,105,76,25300,0,60.6,0.0
20,1,0,90,55,10082,0,35.4,0.9
12,1,0,103,78,11029,0,23.8,0.1
12,2,0,118,55,14980,0,36.8,3.6
21,1,0,124,60,16044,3,7.7,0.1
67,1,0,124,71,11118,0,37.5,0.0
61,1,0,121,81,9922,1,41.7,0.0
70,1,0,121,65,5265,2,43.0,0.1
30,1,0,105,53,10158,0,45.1,0.4
38,1,0,122,79,3303,0,26.6,0.7
22,2,0,86,47,4185,2,18.4,4.2
47,1,0,111,75,11522,0,27.5,0.4
11,1,0,105,44,15375,0,49.1,0.0
47,2,0,118,75,10405,0,18.0,0.0
36,1,0,96,65,9188,0,46.6,1.3
68,2,0,129,83,7468,4,31.9,0.4
76,1,1,130,63,6243,1,28.4,1.7
63,2,0,170,69,9940,2,48.1,0.0
75,1,1,128,65,15452,0,56.4,0.9
29,1,0,107,79,7411,3,43.1,0.4
13,1,0,97,46,12966,0,38.3,2.4
39,2,0,108,55,8564,0,62.0,0.0
17,1,1,119,64,11919,0,31.9,1.8
11,1,0,84,60,19305,0,29.9,2.3
66,1,0,149,76,8312,1,43.2,0.5
25,1,0,105,70,11237,1,36.9,0.0
20,1,0,116,70,7627,0,46.5,0.0
17,2,1,108,42,13013,0,27.9,0.0
48,2,0,112,69,7718,2,10.9,4.3
13,1,0,111,50,11176,0,40.1,2.4
56,1,1,135,86,6444,0,46.5,0.0
16,2,0,112,65,8205,0,46.5,0.2
34,1,0,108,67,9392,1,5.7,3.9
17,2,0,112,54,17824,0,64.0,0.0
15,1,0,112,52,8588,0,43.2,5.1
44,2,0,109,80,8764,0,47.0,0.7
31,2,0,114,71,16606,0,55.4,1.4
38,2,0,161,75,4767,4,39.1,0.0
15,1,0,111,66,10268,0,35.2,0.0
40,1,0,140,62,7423,0,58.3,1.2
20,1,0,90,58,8018,0,35.2,0.0
12,2,0,94,50,24796,0,55.3,0.0
27,2,0,113,44,12289,0,49.3,0.0
36,1,0,118,56,5782,4,46.4,0.5
43,1,0,106,69,7569,0,42.8,0.0
16,2,0,109,63,13039,0,46.2,0.8
41,1,0,123,69,12076,0,28.2,0.0
28,2,0,100,56,10700,2,12.5,0.0
32,2,0,116,74,9886,1,13.2,1.3
62,1,0,147,75,4998,1,36.6,0.1
55,2,0,107,66,16485,0,49.7,5.9
79,1,0,170,88,11147,2,59.3,2.9
48,2,0,115,66,10113,3,5.0,0.1
27,2,0,135,69,2908,0,67.2,0.0
38,2,0,116,71,6584,0,65.5,4.6
9,2,0,91,69,7944,0,26.0,2.2
42,2,0,102,64,9422,0,58.4,1.6
64,1,0,160,88,5710,0,47.9,3.4
65,2,0,113,71,6607,1,54.8,2.7
10,1,0,103,37,11833,0,12.6,0.0
38,2,1,124,83,14883,0,66.2,0.9
19,1,0,109,44,10764,0,32.4,0.0
32,1,0,106,70,13256,0,31.2,0.8
15,1,0,108,68,16619,0,35.7,0.6
80,1,0,142,57,2229,7,27.9,0.1
58,2,0,124,73,16631,3,66.9,0.0
13,1,0,112,45,18973,0,65.5,0.1
40,2,0,155,81,7561,1,40.5,0.2
58,2,0,106,67,8736,0,47.3,0.0
60,2,0,113,60,6615,2,65.2,0.5
68,1,0,124,78,8161,0,62.7,0.5
15,2,0,98,72,17885,0,6.0,0.0
13,2,0,104,55,12231,0,45.6,0.1
43,2,0,112,73,8256,0,57.3,0.0
16,2,0,97,66,12604,0,5.0,1.9
59,1,0,122,81,10328,0,65.6,0.0
35,2,0,118,47,11448,0,58.5,0.1
30,1,0,130,77,13227,1,61.2,0.0
12,2,0,99,52,20263,0,50.4,0.0
68,1,0,109,74,5690,0,51.2,0.6
55,2,0,108,67,9222,1,59.9,0.0
51,1,0,119,56,6449,0,29.8,4.4
50,2,0,125,75,5526,0,62.6,0.1
10,1,0,116,62,22169,0,57.4,0.0
77,2,0,128,62,15564,0,73.6,0.0
18,1,0,110,79,15183,0,52.0,0.0
54,1,0,130,92,10787,6,7.7,0.3
48,2,0,106,63,12814,0,58.6,0.4
61,1,0,126,53,10157,3,46.1,0.6
27,2,0,99,60,6419,0,81.2,0.3
38,2,0,105,53,16094,4,44.5,0.0
80,2,0,137,72,9147,1,67.0,0.0
10,1,0,102,60,7731,0,64.2,0.4
21,1,1,133,55,21444,0,60.5,0.5
74,2,0,115,75,8850,0,31.9,1.7
63,1,0,152,71,8061,0,55.8,0.0
69,1,1,161,82,4503,0,28.6,0.2
11,1,0,102,66,7694,0,33.9,0.7
51,2,0,128,66,8362,3,53.2,0.4
34,2,0,93,42,6948,2,28.5,4.9
74,1,0,122,86,9370,0,42.2,0.0
38,1,0,147,73,7196,3,63.0,0.0
10,2,0,119,84,14156,0,47.8,0.0
70,2,0,141,87,10498,0,52.6,0.1
21,1,0,102,41,4900,0,41.4,1.2
55,1,0,136,70,5396,1,20.9,0.0
31,1,0,100,71,2934,0,46.8,0.3
13,2,0,106,84,15561,0,28.0,0.0
61,2,0,121,65,13817,0,28.0,1.0
52,1,0,111,88,16287,0,80.2,4.9
24,2,0,121,71,9114,0,53.6,0.1
63,2,0,125,77,14987,0,61.5,0.0
63,1,0,109,72,10245,1,41.2,0.1
34,1,1,102,34,8391,0,37.7,0.0
30,2,0,129,64,7005,0,51.6,0.3
75,1,1,143,65,8073,0,49.5,2.6
36,2,0,105,66,11816,0,48.1,0.4
23,1,0,103,67,7909,0,29.6,0.6
19,1,0,103,51,16013,0,58.4,0.7
38,1,0,118,81,7424,0,45.4,7.1
28,1,0,133,68,18712,0,32.0,1.2
23,1,0,134,59,9351,0,49.2,0.0
78,1,0,125,82,9154,1,48.3,0.0
70,1,0,125,69,15185,0,60.8,0.0
16,2,0,92,64,11667,0,5.0,0.2
22,1,0,135,76,5653,1,39.4,0.0
25,1,0,132,70,13000,1,72.9,0.1
21,1,0,104,42,16708,0,59.7,0.8
36,1,0,128,73,9219,0,69.1,0.0
29,1,0,105,68,9699,0,29.0,0.0
26,1,0,129,80,13629,2,48.2,0.0
36,1,0,118,61,15643,0,58.3,5.8
50,1,0,125,71,8443,0,73.7,0.0
52,1,0,113,56,13826,1,47.4,0.5
45,1,0,118,66,11539,3,32.7,1.1
32,2,0,113,56,10357,0,59.3,0.0
63,2,1,156,85,10232,8,29.1,5.4
19,2,0,91,39,6810,0,43.8,1.5
30,1,1,121,59,4931,0,30.4,1.2
68,2,0,118,71,7436,0,62.5,0.1
78,1,0,121,69,15371,0,78.4,0.0
36,2,0,116,61,11213,1,26.7,3.9
45,1,0,119,70,10024,0,51.9,0.1
37,1,0,123,79,14713,2,34.1,2.0
26,2,0,110,64,5712,0,58.9,0.6
57,1,0,110,56,7229,1,19.7,0.6
27,2,0,117,59,14646,0,51.9,0.4
62,2,0,121,62,10013,0,28.8,0.1
28,2,0,114,65,15317,0,25.3,3.9
29,2,0,95,37,4188,3,56.2,0.2
28,1,0,119,78,7385,1,38.6,0.0
56,2,0,133,76,7134,1,31.1,0.0
72,2,0,123,75,8015,5,42.7,3.3
49,1,0,116,68,6775,0,50.2,2.5
43,2,0,120,63,4258,0,22.0,3.8
38,1,0,148,70,6303,0,26.7,0.1
26,2,0,124,77,16622,0,35.9,1.4
78,2,0,141,86,12123,12,41.6,0.0
10,1,0,137,63,17710,0,33.7,0.5
74,2,1,114,81,12021,5,51.8,0.0
66,2,0,133,58,6906,0,18.8,0.2
24,1,0,124,84,7034,4,42.5,0.0
17,1,0,122,63,2405,0,29.1,0.3
44,2,0,120,78,8104,0,34.8,0.4
21,1,0,116,74,9959,0,56.1,0.6
24,2,1,123,71,16801,0,38.5,0.4
19,1,0,122,52,10480,0,23.0,0.1
38,2,0,121,62,14712,1,27.6,1.6
11,1,0,103,60,13863,0,19.8,1.8
30,2,0,125,70,14027,0,39.5,0.7
23,2,0,93,69,13058,0,45.3,1.1
39,1,0,134,74,6814,0,13.6,0.0
11,2,1,99,52,16226,1,11.4,0.0
29,1,0,114,70,15619,0,48.0,2.6
40,2,0,85,55,9600,1,42.7,0.0
62,1,0,120,67,7147,3,50.3,0.2
37,1,0,94,56,23162,0,57.3,0.4
53,1,0,147,75,7617,0,88.3,0.0
41,2,0,115,63,11047,0,52.4,0.0
43,2,1,115,67,11480,1,8.0,0.0
50,1,1,124,85,14487,0,20.7,2.2
41,2,1,136,90,6361,4,27.8,2.7
18,1,0,112,83,9013,0,45.8,0.2
14,2,0,100,71,10878,0,28.0,8.1
66,2,0,129,86,13535,0,49.5,0.0
75,1,0,127,68,8579,0,62.0,0.5
50,1,0,103,67,10517,0,66.8,0.1
11,2,0,110,55,9466,0,57.0,0.0
51,1,0,113,65,17791,0,67.4,0.0
68,1,1,126,62,15709,8,21.5,0.0
66,2,0,126,58,8180,0,53.7,0.0
19,2,1,102,59,4449,0,23.4,0.2
14,1,0,118,54,13482,1,6.3,0.0
37,1,0,109,54,14787,0,62.2,0.1
12,1,0,91,48,12146,0,17.7,0.4
40,2,0,127,77,7149,0,60.7,0.0
71,1,1,138,72,6511,0,35.7,7.1
32,1,0,113,64,13011,0,77.6,0.7
71,2,0,99,59,3736,1,56.6,0.2
45,1,0,94,58,7759,0,63.6,0.4
29,2,0,118,73,15095,5,64.8,0.0
52,2,0,152,92,8755,7,31.3,0.3
29,1,0,132,63,8028,0,45.5,2.7
26,2,0,94,53,9850,0,26.4,9.6
21,2,0,106,57,9806,3,51.0,0.0
14,1,0,133,53,18203,3,36.3,0.0
9,1,0,88,38,11523,0,51.5,0.0
55,1,0,117,82,12172,0,41.7,2.2
22,2,0,108,83,4643,0,40.0,0.0
57,1,0,113,60,8435,0,26.8,0.0
29,2,0,104,57,8849,0,68.5,0.2
42,2,0,157,72,5988,0,70.7,1.2
54,2,0,113,67,10112,0,60.7,0.0
39,2,0,172,65,9908,11,74.2,2.6
16,1,0,105,63,27089,0,62.7,1.3
80,1,0,139,93,2230,6,52.7,0.2
10,2,0,106,69,9163,0,37.7,0.4
36,2,0,100,62,14563,3,14.3,0.5
38,1,1,142,88,12905,2,71.3,0.0
49,2,0,117,46,9541,0,74.7,6.3
77,1,1,133,82,3330,1,64.0,0.0
41,2,0,142,71,18107,0,73.1,0.0
33,2,0,106,63,4093,0,75.2,0.1
61,2,0,122,73,18394,2,59.0,0.0
77,2,0,111,52,3849,0,41.7,0.5
22,2,0,117,52,4425,0,29.8,0.6
51,1,0,140,83,6451,1,44.0,1.2
30,2,0,113,79,11284,2,45.3,0.0
31,2,0,139,63,17163,2,19.3,0.0
79,1,1,140,58,5072,1,36.9,0.0
12,1,0,97,55,15870,0,53.3,0.4
16,1,0,119,59,11729,1,56.5,0.2
72,1,0,106,67,12228,1,39.0,0.0
33,1,0,126,62,4041,0,37.6,0.0
60,1,0,134,93,9611,0,50.5,1.1
14,1,0,98,69,16063,0,52.0,0.1
19,1,0,118,71,13066,0,45.1,0.1
43,1,0,112,65,8676,0,58.7,0.0
62,1,0,156,75,9699,5,33.6,0.0
45,1,0,110,69,4757,2,51.0,1.4
59,1,0,133,72,15257,0,36.4,0.0
20,1,0,133,65,13358,1,44.2,0.2
53,1,0,132,66,17684,0,91.0,0.0
68,2,0,136,72,4961,0,41.2,0.1
28,2,0,109,68,9508,3,34.5,0.3
27,2,0,109,50,13303,0,38.1,0.0
30,1,0,87,51,17421,0,46.3,2.3
17,1,0,102,58,10927,0,57.0,1.4
56,2,1,122,54,4339,0,34.3,0.5
12,2,0,85,55,11494,0,39.3,8.0
62,2,0,153,81,9191,0,41.1,2.6
76,2,0,139,85,3992,0,58.1,0.7
35,2,0,132,75,12359,0,62.4,2.7
22,2,0,113,79,15718,0,46.9,0.5
14,2,0,93,65,17155,0,52.8,0.1
29,2,1,124,54,9917,0,5.0,0.2
21,1,0,132,57,13260,0,43.4,0.4
38,2,1,144,69,15381,4,23.0,0.1
12,2,0,94,60,17242,0,51.8,0.7
12,2,0,104,65,15404,0,49.5,0.0
10,1,0,101,41,13488,0,51.3,0.0
14,1,0,101,82,13443,0,39.9,0.0
72,1,0,132,66,5585,3,51.9,0.0
29,2,0,101,71,19009,0,47.6,0.0
52,2,0,120,53,14747,2,43.5,0.0
23,2,0,109,54,8788,2,55.5,2.1
35,1,0,151,67,14635,2,47.4,0.0
14,1,0,121,76,11491,0,52.1,1.7
33,2,0,103,55,16059,0,70.5,0.1
9,2,0,111,54,19204,0,45.5,0.0
18,2,0,91,48,4480,0,22.5,1.4
29,2,0,119,68,5584,0,42.4,0.3
11,1,0,103,50,11863,0,53.7,0.0
23,2,1,130,97,10711,0,43.8,0.4
11,1,1,101,98,16479,0,17.7,6.3
76,2,1,114,54,13543,6,57.0,0.5
46,1,0,121,65,11482,0,45.7,1.9
59,1,0,124,76,5591,1,58.0,0.0
61,1,0,139,88,9344,1,51.3,3.1
36,2,0,115,76,14761,4,52.8,0.0
13,1,0,122,62,4143,0,28.1,0.1
49,1,0,126,51,8432,0,40.1,0.0
39,1,0,104,67,11822,0,5.0,7.0
75,2,0,139,74,17313,0,60.2,0.4
79,2,0,118,60,7009,2,71.5,0.0
18,2,0,98,59,6494,0,39.1,0.0
26,1,0,125,86,7103,0,80.7,0.0
51,2,0,129,61,15756,0,36.7,2.6
55,2,0,146,78,8111,1,43.0,0.0
29,1,1,111,62,5174,0,34.0,1.3
24,2,1,117,59,20381,0,21.7,2.2
47,1,0,113,60,17529,1,29.0,0.0
38,2,0,107,60,11968,0,25.6,0.2
73,2,0,148,79,6510,1,40.2,0.1
72,2,0,134,87,11082,3,40.7,0.0
25,2,0,141,87,14719,0,47.7,0.7
9,1,0,109,50,9328,0,24.4,0.0
22,2,0,100,76,18825,1,39.0,0.4
51,2,0,108,59,11166,0,7.2,0.2
21,2,0,126,71,7292,2,85.0,4.3
66,1,0,134,87,4681,9,34.5,1.3
15,2,0,131,89,16330,0,47.0,0.4
41,1,0,129,53,5013,1,5.0,2.1
17,2,0,103,51,9120,0,52.7,0.0
67,1,0,134,57,20133,2,29.0,0.4
58,1,0,108,88,7199,1,35.8,1.1
16,1,0,116,62,13945,0,50.1,0.1
25,1,0,121,70,13153,0,56.0,0.0
20,1,0,108,47,13442,0,28.2,1.6
29,2,0,106,74,16521,1,28.8,3.6
46,1,0,132,77,14950,0,52.8,0.3
45,2,0,114,66,6365,0,59.9,0.0
46,1,0,127,55,3203,0,32.7,1.7
47,2,0,134,84,13801,0,6.9,0.8
16,1,0,93,56,15692,0,36.1,0.0
17,2,0,110,60,12448,1,31.5,0.1
63,1,0,111,63,11193,3,24.8,0.0
48,1,0,133,77,6570,1,30.7,0.5
13,1,0,99,65,7243,0,55.4,3.9
67,1,0,123,65,3972,0,42.7,0.0
59,1,1,108,49,6760,0,30.2,2.6
72,1,0,137,61,7548,3,60.9,0.5
53,1,1,150,96,4976,0,57.9,1.9
64,2,0,98,56,21222,0,33.1,5.1
67,1,0,111,37,8778,0,63.3,3.7
68,1,0,111,81,8833,4,56.1,0.1
11,1,0,122,70,13950,1,5.0,0.1
16,2,0,119,78,15309,0,43.4,1.5
13,1,0,110,55,10966,0,21.5,0.7
59,2,0,128,51,5934,6,35.3,1.4
44,1,0,145,67,13383,2,38.2,1.1
19,1,0,115,44,12726,1,17.3,2.8
13,1,0,88,37,8151,0,44.1,0.0
19,1,0,133,86,14021,0,44.4,0.0
55,2,1,120,76,7591,0,59.2,0.0
22,1,0,90,56,11633,1,47.9,0.2
77,1,0,142,85,1049,1,37.7,0.0
29,2,0,123,68,7936,0,50.8,0.0
70,1,0,128,72,7484,1,45.3,1.1
50,1,0,121,77,9242,0,73.6,2.3
76,2,0,105,74,8849,1,46.5,1.6
60,1,0,108,64,8882,0,62.4,0.5
14,1,0,128,72,13678,0,35.4,2.3
79,1,0,142,83,2705,7,58.2,0.6
58,2,0,134,96,12752,0,33.5,0.6
78,2,0,129,86,14935,4,61.3,0.0
22,1,0,117,69,8263,0,38.3,0.0
69,1,1,125,62,7579,0,36.5,0.2
45,2,0,137,72,12019,0,82.7,0.0
22,1,1,106,57,5576,1,29.2,0.0
31,1,0,110,75,14029,0,42.2,0.4
40,2,0,135,67,11869,0,45.8,1.1
66,2,0,116,69,15907,0,68.1,8.2
44,2,0,156,76,12530,0,47.6,0.0
31,2,0,98,50,10218,1,5.0,1.0
57,1,0,122,69,10775,1,40.4,0.8
14,2,0,99,47,10936,0,39.4,1.1
42,2,0,117,65,3763,0,40.7,0.2
38,1,0,127,81,9792,0,75.4,0.0
55,2,1,126,87,2370,1,35.7,0.0
69,2,0,156,78,9658,2,72.5,0.3
44,1,0,136,88,5697,0,65.3,0.3
68,2,0,132,68,7254,2,57.1,0.4
43,2,1,134,60,7641,7,35.4,0.9
68,2,1,138,73,6113,1,58.2,2.4
39,1,0,136,60,15805,0,56.0,0.1
77,1,0,172,90,6730,1,42.4,0.1
54,1,1,118,88,8521,1,60.6,0.0
19,2,0,102,47,7008,3,5.0,0.0
25,1,0,126,68,12117,0,41.9,0.0
70,2,0,126,75,8665,1,38.5,0.0
28,2,1,124,80,10778,2,43.3,3.4
74,1,0,139,71,3535,1,61.5,0.8
65,1,0,128,70,6197,1,29.7,1.1
59,1,0,137,86,5821,0,49.4,0.1
23,1,0,96,58,14170,0,43.0,6.1
52,2,0,128,72,8638,1,50.6,0.7
52,2,0,127,99,5785,0,38.6,0.0
64,1,1,122,63,14106,0,21.6,2.6
68,1,0,157,85,11346,1,68.9,1.7
70,1,0,95,55,9790,7,29.4,5.1
43,2,0,119,60,11936,0,50.4,0.0
20,1,0,98,62,9091,0,27.5,0.7
44,2,0,149,85,4287,1,30.2,0.1
23,2,0,122,74,7556,0,31.8,0.5
9,1,0,122,57,9765,0,24.0,1.4
54,2,0,124,78,19806,0,69.3,0.0
11,2,0,114,51,19341,0,20.6,0.0
39,2,1,104,56,13277,0,48.5,0.6
51,2,0,111,66,9134,0,54.2,1.9
18,1,0,111,47,10340,0,5.3,0.6
34,2,0,99,62,10238,0,42.5,0.0
33,1,0,101,73,5884,0,43.1,0.0
10,2,0,100,77,9326,0,23.2,0.9
45,2,0,86,63,4691,0,74.3,0.8
19,1,0,139,62,8963,0,37.8,0.0
69,2,0,98,38,16817,0,24.1,1.7
78,2,0,156,67,4527,4,43.8,3.1
70,1,0,152,68,7330,0,40.8,0.1
11,2,0,110,51,9902,0,67.5,0.1
16,2,0,121,80,4274,0,47.3,0.3
9,1,1,103,65,11594,0,46.1,0.1
75,2,0,190,99,11216,0,55.7,2.1
13,1,0,100,71,5485,1,35.4,0.0
32,2,0,125,58,9453,2,36.6,0.1
24,2,0,105,69,18471,1,48.9,0.1
64,1,0,112,59,13479,0,44.1,0.0
9,1,0,96,75,16333,0,28.7,0.0
16,2,0,125,62,23017,0,33.7,2.3
15,2,0,120,60,14036,0,21.0,0.0
33,2,0,134,60,13079,0,52.6,0.0
69,1,0,140,66,7233,0,35.8,0.0
70,1,0,124,73,13294,0,95.0,0.0
41,1,0,100,55,5659,0,56.7,1.7
18,2,0,113,54,8825,0,6.0,0.1
61,2,1,107,49,11927,0,64.1,0.0
69,2,0,115,72,8317,0,54.6,0.0
42,2,1,157,76,5392,0,41.7,0.2
63,2,0,131,83,3312,2,5.0,0.1
45,2,0,117,54,10528,4,65.6,0.0
69,2,1,158,57,8361,6,44.0,0.3
76,1,0,129,89,9828,0,72.9,3.0
31,2,0,109,77,4200,0,33.3,0.0
18,2,0,95,50,10148,2,15.0,0.2
51,2,0,160,72,5224,0,27.2,7.5
10,2,0,95,53,10017,0,8.6,3.4
13,2,0,93,64,8513,0,44.0,0.0
12,2,0,117,73,6398,0,5.0,0.3
35,2,0,124,76,6848,5,65.0,0.0
13,1,0,95,77,4922,1,63.5,0.1
10,2,0,106,76,9299,0,26.7,1.3
35,2,1,110,56,6743,0,23.8,0.0
20,1,0,107,66,12809,1,44.3,0.4
28,1,0,124,73,4168,0,29.5,0.0
16,2,0,117,56,14088,1,24.0,2.0
11,2,0,112,63,8889,9,27.8,0.7
10,2,0,117,55,11872,0,48.6,1.7
67,1,1,148,86,9629,2,40.7,0.2
32,1,1,127,71,15369,0,36.0,0.0
51,1,0,114,78,16009,0,57.4,0.1
19,2,0,99,63,20174,0,39.4,1.8
12,2,0,123,66,13972,1,43.9,3.5
10,2,0,103,55,21286,0,39.2,0.0
9,2,0,96,63,11733,0,7.8,0.0
40,1,0,116,55,10575,0,41.0,0.0
65,2,0,122,84,13747,3,45.0,0.1
62,1,0,134,103,6943,4,41.4,0.0
48,2,0,110,53,5879,1,30.7,0.1
40,1,0,130,71,6389,3,10.3,0.0
51,1,0,105,59,12041,0,68.1,0.1
12,2,1,139,38,9271,3,34.6,0.8
54,1,0,120,83,12617,0,66.4,2.9
50,1,0,129,71,16265,0,69.6,4.6
12,2,0,99,49,13852,0,59.0,0.5
17,2,0,111,62,5548,0,20.7,0.0
17,2,1,117,61,22494,0,50.1,1.2
28,2,0,128,54,9938,1,54.4,0.6
71,2,0,123,67,8072,7,42.0,1.0
44,1,0,110,75,15239,0,58.9,0.0
70,2,1,124,83,12406,2,53.6,1.2
9,1,0,119,76,5062,0,23.9,0.0
47,2,1,118,75,17263,4,55.8,0.8
21,2,0,110,78,12573,0,13.8,4.1
48,2,0,135,84,8171,1,44.3,0.2
59,1,0,123,68,14846,0,78.5,0.0
46,1,0,138,73,10290,0,46.7,1.7
34,1,0,104,69,8059,0,53.5,2.1
39,2,0,125,65,8980,0,39.8,1.4
80,1,1,173,83,5578,5,29.4,0.1
74,2,0,147,69,5509,1,72.4,0.5
76,2,0,139,73,9195,2,31.9,0.0
18,1,0,105,75,10514,0,67.5,0.9
10,1,1,96,64,14188,0,5.0,0.0
27,2,1,108,53,20472,0,38.7,0.4
34,1,0,104,55,10773,2,42.5,1.2
10,1,0,104,73,14876,0,39.8,0.0
14,1,0,106,83,9844,0,23.4,0.8
28,2,0,130,77,4561,0,62.3,0.7
37,1,0,145,74,7783,0,49.0,0.0
59,2,0,134,84,8385,0,38.2,0.0
64,2,0,129,71,7363,1,49.0,0.5
63,2,0,125,66,8351,2,50.3,0.0
55,1,0,110,86,7035,2,29.5,0.0
30,2,0,100,56,8064,0,41.4,0.0
19,1,0,116,75,8593,0,59.8,1.6
9,1,0,86,66,8794,0,42.5,0.1
34,1,0,103,58,18864,0,22.2,1.7
21,1,0,117,90,12759,0,44.9,0.0
56,2,0,124,57,19471,1,28.2,0.1
18,2,0,112,48,14889,0,37.6,5.0
10,1,0,96,53,7646,1,44.9,0.0
38,2,0,115,65,6348,1,25.0,0.0
50,1,0,131,79,16074,1,35.3,0.1
20,1,0,103,56,17752,0,33.6,0.0
79,2,0,126,75,11352,0,57.6,0.1
23,2,1,106,68,10559,0,32.0,0.3
71,2,0,102,73,6851,0,61.2,0.0
11,1,0,98,45,11517,0,22.7,0.0
48,2,0,131,63,5277,2,39.5,0.0
17,1,0,124,74,9346,0,23.6,0.2
16,2,0,115,72,8029,0,31.4,0.1
28,1,0,130,74,13802,0,60.5,1.4
42,1,0,139,73,8453,0,42.8,0.0
26,1,0,99,61,16321,0,30.6,1.8
71,1,0,122,67,13328,2,44.3,2.4
30,1,0,127,77,9746,3,30.5,2.6
40,1,0,106,43,13745,0,62.0,0.0
16,1,0,112,73,14452,0,20.2,0.0
19,1,0,104,65,16440,0,53.9,0.0
35,1,0,137,65,7834,0,35.6,0.1
56,2,0,140,76,12104,3,42.4,1.5
74,2,1,141,63,8903,8,54.4,0.7
34,1,1,91,65,5920,1,33.8,0.2
14,2,1,126,76,14309,1,35.7,0.6
26,2,0,130,55,2892,0,50.0,0.2
56,2,0,103,55,14127,1,58.2,0.0
39,2,0,136,57,13414,0,40.0,0.5
63,1,0,105,82,11082,1,53.0,0.0
52,2,0,105,66,4223,0,34.5,0.1
44,2,0,111,64,16450,0,39.2,0.0
17,1,0,132,71,11758,1,43.1,0.4
39,1,0,146,81,3690,0,50.3,0.3
22,2,0,100,49,11427,0,59.6,0.0
26,1,0,114,78,18778,2,45.4,0.0
31,1,0,119,68,11125,0,55.5,1.7
41,2,0,135,69,7094,0,59.8,0.0
13,2,0,117,55,10494,0,36.7,0.0
45,2,0,105,37,13458,0,68.4,0.0
37,2,0,129,90,12642,0,63.4,0.1
67,2,0,119,82,8211,0,48.4,0.2
11,2,0,95,64,9734,0,21.1,0.0
55,1,0,105,44,4742,0,28.4,5.7
9,1,0,94,75,19940,0,29.9,0.0
70,2,0,115,102,6564,1,21.1,0.9
12,2,0,122,52,17537,0,33.1,0.4
27,1,0,106,67,14918,0,49.0,0.6
25,1,0,101,59,14288,1,27.5,1.0
77,2,0,110,68,11467,0,88.4,0.3
26,1,0,104,46,9641,0,53.5,0.1
47,1,0,134,66,12743,0,31.5,0.0
12,1,0,110,71,22285,0,29.4,0.0
42,1,0,120,76,5131,0,36.4,0.0
20,2,0,94,82,9652,1,29.7,3.4
42,2,0,99,60,3099,1,34.8,0.0
27,2,0,92,32,10557,1,27.4,0.7
20,2,0,106,56,5910,3,43.1,0.2
52,2,0,127,48,7929,0,16.7,0.1
17,1,0,105,72,7631,0,57.9,0.0
23,2,0,118,56,15179,0,22.9,3.2
36,2,0,107,57,15306,0,59.6,1.0
66,2,0,120,20,16171,2,23.6,0.1
11,1,0,99,51,10366,1,7.7,0.2
61,1,0,149,96,12133,1,40.3,2.3
62,1,0,135,70,18184,0,33.0,0.3
40,2,0,115,61,10643,0,47.7,0.0
48,1,0,139,91,9000,0,41.6,0.3
37,1,0,102,59,6974,0,49.2,0.0
49,2,0,113,76,7139,1,32.6,0.2
9,2,0,77,23,15809,0,12.7,0.3
54,2,0,124,57,13283,0,42.0,1.0
39,1,0,159,90,13519,0,32.9,0.4
80,2,0,138,88,8342,0,80.9,0.0
59,1,0,123,77,10939,8,47.8,2.5
52,1,0,153,61,10584,2,75.5,2.5
50,2,0,129,72,21100,1,56.4,9.6
9,1,0,96,62,11992,0,22.9,1.9
27,2,0,121,69,7941,1,36.1,0.8
48,2,0,107,56,12900,0,31.9,1.1
50,2,0,146,76,21447,0,35.0,0.1
9,2,0,90,40,12937,0,57.9,0.0
13,1,0,100,66,8350,0,32.9,0.0
10,2,0,86,52,16344,0,30.7,2.6
55,1,1,133,75,3293,0,10.9,0.2
17,2,0,146,96,13975,0,49.0,0.0
62,1,0,150,77,18465,2,19.6,0.5
22,1,0,116,69,11580,0,22.3,0.0
9,1,0,86,42,14268,0,30.8,2.7
46,2,0,118,72,15276,0,28.4,0.0
15,2,0,106,83,7807,5,43.1,7.8
11,1,0,102,51,13775,0,25.7,0.3
24,2,0,117,73,14147,1,25.3,0.1
24,2,0,108,71,13473,0,58.5,0.1
14,1,0,116,85,6321,0,30.8,1.6
67,1,0,131,88,3059,1,72.3,0.0
41,1,0,166,96,9720,0,51.2,0.6
15,1,0,107,42,14072,0,43.7,0.2
64,1,0,157,74,2433,1,55.1,0.0
24,1,0,133,73,18764,0,63.8,0.0
24,1,0,93,47,8087,0,58.8,0.0
57,2,0,115,59,11165,4,12.7,0.0
63,2,0,128,57,10098,0,34.6,0.2
69,1,0,129,88,16973,0,72.4,0.0
63,1,0,122,59,13787,0,63.4,1.3
72,1,0,132,56,2848,1,45.8,0.2
57,1,0,113,58,11041,0,20.5,1.6
64,1,0,130,80,6320,1,41.5,0.1
41,1,0,157,99,8953,0,43.9,0.0
45,2,0,111,69,6034,1,14.0,0.0
41,2,0,127,78,10276,0,49.5,0.0
74,2,0,134,89,1516,1,31.2,0.0
13,2,0,108,77,17147,1,59.8,0.1
55,2,1,130,57,8278,3,66.0,0.3
56,2,0,123,62,14702,2,35.6,0.6
55,2,0,103,91,4111,0,49.0,0.1
21,1,0,134,75,7397,0,45.3,2.6
79,2,0,123,72,15538,6,62.5,0.2
79,1,0,185,79,5092,4,34.5,0.0
29,1,0,97,43,7154,1,18.6,0.0
31,1,0,98,67,8364,1,16.6,0.0
52,2,0,105,67,13486,0,39.3,0.1
76,2,0,112,70,18232,3,35.2,0.0
32,2,0,123,61,11371,3,44.8,0.0
15,2,0,145,61,23756,0,53.1,4.5
13,2,0,110,47,15136,0,50.1,0.0
14,2,1,93,45,11173,1,5.0,0.0
13,1,0,106,54,14722,0,41.1,0.0
34,1,0,95,72,11669,0,12.1,0.1
22,2,0,114,64,18542,0,51.5,1.8
13,1,0,121,70,18338,0,44.2,0.0
40,2,0,136,81,14157,1,21.9,0.0
11,2,0,112,61,12222,0,30.2,0.9
15,1,0,113,63,18543,1,32.4,4.0
11,1,0,99,39,24071,0,34.6,1.0
61,2,0,96,70,4337,2,55.3,0.0
42,1,0,103,48,3251,1,18.3,0.3
68,1,1,108,54,11113,4,66.9,0.1
45,1,0,138,48,7876,4,23.1,7.4
43,2,0,98,61,17045,0,74.7,2.9
53,2,0,111,77,2125,0,20.2,0.5
15,1,0,108,61,15779,1,17.0,0.1
11,2,0,100,59,13222,0,34.6,0.1
70,1,0,126,60,9716,0,41.2,0.4
13,1,0,95,60,10439,0,16.7,0.1
11,2,0,118,70,16388,0,27.9,0.0
63,2,0,115,58,9955,0,56.8,0.0
79,1,0,159,96,3466,5,18.4,2.7
24,2,0,117,67,16748,0,40.8,1.0
23,2,1,100,52,5008,2,16.4,0.1
19,1,0,149,71,12628,3,40.2,0.7
22,2,0,122,56,15434,0,73.7,0.7
59,2,0,127,79,7414,0,28.3,2.1
59,2,0,110,68,13820,2,48.3,0.1
57,2,0,93,65,12537,0,66.7,0.3
44,1,0,109,58,10624,0,39.5,0.1
62,2,0,117,61,6034,0,36.8,0.0
35,2,0,114,71,6793,0,65.5,0.2
60,1,0,161,85,17927,0,58.2,2.4
64,2,0,107,55,4511,0,11.2,1.7
72,1,0,104,83,7642,1,57.7,0.6
16,1,0,101,64,12667,0,30.7,0.6
77,1,1,169,70,6557,3,35.1,0.5
62,1,0,127,60,10839,1,67.5,0.1
36,2,0,112,64,13286,4,31.3,1.4
57,1,0,124,58,12023,4,66.4,0.1
39,1,0,116,93,10973,0,54.2,0.1
70,1,1,119,68,14271,0,76.6,0.0
45,1,0,135,97,5697,3,49.4,0.2
34,2,0,121,56,19410,0,44.1,0.2
72,1,0,158,80,13896,4,79.6,0.0
37,1,0,105,52,6477,2,51.7,5.1
10,1,0,115,46,10483,0,6.9,0.1
48,1,0,99,52,10328,7,14.7,5.9
73,2,1,147,54,11577,13,19.9,0.0
15,2,0,102,49,22020,0,33.6,0.5
32,2,0,119,53,6940,0,38.5,0.0
72,1,0,137,91,8508,2,58.2,9.6
78,1,0,131,76,1625,2,36.5,0.1
19,2,0,91,46,5065,0,25.2,1.0
24,1,0,108,59,6525,0,20.4,0.0
62,1,0,107,55,3203,6,31.1,2.5
27,1,0,98,69,17344,0,57.9,2.2
20,1,0,101,49,17158,0,27.4,0.2
79,2,0,159,97,11571,3,42.7,6.2
38,1,0,121,57,5914,0,25.4,0.0
23,2,0,91,56,9572,0,41.6,0.2
11,1,0,104,76,9586,0,41.5,0.0
43,1,0,124,80,7687,0,45.9,3.5
48,1,0,94,59,16052,1,51.6,0.0
62,2,0,113,68,8270,0,62.9,0.0
28,1,0,100,75,12821,0,55.9,3.7
54,1,0,122,69,9110,2,56.5,0.0
79,2,0,179,85,5620,2,62.9,0.9
12,1,0,87,66,12830,0,33.7,0.3
65,1,0,117,78,11433,0,48.4,1.7
53,2,0,127,61,17355,1,41.9,0.3
30,1,0,119,61,12478,0,63.0,2.1
62,1,0,128,74,11088,0,74.1,0.0
53,1,0,142,65,6793,1,58.9,2.2
20,2,0,99,49,5240,3,14.3,1.2
28,2,0,143,53,11634,0,39.0,0.7
48,2,0,126,85,13666,2,84.9,0.9
48,1,0,129,58,11379,0,50.6,5.4
27,2,0,113,33,12361,0,60.9,0.0
22,1,0,129,59,17431,0,51.3,1.4
73,2,0,134,75,20722,0,36.0,0.0
29,1,0,110,77,13742,0,43.2,4.8
20,1,0,106,66,14661,0,31.5,0.5
24,1,0,113,58,8986,0,48.7,0.5
38,1,0,104,64,7721,0,7.5,0.0
62,1,0,114,52,11856,3,50.3,0.0
46,1,0,100,62,12060,0,26.6,0.1
48,2,0,98,67,13564,0,30.5,0.1
41,2,0,134,70,11979,0,42.4,0.0
12,1,0,122,85,19498,0,47.1,0.1
33,1,0,104,69,11738,0,44.2,0.3
27,1,0,127,73,5143,0,59.3,0.1
12,1,0,120,64,12806,0,46.5,0.2
39,1,1,142,72,9701,0,68.9,0.0
25,1,0,114,57,16417,0,36.1,0.0
67,1,0,143,75,13822,0,55.4,0.0
17,2,0,88,61,10117,1,30.2,0.0
59,2,0,120,83,10033,2,62.7,0.0
54,1,0,123,63,10434,0,45.7,0.0
24,1,0,115,87,15023,0,31.5,0.1
32,1,0,124,64,7357,1,26.7,0.0
12,2,0,110,79,11342,0,40.7,0.0
64,2,0,112,42,12212,6,39.7,0.0
50,1,0,122,73,6941,0,71.8,0.0
20,1,0,110,49,10611,0,49.9,0.1
38,1,0,150,72,7485,1,46.3,1.7
63,1,0,135,93,8510,3,33.9,0.0
75,1,1,164,85,2597,3,18.4,1.3
77,1,0,124,67,6400,4,74.2,0.0
33,2,0,120,62,12683,0,54.0,0.1
20,1,0,116,68,3140,1,41.5,2.2
43,2,0,135,75,5937,0,15.3,0.3
17,1,0,140,60,11217,3,42.8,0.1
45,2,0,110,74,8717,0,36.7,1.0
55,1,0,145,62,6646,5,42.6,0.0
39,1,0,114,69,16192,0,38.0,0.0
70,1,0,108,61,5739,0,42.2,1.6
74,2,0,128,72,7417,5,35.5,4.0
37,1,0,139,67,8586,0,40.1,6.1
59,1,0,93,55,5727,2,54.7,0.0
35,1,0,129,74,7390,0,51.7,0.0
9,2,0,84,45,23876,0,39.9,0.1
25,1,0,142,67,11085,0,54.1,0.1
37,2,0,118,55,15434,0,5.0,1.5
23,2,0,141,44,14758,0,18.0,0.2
71,1,1,129,88,13935,2,48.4,0.5
70,1,0,131,87,11254,0,51.6,0.1
20,1,0,98,49,15027,0,41.3,0.0
41,1,0,126,57,12645,1,48.5,0.9
18,2,0,108,61,20055,1,33.3,0.1
45,2,0,130,51,1254,0,44.8,0.0
50,1,0,143,66,3163,4,11.4,0.9
31,1,0,108,70,12649,0,37.6,0.0
9,1,0,106,54,9395,0,50.5,0.0
43,1,1,112,57,13426,0,42.4,2.6
9,1,0,116,59,11637,0,45.6,0.0
50,2,0,133,72,12580,0,56.0,1.9
10,1,0,93,54,18523,0,64.7,0.0
19,1,0,95,49,8952,0,28.5,0.4
37,2,0,125,60,8373,0,59.9,1.5
28,2,0,109,53,4201,0,40.8,0.0
76,1,0,151,71,6816,0,64.4,1.0
19,1,0,121,79,14652,0,75.1,0.1
58,2,0,99,56,11800,6,58.0,0.0
14,2,0,146,72,16837,0,51.0,0.0
55,1,0,100,62,11341,0,56.3,0.0
40,2,0,119,71,10024,0,53.5,0.1
23,2,0,156,86,11025,4,5.0,0.7
28,2,1,121,55,16681,3,10.5,0.0
54,1,0,154,74,11474,2,49.9,1.0
29,1,0,109,71,8064,1,23.3,0.9
70,2,0,123,91,13430,5,43.4,0.7
37,2,0,112,46,15229,2,23.7,1.2
59,1,0,133,90,5953,1,59.5,0.0
12,2,0,86,52,9109,0,51.6,0.0
44,2,0,103,68,14777,0,34.5,3.9
19,2,1,131,70,9738,3,12.7,0.1
78,1,0,159,90,6743,4,44.3,3.6
18,1,1,111,62,17089,0,24.6,1.5
16,2,0,125,73,14424,0,41.0,0.2
50,1,0,161,96,10135,0,69.0,0.0
39,1,0,111,74,11107,0,48.8,0.0
12,2,0,125,75,12791,0,18.6,0.5
31,1,0,125,77,13406,0,65.0,0.0
36,1,0,121,70,3575,0,64.9,0.4
48,1,1,117,42,10112,1,38.2,0.7
29,1,0,100,61,15914,0,38.3,0.3
10,2,1,87,57,10933,0,54.4,1.9
20,2,0,128,74,12919,0,56.3,0.3
57,1,0,120,86,11739,0,35.3,6.5
36,1,1,111,67,9527,2,32.0,6.6
22,1,0,148,74,11167,0,34.8,0.0
11,1,0,93,78,11976,1,32.9,1.2
43,2,1,140,73,15278,2,39.5,0.0
38,2,0,129,70,3930,0,25.9,0.1
57,1,0,123,74,4581,1,76.2,0.0
71,2,0,125,54,12299,1,40.6,0.3
18,2,0,120,93,12874,0,43.9,0.0
43,1,1,112,36,7529,1,43.7,0.0
16,2,0,107,54,15373,0,42.5,0.0
23,2,0,104,61,6880,0,38.9,1.5
58,1,0,113,49,12042,2,48.6,0.0
33,1,0,121,47,10938,0,51.6,0.2
39,1,0,126,52,12433,1,52.2,0.0
18,1,0,101,39,6677,2,29.4,0.4
46,1,0,115,79,11190,1,43.8,0.0
42,2,0,118,76,19247,2,25.6,0.1
43,1,0,112,76,12237,0,55.4,0.0
64,2,0,117,75,8496,0,41.2,0.2
79,2,0,125,75,10318,1,75.6,0.4
74,2,0,139,104,13459,3,53.4,0.4
44,2,0,109,45,10612,0,44.7,0.0
31,2,0,109,73,10343,0,33.6,0.0
19,2,0,110,77,8751,0,44.1,2.8
41,2,0,113,66,14025,0,75.3,0.0
11,2,0,95,62,15998,0,5.3,5.1
57,2,0,124,88,10609,1,36.5,0.0
28,2,0,110,82,6789,0,53.1,0.3
10,1,0,94,73,10376,0,28.9,1.2
78,1,1,147,69,5895,0,74.2,2.6
56,2,0,111,80,7358,1,40.4,0.0
69,1,0,145,95,1231,4,53.0,0.2
17,1,0,105,56,17920,0,54.7,1.5
79,2,0,126,82,13165,0,53.6,0.0
62,1,1,145,85,6210,3,33.6,0.0
14,1,0,122,52,18948,0,38.5,0.0
76,1,1,107,66,7989,0,43.2,0.6
31,2,0,100,39,5754,2,9.6,0.0
23,2,0,124,66,7893,0,37.5,1.9
20,2,0,97,41,10110,0,30.7,0.0
22,1,0,96,44,22850,1,36.5,1.9
70,1,0,147,79,1723,3,34.7,0.0
42,2,0,103,62,14547,1,45.7,1.6
52,2,0,107,44,8257,0,61.7,0.3
55,2,0,125,80,14862,0,66.8,0.0
62,2,0,134,77,10249,0,33.4,0.1
37,2,0,114,73,7999,1,44.0,0.0
76,2,0,113,97,10326,0,71.1,0.5
80,1,1,144,84,2079,6,66.8,1.6
20,2,0,95,29,7679,0,20.8,0.9
79,2,0,136,103,13057,2,69.9,0.0
54,1,1,107,82,22126,0,53.2,0.0
72,1,0,129,82,10988,7,38.7,0.0
43,2,0,119,89,14722,0,64.3,0.0
76,1,0,164,86,6796,0,42.5,0.4
74,2,0,126,69,14657,10,38.4,0.3
10,1,1,111,57,6039,0,44.0,0.0
36,1,0,124,64,4528,0,23.6,6.6
18,2,0,129,94,15717,0,26.0,0.1
49,2,0,127,72,9582,1,30.7,2.7
68,2,0,147,87,12863,0,70.4,0.1
75,1,0,154,78,5334,0,25.0,0.3
72,1,0,129,70,15026,5,44.4,0.1
42,1,1,125,62,4604,0,20.1,0.0
42,2,0,102,43,8874,1,74.1,2.3
54,2,0,133,53,8968,2,5.8,8.4
55,1,0,121,78,15333,1,37.8,4.3
46,2,1,109,69,7247,1,16.9,1.8
37,1,0,111,59,12636,0,45.9,0.0
9,2,0,89,49,8300,0,41.7,1.1
24,1,0,102,55,2449,0,18.9,0.0
26,1,0,123,62,6127,0,26.9,1.1
21,1,0,117,63,8702,0,36.7,1.2
12,1,0,101,57,9269,0,26.4,0.0
63,2,0,176,89,8351,7,54.8,0.1
24,1,0,109,74,19090,0,42.8,0.0
62,1,0,122,63,8071,2,47.2,1.4
26,1,0,115,57,9315,3,41.7,0.0
67,1,0,127,55,6632,1,33.6,0.1
19,2,1,125,78,8177,1,28.5,6.8
73,1,0,120,71,13740,1,39.8,0.7
65,2,0,173,112,15117,2,50.6,0.4
9,2,0,98,69,10006,0,22.2,0.0
21,1,0,106,60,14890,0,51.7,0.0
56,2,0,112,45,15230,0,42.8,2.4
19,1,0,108,79,10286,0,34.0,0.0
30,1,0,118,56,7287,0,32.9,0.7
12,1,0,112,64,17333,0,54.9,2.1
22,1,0,120,79,14621,1,47.4,0.0
15,2,0,97,52,15525,0,54.0,0.2
15,2,0,125,76,20890,0,16.6,0.1
40,1,0,115,62,13813,0,57.3,0.0
61,2,0,120,62,6719,0,58.3,0.1
9,2,0,97,54,9090,2,21.1,0.1
28,2,0,113,69,4400,1,42.3,0.4
47,1,0,108,64,15384,1,60.3,0.0
57,2,0,126,51,4581,1,48.7,0.0
63,1,0,146,84,11949,0,62.2,0.1
72,2,1,154,68,18698,2,48.7,0.3
13,1,0,114,41,10755,0,43.6,0.0
67,2,0,107,76,4651,1,44.3,0.9
14,2,0,93,38,13225,0,23.7,0.0
50,1,1,135,69,8927,0,9.5,4.0
48,2,0,94,42,11804,0,29.1,0.0
45,2,0,129,67,14978,0,66.5,0.2
66,2,0,137,70,15507,0,59.4,2.5
34,1,0,111,72,11253,3,44.0,0.0
75,2,0,149,75,18598,2,62.1,0.0
29,2,0,119,64,9750,0,15.4,0.3
44,2,0,123,92,8848,0,29.3,0.0
72,1,0,143,56,5844,1,55.0,0.0
33,1,0,107,67,24479,0,54.7,0.1
57,1,0,133,74,9142,1,52.9,4.0
41,2,0,108,43,16473,0,24.5,0.0
73,2,0,125,73,10268,0,69.3,2.4
26,1,0,120,61,5538,0,51.3,0.0
52,1,0,157,83,11614,1,54.7,0.3
36,2,0,117,87,18470,0,42.9,0.4
40,2,0,120,71,5881,0,54.2,0.0
77,2,0,112,78,5533,0,67.8,2.4
58,1,0,112,60,12565,4,57.2,0.0
18,2,0,112,55,12145,0,27.2,1.8
10,1,0,107,55,19710,0,49.8,0.0
21,1,0,118,62,10502,0,47.0,0.0
25,1,0,133,87,3441,0,25.3,0.4
60,2,0,155,58,3857,1,45.0,0.0
76,1,1,183,71,7210,1,65.7,0.6
67,1,0,117,54,3022,1,35.8,0.2
78,1,0,136,83,8566,0,33.4,2.3
36,2,0,129,83,9563,0,46.3,0.0
14,2,0,96,39,4177,0,46.0,0.1
43,1,0,104,81,4229,0,81.8,0.0
24,2,0,140,62,17070,0,51.5,0.8
12,2,0,93,79,22331,0,35.9,0.1
58,2,0,114,61,7387,3,64.4,0.0
77,2,0,141,62,5421,2,63.0,0.0
9,1,0,125,66,17368,0,13.5,0.1
47,2,0,111,65,8847,0,46.0,0.1
55,2,0,141,52,5792,4,32.7,0.5
16,1,0,109,40,12775,0,18.4,0.7
59,1,0,148,93,13828,1,69.5,0.0
15,2,1,87,46,8223,1,46.0,1.4
11,1,0,115,53,17284,1,41.0,0.1
67,1,0,118,79,10850,1,68.9,0.0
40,2,0,108,72,7526,5,54.6,0.7
80,1,0,154,109,3930,2,65.7,0.0
10,1,0,107,61,11976,0,34.0,0.2
10,2,0,96,57,9096,0,49.5,2.2
50,2,0,163,73,8463,1,56.4,1.5
79,2,0,140,77,11113,8,58.2,0.1
41,1,0,118,74,13709,0,33.4,2.5
53,1,0,153,95,4822,0,79.5,0.0
78,2,0,116,62,7457,3,38.9,0.0
12,1,0,100,36,10487,0,56.8,2.6
51,2,0,141,80,16764,0,42.2,0.3
36,2,0,110,65,14004,0,39.2,0.3
36,2,0,122,71,12305,0,44.8,1.3
18,2,0,129,59,13486,0,54.8,0.4
13,1,0,110,59,13768,0,42.1,1.5
38,1,0,107,81,14739,0,50.2,1.7
51,1,1,150,68,13683,0,31.6,1.8
59,2,0,154,81,12755,9,58.8,1.8
71,1,0,138,85,14845,0,49.7,0.0
20,2,0,102,57,11783,0,61.6,0.1
36,2,0,155,80,15471,0,54.9,4.1
58,1,0,120,92,15286,0,59.2,0.0
28,2,0,105,60,6968,0,43.8,0.0
13,1,0,111,53,14004,0,59.4,0.5
57,2,0,146,67,12701,0,38.6,0.4
55,2,0,128,60,9580,0,58.7,0.0
18,1,0,103,48,15476,0,36.3,3.7
13,1,0,94,75,18270,0,41.8,1.8
72,1,0,109,72,15284,2,59.2,0.1
61,1,0,123,67,15361,0,61.4,1.3
18,1,0,124,63,14824,0,46.4,0.0
51,2,0,106,60,11686,0,62.4,3.1
20,2,0,100,49,20129,0,5.0,0.6
58,2,0,136,60,20687,0,51.3,0.1
32,1,0,115,66,11964,3,9.8,2.3
27,1,1,124,52,7049,0,73.7,0.1
30,1,0,123,74,6435,0,50.8,0.2
51,2,0,142,55,10409,8,5.0,0.0
48,1,0,109,69,6541,2,25.2,0.1
36,2,0,110,69,8914,0,65.6,0.0
16,2,0,102,75,9671,0,61.1,0.3
67,1,0,158,72,4278,0,51.9,0.0
16,1,0,102,53,11502,0,31.1,0.1
36,1,0,124,62,10654,0,47.5,0.0
51,2,0,121,65,8740,0,15.6,1.2
38,2,0,113,69,6408,0,8.7,2.5
13,2,0,104,62,17879,0,28.6,0.1
25,2,0,136,60,11043,0,71.5,0.0
13,2,0,121,54,9228,0,53.4,0.0
55,2,1,114,63,16912,0,62.7,0.0
73,1,0,128,49,10018,0,76.8,0.0
38,2,0,108,66,13859,0,65.0,0.0
78,2,0,142,66,12207,0,51.8,0.1
9,2,0,101,63,16199,0,31.1,3.3
70,1,0,102,43,6124,0,49.1,0.0
31,2,0,132,78,7944,0,37.2,0.0
33,1,0,98,71,7409,1,54.2,0.0
12,1,0,110,68,14528,0,60.2,0.0
64,2,0,153,97,8306,0,14.9,0.0
60,2,0,128,57,4752,1,41.4,1.1
33,2,0,120,40,11951,0,32.7,0.2
10,1,0,116,61,17541,0,34.4,0.4
45,2,0,120,63,6795,0,55.1,1.9
20,1,0,136,83,7731,1,46.0,4.5
70,2,0,150,80,10769,5,51.3,1.0
68,2,0,116,69,9085,0,54.5,0.0
37,2,0,130,68,5439,0,59.7,0.4
23,1,0,125,61,8085,1,42.8,0.3
10,1,0,102,41,18934,0,52.6,0.0
28,2,0,137,67,17458,0,27.5,7.8
55,2,0,125,60,10847,0,30.5,0.0
32,2,0,123,63,8549,0,32.6,0.0
23,1,0,127,57,6757,0,14.7,0.0
16,2,0,113,59,17861,0,44.4,1.0
70,1,0,117,59,11936,1,16.5,0.6
76,2,0,157,66,17515,3,23.0,0.6
38,2,0,101,45,8011,0,35.7,2.4
58,2,0,114,54,13666,2,60.9,0.0
15,2,1,113,66,14540,0,32.1,0.0
37,2,0,108,65,5619,5,36.8,0.1
12,1,0,110,58,19607,1,34.8,0.0
77,2,0,138,70,5581,0,28.2,2.7
50,1,1,94,34,10664,0,28.1,0.2
15,1,0,119,71,13395,0,14.1,0.0
46,2,0,106,74,13364,0,29.5,0.6
67,2,1,108,54,21630,0,36.7,0.8
37,2,0,103,56,6142,0,35.4,1.4
41,1,0,116,47,7469,1,40.2,0.4
17,1,0,103,53,17284,3,15.7,0.3
69,2,0,137,79,6677,1,65.3,0.6
37,1,0,112,63,5286,0,41.5,1.6
17,2,0,106,72,12683,0,36.5,0.0
66,2,0,121,67,9641,0,54.2,0.0
52,2,0,103,42,13632,5,20.0,0.0
66,2,0,149,78,12091,0,51.8,0.2
71,2,0,156,57,5583,2,68.7,0.0
69,1,0,135,94,10724,2,22.6,1.2
60,2,0,118,61,18456,0,60.0,0.0
48,1,0,144,73,6862,0,56.3,0.0
26,2,0,94,34,16059,1,73.3,4.2
11,1,0,96,59,4720,0,69.4,0.0
11,2,0,101,56,10546,0,37.8,1.8
44,2,1,122,61,7883,1,5.0,0.0
54,2,0,125,55,12924,0,33.9,0.0
16,1,0,122,64,12417,0,50.3,0.2
73,2,0,140,72,4010,0,55.0,0.1
52,2,0,129,66,22450,3,32.7,2.1
38,2,0,104,69,10620,1,37.8,0.0
23,2,0,114,78,8798,4,33.5,0.0
78,2,0,113,71,9354,0,38.2,0.0
59,1,0,111,75,17898,0,43.7,1.9
19,1,0,90,71,18817,0,52.4,0.0
24,1,0,111,82,13267,0,40.1,0.1
74,1,0,149,81,7655,3,30.7,0.4
55,1,0,114,36,10948,0,40.6,1.1
30,2,0,121,81,3262,0,55.0,0.6
49,2,0,121,75,10892,0,35.4,0.3
40,1,0,114,79,14439,0,55.5,0.1
53,2,1,126,55,14313,0,39.2,2.6
36,1,0,108,74,6735,5,50.9,0.7
40,1,0,118,66,7597,0,67.2,6.6
11,1,0,117,46,5504,1,14.7,0.3
41,1,0,149,89,8525,0,38.8,0.4
28,1,0,111,73,9965,0,47.6,0.1
65,1,0,117,62,5824,0,14.5,1.8
10,2,0,98,48,11955,0,24.7,2.6
46,1,0,109,44,11567,0,39.9,0.0
27,1,0,88,56,11729,0,25.6,0.1
74,2,1,143,83,3772,3,59.9,1.3
45,2,1,133,69,10871,4,25.5,0.1
51,1,0,106,79,12413,0,28.5,0.0
18,1,0,123,68,14775,0,51.6,0.2
67,2,0,172,81,4370,3,40.9,0.3
76,1,0,124,67,9039,0,37.9,0.0
67,2,0,113,74,14979,9,44.1,0.0
25,1,0,92,58,10113,1,29.7,0.0
25,1,1,86,38,11410,0,17.4,0.7
68,1,1,113,57,6900,0,48.6,9.6
12,1,0,114,76,20325,0,60.8,0.1
19,1,0,115,57,9936,0,36.0,0.0
74,2,0,118,82,11195,0,68.0,0.6
44,2,0,122,75,10122,0,68.7,0.1
72,2,0,132,85,18009,0,66.2,0.1
44,2,0,115,75,20018,0,92.7,0.2
10,1,1,101,57,9231,0,11.2,0.9
60,2,0,115,60,4914,3,33.6,5.2
43,2,0,108,55,10787,0,56.3,1.0
46,1,1,129,74,7288,2,69.2,0.0
73,1,1,106,56,3933,0,37.5,2.4
43,1,0,142,62,14248,0,71.1,2.2
31,1,0,111,77,16122,4,95.0,1.2
76,2,0,127,58,15895,0,48.8,0.3
15,1,0,112,61,14148,0,61.9,0.0
76,1,1,115,75,3078,3,36.3,1.3
31,2,0,119,59,12333,2,26.8,0.7
56,1,0,124,63,9683,0,57.2,2.0
50,2,0,100,74,9045,3,52.9,0.0
15,2,0,111,58,13036,0,27.1,0.0
22,2,0,107,61,7499,1,13.7,2.2
58,1,0,168,92,4872,3,43.2,1.1
39,2,0,118,87,6801,5,38.7,1.9
79,1,0,157,93,7654,2,71.3,0.0
54,1,1,99,51,19743,0,68.4,0.0
75,2,0,142,77,5170,1,62.4,2.2
59,2,0,126,86,10022,0,12.7,0.1
10,2,0,87,53,19375,0,38.5,0.5
65,2,0,124,51,2682,1,33.1,1.0
12,2,0,104,69,13774,0,36.7,0.0
9,1,0,88,38,15525,0,29.8,0.2
66,1,0,141,83,8295,1,28.5,0.0
24,2,0,109,46,15173,0,78.9,0.6
70,2,0,120,61,7139,0,54.3,0.0
41,2,0,125,61,6773,0,65.4,0.0
22,2,0,117,69,10796,0,74.5,0.9
75,1,0,153,78,8832,2,46.8,0.6
48,1,0,137,77,12908,0,51.7,0.0
57,2,0,100,54,12600,0,69.0,0.0
32,1,0,99,59,7234,0,56.5,0.0
75,2,0,131,66,5467,2,47.0,0.0
29,2,0,93,56,17126,0,49.7,1.0
66,1,0,145,83,12048,0,38.6,0.3
61,2,0,140,53,16405,0,42.5,0.0
47,1,0,119,56,5658,2,47.2,0.0
24,1,0,96,62,7984,0,49.0,0.1
26,1,0,149,91,15421,0,50.7,0.7
11,1,0,114,57,15172,1,55.6,0.7
28,2,0,98,50,13978,0,33.1,0.0
38,2,0,144,82,10364,0,59.6,0.0
25,1,0,119,57,6618,0,53.8,1.2
43,1,0,128,70,6968,0,27.2,0.4
9,1,0,116,55,13345,0,43.7,0.2
42,2,0,120,84,12800,0,95.0,0.2
49,1,0,117,67,6458,5,58.8,0.0
34,2,0,119,62,19645,0,7.0,0.2
11,2,0,92,45,10987,2,28.5,3.5
10,1,0,111,58,16524,0,42.5,0.1
56,1,0,116,82,18354,0,75.4,0.0
62,1,0,125,76,12345,1,38.6,0.0
49,1,0,122,74,13138,0,54.6,0.0
27,2,0,140,63,13073,3,9.2,2.1
14,2,0,116,57,9334,0,22.3,0.1
63,2,0,148,79,12480,0,58.7,1.9
39,2,0,120,45,4686,1,48.1,0.3
10,2,0,111,75,11512,1,18.6,0.1
58,1,0,151,80,10042,0,22.8,0.1
51,1,0,107,63,8717,0,49.0,0.0
61,1,0,151,63,8555,1,42.1,2.2
33,2,0,104,77,10614,2,40.3,0.6
29,1,0,91,58,1472,0,22.0,5.3
11,2,0,113,47,13213,1,7.4,0.0
70,1,0,122,80,5986,0,51.1,1.3
71,2,0,151,85,11665,4,37.8,7.1
17,1,0,98,51,10081,0,35.6,0.0
66,2,0,132,69,13845,4,41.5,0.1
42,1,0,123,73,6471,0,48.3,0.4
25,2,0,101,63,5543,3,38.8,0.0
70,2,0,149,68,2391,0,57.0,2.3
12,2,1,104,54,15713,0,64.4,0.1
52,1,1,109,60,6287,3,28.9,0.0
73,1,0,121,78,12531,0,32.4,3.0
79,1,0,149,96,7595,11,41.8,0.6
79,1,0,164,58,7518,4,40.8,0.9
35,2,0,98,57,9581,1,43.4,0.7
57,1,0,136,72,13462,0,26.7,0.1
36,2,1,107,64,12346,0,35.0,0.3
75,1,0,165,64,3398,9,67.0,7.7
16,1,0,113,79,9607,0,42.0,0.2
21,2,0,108,66,9276,0,41.4,0.4
19,2,0,118,65,7423,0,31.5,3.4
28,2,0,112,74,10708,0,17.5,0.1
41,1,0,133,74,5954,0,65.4,1.7
21,1,0,112,62,19201,0,55.9,0.0
40,2,0,98,65,21231,0,20.8,1.5
29,1,0,140,63,16230,0,55.0,2.5
41,1,1,130,71,20428,1,29.6,1.1
40,1,0,136,82,3355,1,61.2,4.8
55,1,0,117,48,16089,5,70.6,0.0
71,1,0,148,81,20651,1,85.9,1.3
68,1,0,102,65,13103,0,57.6,0.4
73,2,0,130,61,9831,0,48.3,0.0
31,1,0,118,76,3301,0,29.5,0.0
79,2,0,112,73,10909,1,74.7,0.1
29,1,0,123,48,9835,0,82.0,0.0
19,2,1,107,71,17683,0,25.5,5.0
29,2,0,115,65,15062,2,39.5,0.0
68,2,0,120,58,19620,1,37.6,0.0
12,1,0,105,48,16875,1,33.5,4.2
45,1,0,135,83,9888,0,44.9,0.6
17,2,0,91,75,14553,0,53.3,0.4
22,2,1,122,83,5227,5,33.1,0.0
26,1,0,118,45,15924,0,36.0,0.0
16,1,1,105,51,17326,0,48.6,0.3
28,1,0,115,71,9968,0,46.2,6.2
24,1,0,120,84,18891,0,53.3,0.4
19,2,1,119,74,8868,3,13.5,0.1
80,1,0,136,71,7492,1,74.2,0.0
48,1,0,114,61,3428,0,48.4,0.0
15,1,0,140,87,13123,0,36.0,1.1
31,1,0,119,68,11379,0,73.9,0.0
72,2,0,120,81,1983,1,45.8,0.6
67,2,0,124,59,12827,0,51.7,5.8
19,1,0,125,78,13215,1,48.6,0.0
33,2,0,113,97,9799,0,59.1,6.9
12,2,0,104,79,13072,0,35.6,1.7
56,2,0,117,76,21023,5,72.0,0.6
13,1,0,118,70,16484,0,30.2,0.0
11,2,0,112,51,11624,1,56.5,2.7
9,2,0,90,68,12550,0,44.5,0.3
25,1,0,119,78,10073,1,47.1,2.8
15,2,0,136,65,13642,0,32.1,1.1
12,1,0,102,55,11628,0,28.3,0.0
62,1,0,99,42,5530,0,68.6,0.0
27,2,0,114,55,16068,0,15.6,1.4
13,2,0,98,72,10768,0,61.7,1.4
48,2,0,157,65,6474,1,27.6,1.9
77,1,0,135,75,9906,0,44.7,0.7
14,1,0,119,54,9448,0,41.0,1.1
37,1,0,108,60,11900,0,42.7,0.7
64,1,0,133,75,10908,5,46.3,2.2
17,2,0,113,65,10484,0,63.4,0.1
9,2,0,117,63,12935,0,31.8,2.0
11,2,0,131,52,14096,1,53.2,0.2
27,2,0,128,68,8857,1,55.7,0.6
52,1,0,133,52,6347,0,37.7,6.8
76,2,0,129,67,7930,3,18.9,0.7
12,1,0,89,61,10405,0,63.3,0.1
49,2,1,162,86,9891,0,31.0,0.0
68,2,0,117,74,13899,0,53.7,0.0
74,2,0,133,61,9591,2,54.1,0.1
16,2,0,107,71,11929,0,13.0,0.4
73,2,0,131,75,8567,1,45.6,0.0
64,2,0,114,49,11347,0,72.7,0.0
72,1,0,128,63,7500,5,36.5,0.0
22,2,0,100,56,13011,0,53.4,0.0
45,2,0,105,69,7346,0,68.2,0.3
56,2,0,128,65,7559,0,32.3,0.9
59,1,0,117,78,3233,0,31.9,0.0
57,1,0,175,88,8850,1,14.9,0.6
26,2,0,99,68,21666,2,47.0,0.0
16,1,0,96,63,14880,1,35.7,5.6
9,1,0,92,42,13329,0,15.2,0.8
61,2,0,134,73,5347,4,56.9,0.0
21,2,0,115,81,9394,1,37.0,1.5
31,2,0,105,71,12649,0,74.3,0.2
49,2,0,127,68,19984,2,44.1,0.6
9,2,0,108,67,7186,0,44.2,0.0
47,2,1,138,59,14950,4,15.8,0.4
75,2,1,120,61,10557,0,5.0,0.4
74,1,0,112,81,13003,0,53.1,0.0
69,2,0,155,91,11108,0,53.8,0.6
34,2,0,127,66,3781,0,47.6,2.5
25,1,0,97,57,11878,0,95.0,1.2
29,2,1,116,47,10666,3,34.5,0.7
22,1,0,104,59,4803,0,29.9,3.5
48,2,0,121,73,7881,0,77.2,2.6
23,2,0,114,77,13259,0,63.9,0.0
29,1,0,110,72,11091,0,38.2,0.1
63,2,0,119,75,18003,0,31.6,0.0
64,2,0,149,89,11958,0,81.8,0.7
38,2,0,137,74,11316,1,47.2,0.8
38,2,0,127,82,16109,1,40.4,0.0
16,2,0,133,85,6903,0,28.0,0.9
75,1,0,147,66,18269,5,54.3,0.0
24,1,0,124,58,9467,3,19.0,0.7
30,1,1,91,38,3891,0,6.6,1.0
69,2,0,122,67,10007,2,47.5,1.2
14,1,0,130,89,7898,0,37.9,0.0
73,2,0,172,96,7174,5,63.8,0.3
48,1,1,124,91,7726,3,40.2,0.0
14,2,0,103,81,15203,3,21.4,0.6
70,2,0,127,84,6525,1,28.4,0.0
60,2,0,105,51,11532,0,48.7,1.1
10,2,0,115,74,18291,0,35.4,0.0
18,1,0,125,78,13575,0,47.7,0.1
11,1,0,128,64,13607,0,29.2,0.0
31,1,0,126,87,12611,8,56.3,0.0
16,2,0,103,74,8433,0,30.5,0.0
25,2,0,115,62,13694,1,58.9,0.2
65,2,0,159,67,8569,0,42.5,0.7
30,1,0,108,62,16688,0,65.9,0.4
17,2,0,105,57,13581,1,32.4,0.4
23,2,0,113,61,6225,0,16.2,3.1
53,2,1,109,75,4761,3,50.3,0.1
12,1,0,106,63,7771,0,46.3,0.0
52,2,0,138,67,13586,0,35.2,0.0
17,2,0,101,72,16625,0,34.4,0.0
27,1,0,110,65,10468,0,26.6,1.7
33,1,0,131,80,9539,0,51.3,1.0
69,1,0,116,42,4034,3,29.4,0.3
42,1,0,124,75,10061,0,60.3,0.3
39,1,0,123,59,6316,0,58.4,0.0
17,2,0,111,84,8285,0,38.9,0.1
9,1,0,96,34,13520,2,5.4,0.0
44,1,0,116,81,14701,0,38.4,0.0
22,2,0,132,68,13640,0,40.2,0.0
47,1,0,121,58,16318,0,33.6,0.2
43,1,0,127,70,4058,0,38.9,0.0
34,1,0,135,57,11755,4,39.6,0.0
33,2,0,104,46,6937,0,44.4,0.2
48,1,0,113,47,15512,0,38.8,0.1
76,1,0,112,69,9298,2,27.1,0.1
74,1,0,147,76,8024,0,59.1,1.1
70,1,1,158,74,13540,0,18.8,0.8
67,2,0,156,82,10813,1,56.9,0.7
27,2,1,101,49,10213,0,45.7,0.0
50,1,0,124,78,8720,0,47.6,0.1
59,2,0,112,48,4921,0,51.2,1.0
11,2,0,109,75,24052,0,26.4,0.0
46,2,0,110,61,6618,0,38.7,0.4
57,1,0,113,63,11138,0,70.9,5.1
43,2,0,121,71,16594,2,59.1,2.1
73,1,0,111,93,3430,0,47.9,0.8
46,2,0,118,68,13162,0,40.8,0.2
65,2,1,103,66,6034,1,59.0,0.4
9,1,0,104,63,11745,0,32.9,1.3
37,1,0,125,84,4740,1,5.3,1.4
21,1,0,104,71,4541,0,54.5,0.0
47,1,0,128,64,10365,0,69.4,0.0
72,1,0,170,72,5299,1,53.8,2.9
17,1,0,108,53,6574,0,54.4,0.0
57,1,0,129,50,5842,7,46.4,0.6
18,2,0,105,54,12662,0,26.1,0.0
68,2,0,97,67,5509,5,39.2,1.2
42,1,0,106,59,13476,0,38.3,0.0
27,1,0,119,80,8173,0,45.6,0.0
61,2,0,96,51,12259,0,56.6,1.1
51,2,0,127,61,11920,5,12.3,0.0
14,2,0,101,63,8343,0,52.5,1.0
61,1,0,144,79,2079,2,63.3,0.1
42,2,0,128,80,10187,0,40.0,0.5
78,2,0,109,77,9856,5,55.8,0.4
9,2,0,94,58,14173,0,28.3,0.4
77,1,1,165,71,8317,2,9.4,1.8
9,1,0,110,71,8692,0,49.0,0.2
57,2,0,148,68,12992,1,48.7,0.3
34,2,0,110,66,10260,0,33.4,1.3
13,2,0,105,44,12803,1,46.3,0.0
39,2,0,142,99,7116,0,49.7,2.1
12,2,0,122,74,13205,0,32.6,2.3
19,1,0,94,63,18246,0,61.4,0.0
17,1,0,118,79,22929,0,73.6,0.1
12,1,0,102,83,6369,0,43.1,0.0
51,1,0,116,73,14030,0,54.0,2.1
54,2,0,129,80,15941,0,44.9,0.0
54,1,0,121,68,8098,1,23.6,0.0
10,1,0,101,47,8468,0,46.7,0.0
41,2,0,103,55,14123,2,86.8,0.2
44,1,0,129,76,5537,2,55.3,0.0
74,1,0,166,77,7431,1,52.7,0.0
75,1,1,115,63,3275,1,28.4,0.0
62,2,0,136,101,16062,0,41.8,1.2
63,2,0,120,59,10922,0,14.4,2.2
21,1,0,110,57,20266,0,75.5,2.4
22,2,0,121,64,9433,0,44.8,0.1
10,1,0,122,61,14343,0,35.6,2.6
37,1,0,99,71,12505,0,26.7,0.3
12,2,0,103,74,4709,0,51.1,0.2
46,1,0,104,35,13077,2,60.6,0.9
34,2,0,103,65,12585,2,69.3,0.0
11,1,0,90,58,20761,0,34.0,0.0
69,1,0,128,72,8663,0,57.6,0.0
49,1,0,121,63,11461,1,84.2,2.9
71,1,0,146,70,8543,0,71.7,2.6
31,2,0,125,74,7845,2,36.1,0.5
10,2,0,110,48,13816,0,54.7,0.0
27,1,0,111,60,13574,0,57.0,1.0
60,1,0,117,86,8248,4,32.3,9.6
23,1,0,115,64,18989,0,44.6,0.1
29,1,1,111,68,7578,3,42.8,1.7
10,1,0,115,69,8250,0,24.4,1.3
46,2,0,89,59,15558,0,45.2,0.0
70,2,0,120,69,4993,2,51.7,0.0
20,1,0,111,40,4475,0,28.2,0.4
9,1,0,88,46,17470,0,49.9,0.1
33,1,0,109,70,13732,0,48.0,0.0
49,2,0,124,51,10555,6,62.6,0.2
48,1,0,121,62,12903,0,59.7,0.0
53,1,0,123,51,10085,0,20.8,1.0
35,2,0,94,64,10552,0,52.3,0.2
26,2,0,127,75,12626,7,20.3,1.7
37,2,0,98,60,16694,0,52.5,1.3
34,1,0,101,57,3926,0,31.2,0.0
10,2,0,98,45,17630,0,48.6,0.0
56,2,1,124,55,11660,0,46.6,0.8
46,2,0,115,79,7524,1,66.8,0.1
30,1,1,124,76,10442,1,34.7,0.5
15,2,0,103,60,8963,3,48.3,0.0
10,2,0,92,42,15189,0,73.3,0.2
62,1,0,115,66,13364,0,41.0,1.3
12,2,0,105,64,12328,0,32.1,2.3
32,1,0,127,80,11264,0,21.1,0.0
41,1,0,98,31,10994,0,49.6,0.1
26,2,0,105,56,20118,1,48.8,0.0
10,1,0,101,60,10794,0,58.9,0.3
79,1,0,134,75,6874,0,41.8,1.0
23,1,0,112,67,12439,0,62.2,0.2
46,1,0,112,70,6835,1,48.6,0.0
43,1,0,108,86,6294,0,55.3,0.1
9,2,0,80,51,8223,0,27.1,0.0
32,1,0,123,66,5578,3,24.8,0.0
78,1,0,152,73,6676,1,51.6,0.7
17,2,0,92,70,6283,0,59.5,0.7
69,1,0,116,47,5533,0,46.8,0.0
45,1,0,113,58,11721,2,35.5,0.0
79,1,0,143,67,3345,0,24.3,3.0
9,1,0,107,56,17750,0,31.6,0.5
68,2,0,148,75,7422,1,26.0,0.0
15,1,0,127,80,11261,0,42.3,0.0
28,2,0,123,67,15776,0,49.9,2.7
80,2,0,160,89,15763,1,80.9,7.7
59,1,0,99,29,13617,1,31.0,0.3
48,2,0,122,68,14230,2,27.5,0.2
79,2,0,134,89,4195,0,95.0,0.1
13,2,0,106,59,11961,4,46.0,5.1
70,1,0,113,40,5604,0,33.0,0.6
11,1,0,123,83,14517,0,51.5,0.0
59,2,0,161,70,6738,5,25.4,0.0
34,2,0,126,114,13720,1,58.6,0.5
75,2,1,131,97,6662,0,39.0,0.0
65,2,0,117,61,5225,1,66.8,0.2
35,2,0,130,82,14246,0,49.4,0.0
12,1,0,96,51,10638,0,22.2,0.0
58,1,0,118,61,10922,1,29.0,0.0
52,1,0,161,84,5398,1,54.3,6.5
33,1,0,131,77,12211,4,51.0,0.8
64,1,0,110,82,7055,4,33.8,0.8
32,1,0,93,64,15269,1,48.0,2.0
45,1,0,108,70,10858,1,36.0,0.1
12,2,0,111,52,12814,0,5.0,0.3
51,2,0,111,66,10126,0,66.2,0.8
72,2,0,140,65,8015,0,91.4,0.0
14,1,0,116,66,7111,0,46.3,0.0
58,2,0,118,65,6846,0,44.7,0.2
65,2,0,154,74,6805,3,67.3,0.1
44,1,0,101,64,17008,0,54.8,0.1
12,1,0,104,66,11713,0,16.5,0.0
79,2,1,112,65,2445,1,59.4,2.5
75,1,0,133,71,9980,0,91.0,0.7
26,1,0,153,88,12650,0,28.8,0.0
17,1,0,100,49,7527,1,6.9,0.0
35,1,0,132,55,8881,0,57.4,1.5
43,1,0,127,87,15971,0,68.3,0.0
20,1,1,111,77,5822,0,35.1,3.5
65,1,0,95,54,6876,0,51.1,0.3
72,2,0,125,94,8073,2,52.1,0.0
56,1,0,107,69,14729,0,71.6,0.2
9,1,0,91,54,26674,0,20.2,0.7
77,1,0,106,46,5568,1,24.1,0.4
47,2,0,119,75,5385,0,46.4,0.2
22,1,0,95,56,13850,0,27.4,0.0
50,1,0,146,84,8026,3,33.1,0.0
64,1,0,112,89,5012,0,56.2,0.9
29,1,0,151,75,16172,0,45.0,0.0
30,2,0,90,58,7230,0,37.8,0.2
16,1,0,109,56,21794,0,53.0,0.4
44,1,0,134,101,8687,0,60.6,1.9
37,2,0,110,58,6214,0,25.2,0.0
18,2,0,101,47,10664,0,10.3,4.5
28,2,0,106,65,22076,0,51.9,0.2
11,1,0,99,41,16975,0,37.3,0.4
40,2,0,122,59,13381,0,33.6,2.8
80,1,1,161,51,3186,8,52.4,0.3
47,2,0,108,47,10871,0,27.2,2.1
39,2,0,115,63,9909,4,50.2,0.0
14,2,0,111,58,9807,0,21.3,0.4
79,1,0,144,80,16662,1,23.0,0.0
11,1,0,92,48,13487,0,51.7,0.0
21,2,0,92,66,12063,0,12.3,0.6
16,2,0,100,64,7585,0,42.8,0.0
70,1,0,114,60,1740,2,42.9,0.9
19,2,0,99,52,7383,1,26.0,3.1
35,1,0,125,78,9052,0,54.6,2.6
59,2,0,158,85,13716,1,59.3,0.0
68,1,0,103,62,8358,0,45.8,0.0
45,1,0,133,71,11051,0,46.8,4.8
20,1,0,110,63,9936,0,37.7,4.5
47,2,0,100,79,8536,3,13.5,2.1
74,1,0,151,90,7575,1,36.3,0.0
74,1,0,140,55,2543,4,56.3,0.3
62,1,0,113,38,13023,1,40.4,2.1
15,2,0,95,60,11720,0,36.5,1.7
40,2,0,107,76,11318,0,49.9,0.5
32,2,0,102,61,6995,0,43.8,0.4
52,1,0,113,80,6048,0,43.6,0.9
76,2,0,165,92,15290,0,45.8,0.2
39,2,1,120,75,13133,0,41.8,0.0
12,1,0,116,64,12143,0,30.0,0.2
39,2,1,134,85,9734,2,53.4,0.9
63,2,0,118,87,17166,0,48.0,0.3
68,2,0,112,70,10625,0,45.6,0.4
68,2,0,106,76,11692,0,66.6,0.0
42,1,0,141,59,15396,1,44.0,0.0
62,1,0,149,62,13943,0,62.7,0.1
18,1,0,114,75,8842,0,47.2,8.4
60,1,1,143,94,4990,2,39.1,5.0
21,1,0,115,64,11613,0,34.2,0.0
17,1,0,92,54,9070,0,43.8,1.3
23,2,0,124,74,17981,0,78.4,0.0
33,2,1,127,64,11646,0,16.9,1.7
41,1,0,122,81,12509,2,26.1,0.9
13,2,0,94,44,15958,0,18.5,0.6
34,2,0,84,45,4969,0,25.5,0.3
40,2,0,111,74,14487,0,38.5,0.6
57,1,0,145,72,3864,1,26.0,0.2
35,1,0,130,64,11311,2,36.8,0.7
49,2,0,145,61,7863,1,61.1,0.0
29,2,0,109,50,7140,4,27.2,0.0
51,2,0,138,67,10671,0,65.8,0.1
44,2,0,108,56,7329,0,53.8,0.0
13,1,0,93,38,16078,0,43.7,0.0
27,2,0,107,56,11632,0,30.2,0.2
30,1,0,108,53,11434,1,53.9,0.1
30,2,0,107,58,14149,0,59.2,1.2
20,1,1,116,61,16975,3,19.5,0.4
40,2,0,113,59,3746,0,58.0,0.0
59,1,0,135,75,5806,1,75.2,0.0
27,1,1,123,60,11504,1,60.8,0.0
37,1,0,145,80,8668,3,39.7,0.0
13,2,0,90,52,12334,0,68.4,0.0
13,2,0,84,32,12566,0,61.5,0.4
9,1,0,97,41,10160,0,36.8,0.7
23,2,0,90,40,5062,0,28.6,0.0
68,2,0,158,85,5245,7,46.0,9.6
63,1,0,126,54,8029,3,8.9,0.1
76,2,0,121,83,10454,1,52.6,0.2
16,2,0,104,80,14205,0,49.8,0.0
63,2,0,130,63,11609,0,29.9,0.0
21,2,0,121,54,7621,0,30.1,0.0
11,1,0,100,77,9664,0,51.3,0.6
13,1,0,84,48,9647,0,18.1,0.6
37,1,0,117,60,18823,0,57.8,0.0
72,1,0,138,59,11702,4,36.8,0.3
77,1,0,133,70,8188,6,49.2,0.5
49,2,1,125,58,4535,6,23.3,0.0
37,1,0,100,45,6729,0,35.0,0.6
59,2,0,126,92,11727,0,77.6,0.1
40,2,0,123,62,13894,5,17.1,0.0
29,2,0,127,70,8446,7,50.7,0.0
54,2,0,105,70,7463,0,69.0,0.5
65,2,0,147,83,6901,1,73.2,0.0
12,1,0,143,73,20988,6,34.1,4.2
40,2,0,118,60,8335,0,68.4,5.5
16,2,0,107,62,8762,0,54.6,0.1
28,2,0,105,80,16274,0,60.8,0.0
49,2,1,91,61,9010,6,34.2,0.0
19,2,0,114,61,4939,0,44.9,0.0
58,1,0,147,79,16061,1,31.7,0.0
31,2,0,138,82,17054,0,52.9,0.5
27,1,0,104,64,5561,0,43.5,2.7
33,2,0,100,58,10709,0,55.7,4.5
55,1,0,130,72,6715,2,51.2,0.9
17,2,0,103,71,7782,0,63.2,0.0
50,1,0,130,69,3541,1,15.5,0.0
9,1,0,99,58,9948,0,37.7,0.0
27,1,0,99,52,16975,2,36.5,0.5
16,1,0,116,74,12602,0,50.0,0.1
13,1,1,99,67,14051,0,39.2,0.2
32,1,0,150,69,7225,0,60.2,0.1
36,1,0,122,65,2471,0,27.6,0.3
35,1,0,112,70,13505,0,31.7,0.2
48,2,0,137,72,8671,1,44.0,0.0
49,2,0,122,74,14476,0,57.4,0.0
29,2,0,94,76,10144,2,41.0,1.4
47,2,0,117,58,8205,0,27.3,0.2
50,1,0,97,59,7162,0,28.7,0.0
36,2,1,129,80,5048,1,53.7,0.6
19,1,0,123,66,14228,4,34.6,0.1
50,1,0,121,74,13121,0,22.5,1.0
26,1,0,104,53,11475,0,49.8,0.0
11,2,0,94,57,17441,0,46.3,0.2
27,2,0,113,69,11074,1,19.5,0.0
13,1,0,112,77,4760,0,27.7,0.0
22,2,0,131,77,14672,0,58.5,0.0
33,1,0,109,65,6464,0,61.0,0.1
22,1,0,118,63,14314,0,47.2,0.0
19,2,0,119,65,12437,1,9.6,1.3
67,2,0,118,70,8825,0,60.1,0.3
10,2,0,89,42,12806,0,61.7,0.0
79,1,1,137,73,2888,2,24.3,2.4
49,2,0,124,59,15973,1,41.0,0.5
11,2,0,92,57,10939,0,38.3,0.5
57,2,0,149,77,5180,1,37.9,4.6
9,1,0,106,42,8206,0,25.6,0.0
39,1,0,110,62,7437,0,48.8,0.2
35,2,0,110,65,17551,1,34.8,0.0
22,2,0,94,61,14026,0,26.8,0.2
10,2,0,89,63,9775,0,43.0,0.0
17,1,0,102,67,13571,0,50.3,0.0
19,1,0,111,69,12896,0,51.0,0.0
71,2,1,144,76,11500,0,64.6,0.0
33,1,0,121,65,9624,0,68.5,3.7
22,1,0,113,58,10784,0,7.0,0.2
57,2,1,154,49,6697,5,31.9,3.9
67,1,0,137,70,9498,1,59.1,0.0
11,1,0,103,68,16696,0,71.9,0.3
74,1,0,126,62,11924,0,48.5,0.1
20,2,0,132,63,7124,0,49.1,0.1
55,2,0,135,91,6011,0,50.8,0.0
76,1,0,146,73,7060,3,51.0,0.2
47,1,0,123,82,14884,0,44.8,0.5
13,2,0,105,52,14759,0,39.0,0.1
63,2,0,110,69,7087,0,62.2,0.0
64,1,0,145,73,7951,0,77.9,0.1
55,2,0,131,61,14375,0,53.0,0.0
59,2,0,113,66,9116,0,29.2,0.3
36,1,0,130,81,22000,0,59.7,2.6
30,1,0,109,70,14886,0,40.2,1.1
31,1,0,124,75,3695,0,38.0,2.4
70,1,0,126,82,10834,0,53.3,5.9
69,1,0,127,70,9615,1,47.5,0.0
57,2,0,137,62,9587,1,59.8,2.0
55,1,0,142,78,10490,0,30.0,2.6
11,2,0,96,73,14983,0,41.2,0.0
46,2,0,130,89,11508,1,34.7,0.8
43,2,0,105,62,11863,7,13.1,0.0
59,1,0,124,82,6234,1,31.2,2.7
19,1,0,109,71,8930,0,24.2,0.1
11,1,1,137,79,8114,0,45.9,5.7
30,1,0,118,64,10502,0,45.2,0.1
17,1,0,117,72,11066,0,30.4,0.1
43,1,0,150,108,16835,0,49.8,0.1
44,1,0,130,102,11945,5,41.9,0.6
15,2,0,90,51,11193,0,46.1,0.1
78,1,0,144,90,18311,1,59.1,0.4
30,1,1,107,69,15357,0,30.8,0.0
68,2,0,125,78,11235,1,18.8,0.3
22,2,0,114,54,11272,0,25.4,0.4
13,2,0,88,53,15778,0,5.2,0.8
65,1,0,139,90,5546,0,95.0,0.7
68,2,0,112,93,4952,3,60.6,0.9
80,1,0,158,108,5310,7,52.7,0.0
26,1,0,120,79,11729,2,38.5,0.2
26,2,0,160,103,5781,1,41.7,0.3
47,1,1,121,70,9538,1,22.0,0.3
14,2,0,99,20,9087,0,56.0,0.1
33,2,0,150,68,6248,0,67.7,0.2
47,1,0,105,70,9997,0,67.3,0.0
54,1,0,101,68,8370,2,31.4,0.0
58,2,0,143,74,11983,4,68.1,2.4
66,1,0,139,47,12080,9,29.0,1.1
75,1,0,107,70,9545,2,61.8,1.0
68,1,0,122,55,11347,1,54.3,0.0
25,2,0,104,73,12751,0,40.8,0.0
26,1,0,107,57,12355,0,66.0,0.0
42,2,0,107,59,6984,2,44.7,0.2
40,1,0,131,82,1972,1,40.9,0.0
37,2,0,110,74,9264,0,41.9,0.1
32,2,0,100,56,10004,0,40.2,0.2
12,1,0,120,68,12274,0,62.3,0.0
11,1,0,102,75,15457,0,42.5,0.1
61,2,0,103,92,7913,2,16.4,0.4
36,2,1,111,55,7129,0,32.9,0.6
48,1,0,126,62,8186,1,34.9,0.0
24,2,0,94,53,8248,3,46.9,0.0
10,1,0,134,74,12651,0,26.1,3.9
79,2,0,106,80,4000,1,65.1,0.0
71,2,0,145,86,6010,0,40.7,0.1
47,2,1,111,66,13546,4,35.6,0.1
18,1,0,100,54,14829,0,23.0,0.1
60,2,0,129,62,10523,1,12.6,0.1
14,1,0,117,56,14121,0,19.7,2.1
79,1,0,129,72,3927,0,50.1,0.4
42,1,0,113,85,8626,0,58.4,0.1
60,1,0,111,71,11394,0,61.1,0.0
61,2,0,154,62,10999,0,39.6,0.1
65,1,0,102,50,11760,0,51.0,0.1
11,1,0,101,62,18738,0,56.2,1.0
27,1,0,107,50,12146,0,45.4,0.1
17,1,0,119,80,12116,0,60.6,1.0
51,1,0,98,57,12006,0,27.0,0.1
76,2,0,141,73,4424,2,70.8,0.4
10,1,0,106,50,14486,0,45.0,0.1
54,2,0,114,85,18005,0,50.7,0.2
59,1,0,114,65,12554,0,83.0,0.0
72,1,0,149,62,5726,2,42.0,0.0
78,1,0,126,75,5777,2,48.6,0.0
54,2,0,106,67,12684,1,34.3,0.0
57,2,0,129,71,10801,0,37.2,0.4
78,1,0,109,60,7083,0,65.3,1.4
76,2,1,165,86,6191,0,72.2,9.6
27,1,0,104,81,6055,0,32.7,2.0
71,2,0,114,82,11086,1,45.0,0.3
35,1,0,145,61,28331,0,60.6,0.1
64,2,0,131,88,8182,0,59.2,0.2
68,1,0,129,70,8309,0,43.0,4.8
24,1,0,109,54,11084,0,45.4,0.0
41,1,0,115,71,10531,0,9.8,0.2
73,2,0,113,86,7443,0,47.0,0.1
32,2,0,112,60,10258,3,8.4,3.5
77,2,0,136,71,3268,1,46.1,0.5
27,2,0,113,72,14376,0,52.9,0.0
33,1,0,121,60,10702,0,46.3,0.7
53,2,1,118,73,5483,0,46.1,2.2
39,2,0,108,51,6322,0,5.0,0.3
46,2,0,137,73,11027,5,55.2,2.2
61,1,0,133,57,10082,2,25.6,0.1
22,2,0,117,56,10638,0,33.6,0.0
16,2,0,96,68,7148,0,41.7,6.0
13,1,0,100,50,8333,0,27.5,0.0
9,2,0,110,61,19996,0,41.5,2.7
76,1,0,121,79,7881,0,39.4,1.5
29,1,0,132,85,7207,0,42.2,0.2
40,2,1,103,64,7487,0,20.6,0.0
30,1,0,103,83,13454,0,34.4,0.2
41,1,0,123,73,6066,0,61.8,0.1
24,1,0,142,72,9764,0,61.7,0.2
9,2,0,110,45,11241,0,37.5,1.9
32,2,0,126,90,9884,1,12.1,0.9
38,1,0,110,71,3505,0,42.0,0.0
41,2,1,100,63,11120,1,73.0,0.9
15,2,0,122,82,18531,1,33.9,0.2
26,2,0,103,49,4893,0,5.0,0.0
74,1,0,112,62,13065,0,71.1,0.1
9,2,0,99,35,13738,0,7.3,1.1
66,2,0,113,88,14373,1,32.9,0.0
11,1,0,94,73,15451,0,42.2,1.7
11,2,0,106,50,14790,0,55.0,0.6
69,1,0,149,64,4283,1,67.4,0.0
27,2,0,111,52,9448,0,52.5,0.0
9,1,0,97,31,15126,0,39.5,0.0
21,2,0,115,48,20925,0,53.3,0.1
41,2,0,120,76,9672,7,53.9,0.0
10,1,0,95,44,9556,0,23.0,0.4
33,1,0,119,70,11577,1,11.2,2.2
12,2,0,109,44,6562,0,28.3,7.3
23,2,0,96,71,8927,1,31.7,0.0
23,1,0,100,64,4587,0,28.4,0.1
50,2,0,124,71,18491,0,59.1,0.0
26,1,0,130,49,10929,0,79.3,0.0
13,2,0,93,62,7517,0,52.1,0.1
12,1,0,126,98,14539,0,57.2,0.5
74,1,0,121,87,9597,4,54.0,1.6
37,1,0,115,85,2833,0,52.8,0.1
30,2,0,126,63,19592,0,34.1,1.3
38,1,0,104,54,15953,0,5.0,0.1
21,2,0,105,49,13173,0,38.2,1.7
18,1,0,113,67,5777,3,47.9,0.0
79,2,0,118,57,16277,0,46.0,0.4
64,2,0,98,62,10586,3,53.6,1.4
40,1,0,111,57,15336,1,43.0,0.4
25,1,0,103,97,13809,0,95.0,0.5
66,2,0,109,89,6195,1,78.3,0.0
17,2,1,119,80,7994,0,61.4,0.0
52,2,0,151,73,3106,2,22.7,5.4
43,1,0,117,81,12501,0,31.3,0.0
10,1,0,118,56,14200,0,19.0,0.3
42,1,1,126,66,13213,0,35.2,1.0
45,1,0,139,79,7927,0,64.7,1.1
73,2,0,136,86,6884,0,57.2,0.0
28,2,0,114,71,12457,1,45.0,0.1
30,2,0,108,77,7630,0,41.4,0.1
14,2,0,120,53,14428,0,60.2,0.2
67,1,0,123,54,4535,1,37.2,2.4
31,1,0,128,81,7956,0,24.1,0.0
32,1,0,113,70,12365,0,42.3,0.1
33,2,0,96,61,2224,2,14.3,1.6
45,1,0,122,69,12681,0,23.0,0.3
78,1,0,138,63,4809,9,58.0,0.1
42,1,0,134,70,13090,0,54.0,0.0
25,2,0,131,66,8002,0,49.5,0.9
78,2,1,165,82,5135,0,72.7,1.0
67,2,0,114,53,9743,4,5.0,4.8
13,1,0,118,76,11777,0,37.5,0.0
45,1,0,101,69,9572,0,37.5,0.2
30,1,0,114,44,10701,0,30.8,2.4
60,2,0,144,84,11739,0,52.9,0.3
10,1,0,123,69,9144,0,33.0,0.9
58,2,0,136,66,13478,4,17.1,3.7
40,2,0,131,80,7231,0,54.6,0.2
30,2,1,87,44,14760,1,44.7,4.4
13,1,0,94,63,6247,0,20.8,0.1
16,1,0,96,51,13718,0,35.1,0.0
48,2,1,115,58,8171,0,45.9,0.9
42,2,0,100,49,16203,1,51.7,0.3
39,1,1,121,67,9110,0,40.0,0.6
53,2,0,121,62,10683,0,58.9,0.0
80,1,0,183,92,8671,2,39.5,1.8
24,1,0,97,66,20371,0,41.3,0.5
9,1,0,100,54,7623,0,44.6,0.1
33,1,0,134,81,12325,0,20.1,0.3
34,1,0,151,85,11599,0,58.2,0.1
33,1,0,110,72,7348,0,23.8,1.6
22,2,0,103,60,11113,0,59.7,0.7
57,1,0,98,60,12031,0,25.4,1.8
34,1,0,123,66,12460,4,47.6,0.2
11,2,0,103,55,15926,0,40.7,1.0
52,2,0,154,78,14486,9,33.5,0.0
39,2,0,102,57,9550,0,14.6,0.1
79,2,0,118,66,2754,5,34.8,1.2
28,1,0,101,71,10632,0,37.2,0.0
80,1,1,134,85,7422,2,29.1,0.0
60,2,0,124,80,5780,4,13.0,0.0
24,2,0,103,53,7125,1,35.3,0.0
33,1,0,116,59,6755,0,57.4,0.0
33,2,0,99,52,4399,2,22.6,0.2
44,1,0,110,52,7678,0,36.2,0.0
17,1,0,138,94,13569,6,30.9,0.3
52,2,0,117,91,9808,0,44.8,0.6
18,2,0,107,38,15248,0,28.1,0.8
10,1,0,109,47,8255,0,28.1,0.2
21,2,0,106,55,15369,0,26.4,2.5
27,1,0,115,48,11355,0,44.1,0.1
50,2,1,104,67,9865,1,10.4,4.0
9,1,0,101,75,14114,0,15.3,1.6
30,2,0,106,66,14212,0,57.6,0.8
40,1,0,98,51,10424,0,65.6,0.1
18,2,0,98,58,12015,0,47.2,0.5
74,1,0,115,64,9744,1,42.6,1.3
46,2,0,148,78,11450,1,36.5,0.0
37,2,0,139,65,12770,2,42.4,0.4
40,1,0,99,59,17157,2,75.1,0.0
12,1,0,100,56,19345,0,31.6,0.6
27,1,0,108,69,20778,0,51.2,1.3
57,2,0,118,59,11574,1,31.4,0.1
23,1,0,125,65,12942,0,26.8,0.3
18,2,0,109,62,19650,0,43.5,1.1
53,1,0,108,44,18220,0,32.4,1.6
31,1,0,122,85,12867,1,27.6,0.1
26,2,0,111,74,9976,0,42.7,0.0
22,1,0,95,36,9537,6,27.7,0.0
69,1,0,125,55,9274,1,40.6,3.4
56,1,0,109,32,8884,3,31.4,0.4
66,2,1,123,56,6074,4,59.0,0.3
20,1,1,116,61,10553,1,43.7,0.0
66,2,0,113,63,9783,2,40.1,0.0
58,2,0,137,74,14383,0,60.2,0.3
32,1,0,101,70,10246,0,33.0,0.4
39,1,0,120,81,20243,0,51.5,0.0
24,2,0,102,69,10023,0,5.4,1.6
10,1,0,112,53,7015,0,19.3,0.3
35,1,0,123,61,5740,1,34.5,0.4
13,2,0,105,57,5859,0,37.1,1.4
48,2,0,133,73,14538,0,78.1,0.3
49,2,0,108,72,19090,1,30.4,0.2
23,1,0,115,84,10536,0,31.0,3.7
72,1,0,149,78,21697,2,50.6,0.0
26,1,0,126,72,13855,0,45.1,0.0
23,2,0,110,62,13741,0,38.7,0.0
67,1,0,128,53,8131,5,34.4,0.0
61,2,0,146,90,15937,4,47.8,5.2
71,1,0,134,100,11302,0,80.6,1.3
66,2,0,125,82,18673,2,44.2,0.2
45,1,0,115,70,8733,2,53.9,0.0
39,2,0,132,59,8042,0,78.9,0.0
75,1,0,142,79,9974,0,29.2,0.0
31,1,0,145,62,17242,0,69.5,0.6
11,2,0,99,65,11224,0,37.5,0.0
31,1,0,100,60,19563,0,60.0,0.0
65,2,0,121,65,18132,1,46.2,0.0
56,2,0,109,67,10374,0,32.3,2.8
80,1,0,165,113,2952,6,39.1,4.2
62,1,0,100,77,12272,0,39.1,0.0
49,1,0,142,69,4635,0,13.4,1.1
32,1,0,106,32,8425,0,23.2,0.2
16,1,0,94,76,11507,0,92.5,0.0
16,2,0,97,56,17777,0,40.3,2.0
18,1,0,109,71,12874,0,30.0,0.0
64,2,0,127,84,2611,3,34.5,7.8
57,1,1,118,56,7757,1,5.0,0.0
38,2,0,113,65,12443,0,83.8,0.0
22,2,1,103,47,8315,0,26.6,0.1
10,2,0,100,55,10124,0,55.7,0.0
31,2,0,114,66,12027,0,68.2,4.5
44,1,0,98,50,10948,3,36.9,0.0
71,2,0,112,67,20291,2,48.8,0.2
20,2,1,142,79,13768,1,64.7,0.0
21,1,0,112,62,12491,0,44.1,1.0
12,1,0,106,82,13696,2,45.5,0.0
38,2,0,121,81,10290,0,30.5,0.0
64,1,1,141,64,12640,3,23.6,0.2
12,1,0,112,74,21827,0,53.3,0.0
37,1,0,106,61,8924,0,47.0,2.0
23,1,0,106,72,9130,1,47.9,2.4
12,1,0,110,78,4135,3,35.4,3.2
36,1,1,115,75,15933,1,46.9,0.7
27,2,0,102,58,9482,1,14.9,0.0
66,2,0,123,57,13466,1,16.3,0.0
14,2,0,123,73,8657,0,19.4,2.6
21,1,0,135,56,17175,1,28.1,0.0
27,1,0,119,52,17373,0,45.8,4.0
13,2,0,121,45,18377,5,18.6,0.7
53,1,0,125,80,13169,0,24.6,0.1
13,1,0,119,54,7433,0,59.7,0.0
74,1,1,129,79,12069,6,15.1,0.1
22,2,0,110,67,21738,0,92.3,0.0
27,1,0,107,57,15325,0,70.2,0.0
44,2,0,108,77,13289,0,46.6,1.9
54,2,0,141,97,8439,0,36.6,0.0
48,1,0,112,62,10795,2,23.4,0.3
10,2,0,112,50,17153,0,20.2,0.1
28,1,0,124,58,12947,0,36.3,0.6
19,1,0,143,56,15898,0,61.0,0.0
25,1,0,124,96,12859,1,32.5,0.5
46,2,0,132,65,5053,0,71.0,0.0
45,1,0,127,75,12286,0,51.6,0.1
59,1,0,127,64,6813,0,62.2,2.1
63,2,0,108,56,9359,0,50.3,0.8
11,2,0,90,60,14293,0,46.6,0.0
79,1,0,126,86,11007,0,49.3,0.0
79,1,0,124,52,5556,0,36.1,0.3
31,1,0,117,80,18519,0,80.7,1.7
41,2,0,131,74,10179,1,7.9,2.6
24,2,0,114,71,17479,0,48.0,0.0
11,1,0,107,60,12713,0,28.6,0.4
29,2,0,93,60,15944,0,39.3,0.0
18,2,0,128,57,14374,0,46.9,0.0
31,1,0,107,58,7821,0,28.0,1.5
79,2,0,140,71,7259,1,71.1,0.0
79,2,0,198,68,11099,0,53.9,0.8
14,2,0,110,68,5912,0,41.7,0.8
11,1,0,107,61,13239,0,52.5,0.0
22,2,0,126,70,16837,0,51.2,0.0
18,1,0,110,79,7334,0,36.5,0.2
50,1,0,138,82,8746,0,42.0,0.0
13,1,0,108,73,8399,0,43.3,0.0
21,2,0,107,64,11590,0,67.8,0.5
21,2,0,119,71,23226,0,47.9,0.0
15,1,0,108,59,14204,0,35.5,0.0
12,1,0,125,61,10281,0,55.1,0.0
60,2,1,124,59,7183,2,50.6,2.9
54,2,0,160,73,8218,1,54.7,8.0
16,2,0,85,56,4642,0,52.6,0.1
28,1,0,109,74,13667,0,45.7,0.1
19,2,0,102,63,7953,0,43.4,0.0
18,1,1,111,59,14052,0,9.6,0.2
72,2,0,152,76,10487,0,76.0,1.6
63,2,0,151,82,11867,1,51.4,0.0
65,1,0,132,88,8381,0,61.5,0.0
26,2,0,112,71,4484,0,44.6,1.0
51,2,0,144,80,5942,3,29.9,0.1
16,1,0,105,62,13257,0,49.3,0.2
29,2,0,103,45,16566,0,32.1,0.0
80,2,0,153,89,13731,4,61.8,0.2
21,2,0,102,61,17312,2,33.6,0.1
59,1,0,145,73,11074,0,50.1,3.1
49,2,0,155,79,10047,0,55.6,0.5
55,2,0,114,81,9970,6,18.5,0.0
11,1,0,112,55,20445,0,32.5,0.1
10,1,0,123,65,9716,0,44.1,1.0
12,1,0,113,63,6024,0,66.5,0.0
77,1,0,146,72,12152,1,64.2,0.0
20,2,0,118,72,15544,0,30.5,0.1
29,2,0,112,64,21374,0,81.2,0.3
52,1,0,134,75,2243,0,58.2,0.1
57,2,0,122,77,9204,2,55.9,3.9
74,2,0,128,66,9894,4,42.1,0.0
20,2,0,123,46,13144,1,14.6,0.1
15,2,0,91,57,12254,0,67.4,0.3
21,2,0,100,77,9426,0,62.5,0.1
58,1,0,141,79,12916,0,77.4,0.0
15,2,0,116,57,18786,3,52.0,0.6
71,1,0,144,50,8992,0,39.8,0.2
24,2,0,106,62,7721,1,35.9,0.0
12,1,0,93,52,12960,0,60.3,0.0
44,1,0,103,60,12592,1,18.2,2.4
77,1,1,135,79,10641,0,75.4,0.0
26,2,0,163,76,6390,0,28.5,1.0
73,2,1,157,94,7043,6,50.6,4.6
57,2,0,118,61,9004,0,57.8,0.0
13,2,1,100,57,4990,0,40.8,0.0
67,2,1,99,41,16032,2,51.5,0.0
62,2,0,109,76,11432,0,29.2,0.0
68,2,1,128,65,6262,8,35.1,0.2
72,2,0,130,80,17045,3,37.9,5.7
56,1,0,137,85,4357,0,17.5,0.1
23,2,0,118,69,14412,0,53.9,3.7
76,2,0,115,56,4754,0,38.9,0.1
62,1,1,103,74,3222,7,29.1,1.5
76,1,0,147,57,13545,1,46.8,0.0
16,2,0,115,56,11806,0,30.5,0.0
42,1,0,125,58,4173,0,66.8,8.2
64,2,0,138,73,9214,0,80.4,0.8
19,1,0,106,53,6188,0,29.2,0.2
19,2,0,106,68,13002,0,33.1,0.3
10,2,0,113,67,9653,0,23.5,0.0
24,1,0,108,78,11403,2,7.2,0.1
10,2,0,97,48,12431,2,39.0,0.1
33,1,0,108,76,11218,2,19.4,0.7
68,1,0,107,64,15814,0,62.8,0.0
11,2,0,101,55,9722,0,28.3,0.1
75,1,0,120,62,19235,0,62.6,0.1
45,2,1,144,66,13258,2,7.4,3.0
56,1,0,131,91,14775,0,50.9,2.3
37,1,0,142,59,5847,0,41.5,0.2
67,1,0,117,64,14313,13,41.8,2.9
44,1,0,111,62,19601,0,45.5,0.0
21,2,0,108,64,14245,1,41.8,0.1
14,2,0,146,79,12063,0,27.1,0.0
31,1,1,131,66,10961,0,74.6,0.5
48,1,1,131,83,12418,0,38.4,1.5
9,2,0,103,63,13538,0,51.4,0.0
11,1,0,106,46,7596,0,36.8,0.0
11,2,0,99,49,8285,0,63.7,0.3
28,2,0,122,75,11314,0,46.3,0.0
60,1,1,125,67,7056,3,41.0,0.0
14,1,0,122,48,17169,0,20.4,0.2
37,1,0,127,76,7341,0,26.1,3.9
31,2,0,112,59,16142,0,26.5,0.0
58,1,0,127,76,9741,1,59.8,3.9
54,1,0,120,56,7079,0,55.7,0.0
11,2,0,96,60,16821,1,35.1,0.0
43,2,0,110,89,4338,0,47.0,1.3
10,2,0,109,71,14305,2,24.2,0.2
17,2,0,109,71,10726,0,20.0,0.3
50,2,1,116,60,9635,0,47.6,2.0
17,1,1,112,45,3739,0,25.9,0.6
20,2,1,115,41,8611,1,5.0,0.1
29,1,0,121,72,6696,0,19.3,0.0
16,1,0,112,83,8005,0,72.5,0.0
32,1,0,124,73,11782,0,73.7,0.0
78,1,0,145,80,2642,0,38.7,0.0
39,1,0,137,81,11135,0,34.7,0.1
78,1,0,121,66,4873,3,23.7,1.0
72,1,0,153,78,6865,5,10.2,0.2
16,2,1,128,42,8333,0,23.3,0.0
75,2,0,108,60,10816,2,54.3,2.6
59,1,0,153,95,9573,1,44.4,0.1
70,2,0,132,86,9110,0,55.8,0.5
59,1,0,111,71,24045,0,55.1,0.3
60,1,1,122,66,12541,1,63.1,0.1
66,2,0,116,69,12244,1,59.1,0.3
9,2,0,80,50,22952,0,45.3,0.0
38,1,1,116,54,6977,1,46.3,0.0
53,1,0,165,72,6290,1,50.1,0.2
31,2,0,115,90,17472,1,30.0,1.5
58,1,0,136,65,9646,2,63.8,0.1
19,2,1,110,67,11202,0,48.1,0.0
45,1,1,138,77,20358,1,53.6,1.3
19,2,0,104,47,5825,0,27.3,0.2
53,2,1,139,58,7765,1,15.9,0.0
63,2,0,169,75,10805,3,60.7,1.7
11,2,0,100,57,14422,0,33.7,1.0
26,1,0,115,70,8539,6,34.3,1.4
62,1,0,116,56,11865,0,69.3,0.2
12,1,0,99,51,19454,0,38.2,0.7
60,2,0,135,73,16847,0,67.8,0.4
72,2,0,144,78,14471,0,63.0,0.3
12,2,0,130,85,23293,0,43.2,0.5
23,1,0,103,35,8380,1,19.9,0.2
39,2,0,107,39,7158,1,68.1,0.0
19,1,1,115,75,14525,0,44.5,4.0
41,2,0,117,58,9813,0,42.0,2.2
19,2,0,151,86,17247,0,51.9,0.4
43,2,0,117,50,7525,0,48.5,0.0
48,2,0,119,58,6668,2,9.8,0.1
73,2,0,145,96,16460,1,65.7,2.4
33,1,0,98,52,24362,0,59.6,3.5
24,1,0,127,71,14010,0,24.3,5.6
20,2,0,109,66,14530,0,24.0,0.2
18,1,0,111,67,6258,0,34.9,1.3
38,1,0,90,56,4947,0,5.0,0.0
76,2,0,113,72,3117,1,33.1,0.0
74,2,1,116,66,10292,0,19.2,0.5
35,2,0,120,66,6768,0,65.5,0.0
54,1,0,106,75,13445,1,70.1,1.3
38,1,0,136,98,6810,2,54.9,0.0
23,1,0,119,40,18198,0,52.2,0.0
66,1,0,134,80,7570,1,72.6,0.0
18,1,0,103,56,6712,0,49.1,0.0
25,2,0,96,50,10667,0,14.2,0.1
9,2,0,91,45,23797,0,25.8,2.3
65,2,0,130,68,9781,1,39.8,0.0
13,1,0,149,76,7211,1,32.6,0.4
66,2,0,171,67,9827,0,72.0,0.2
43,2,1,108,82,22966,7,41.8,1.2
18,2,0,136,53,16751,0,52.8,0.9
60,2,1,127,50,6699,2,35.8,0.1
48,1,0,127,68,5946,0,47.0,0.0
18,1,0,131,82,9239,0,38.8,0.0
38,1,0,122,77,11705,0,50.8,3.3
23,1,0,142,79,17965,0,26.9,0.1
46,1,0,120,68,3609,4,26.6,0.0
22,1,0,108,64,8818,0,75.3,1.2
32,1,1,132,81,13536,0,86.2,0.0
30,1,0,125,64,20827,1,63.6,0.3
15,2,0,106,67,16815,0,46.3,0.1
27,1,0,163,77,13681,0,5.0,0.2
54,1,0,152,73,10628,7,44.3,0.1
43,2,0,125,74,13499,0,65.1,0.0
24,1,0,131,62,9315,6,52.9,5.2
21,1,0,111,58,20439,0,28.8,0.9
80,2,0,127,75,12250,1,38.3,0.0
74,2,1,131,84,13819,0,31.0,0.0
62,2,0,116,93,13675,0,35.8,0.0
39,1,0,119,41,11120,5,34.4,0.5
56,2,0,135,84,10121,0,48.0,0.3
77,2,1,132,60,6392,2,37.6,0.0
9,1,1,92,51,9255,0,15.7,3.2
47,2,0,103,59,12796,0,70.2,0.0
19,2,0,100,55,14621,0,19.9,0.8
24,2,0,121,64,13330,0,26.4,2.5
80,2,0,192,95,5784,3,75.2,0.1
46,1,0,115,70,6423,0,61.7,0.7
46,2,1,112,76,7149,0,22.2,0.0
59,2,0,131,71,13930,3,21.4,0.9
63,1,0,127,84,14048,0,45.7,0.1
48,2,1,102,77,14270,6,34.1,0.1
27,2,0,103,67,16164,0,23.9,3.3
64,2,0,139,58,13729,0,80.7,0.0
9,2,0,103,63,19666,0,53.9,2.1
49,2,0,103,63,18767,0,39.5,0.2
19,1,0,146,59,12480,1,18.2,0.2
44,1,1,130,74,16981,0,56.0,1.4
27,1,0,116,46,10394,0,15.8,0.4
76,1,0,146,55,7884,4,30.8,4.4
28,2,1,114,47,19187,3,8.1,1.2
40,2,0,132,44,5962,1,35.5,0.1
48,2,0,113,56,7884,0,57.5,1.5
9,1,0,113,81,16267,0,52.3,0.0
65,1,0,179,77,11481,0,51.9,0.0
42,2,0,136,60,9786,2,84.2,1.9
33,1,0,107,64,12044,0,45.7,2.2
52,1,0,125,77,10467,0,45.4,0.0
21,2,0,92,80,7269,0,37.8,0.0
53,1,0,100,74,4085,2,40.3,0.0
50,1,0,110,57,16433,0,30.8,0.0
9,2,0,87,35,20942,8,5.0,0.0
17,2,0,88,53,18857,0,54.0,0.6
16,1,0,152,57,11008,2,30.6,0.5
72,1,0,120,66,7499,2,66.2,0.0
55,1,0,109,53,8616,0,35.9,0.0
64,2,0,91,32,5633,0,9.3,1.3
14,2,1,102,40,11012,0,9.6,1.2
53,1,0,116,55,14376,0,45.9,0.1
14,2,0,94,46,12637,0,44.9,0.0
14,1,0,112,78,9903,0,12.6,0.0
23,1,0,98,55,1130,0,50.7,0.3
77,1,0,131,64,5445,1,64.2,4.7
48,1,0,159,74,4714,1,40.2,0.1
63,2,0,158,94,14123,0,76.1,0.2
73,1,0,127,83,11558,0,80.5,2.7
60,2,0,122,80,6150,1,41.0,0.2
37,1,1,129,70,8771,0,42.1,0.3
13,2,0,93,60,13007,0,85.6,0.7
38,2,0,115,69,9170,1,42.5,0.0
74,2,0,122,57,12042,0,52.1,0.0
25,1,0,134,83,9965,0,69.6,1.4
22,2,1,175,69,8758,2,33.0,2.2
19,1,1,101,58,15610,0,28.0,1.1
43,2,0,104,76,19295,0,59.3,2.3
39,1,0,119,87,7679,0,51.1,1.2
37,1,0,119,73,8817,0,28.7,0.0
44,2,0,113,57,15070,0,60.8,0.3
18,2,0,92,53,10368,0,10.2,0.0
26,1,0,97,48,4291,0,56.1,0.0
12,2,0,95,71,14835,0,13.1,0.0
77,1,0,108,72,4424,1,51.3,0.2
69,1,0,110,73,12633,0,58.7,0.0
36,1,0,118,59,4343,5,38.0,1.1
29,2,0,108,76,9089,2,54.7,4.2
10,1,0,116,72,10886,0,28.3,0.2
11,1,0,108,69,10586,0,57.0,0.0
30,1,1,113,71,8146,1,11.1,0.0
12,2,1,98,52,9209,0,43.6,0.8
65,1,0,149,70,12561,1,48.7,0.0
30,2,0,133,63,11053,0,27.7,1.3
49,1,1,119,71,17351,0,30.4,0.1
15,2,0,99,77,17738,0,37.8,0.1
11,2,0,105,58,5662,0,59.7,0.0
43,1,0,131,88,12110,0,38.4,0.0
11,2,0,119,70,21097,0,87.0,0.0
60,1,0,128,56,21871,2,14.4,2.0
70,1,0,136,78,10346,1,57.5,0.0
23,1,0,109,70,11315,0,35.2,1.8
74,2,0,124,67,10502,0,63.7,0.8
10,1,0,110,42,11349,0,35.5,0.0
18,1,0,166,69,8968,0,61.7,0.0
10,2,0,108,42,13776,0,5.0,0.1
25,2,0,112,63,15450,0,45.1,3.9
59,1,0,121,75,7277,0,70.4,0.0
79,2,1,148,66,13566,3,33.8,0.0
18,1,0,118,45,4757,0,57.6,0.0
55,1,0,127,66,7309,0,45.4,0.0
35,2,0,153,87,9101,0,43.7,1.6
16,2,0,122,76,14366,0,19.2,0.1
10,1,0,100,69,10304,0,52.3,0.5
47,2,0,126,52,8887,0,42.9,0.1
18,2,0,95,53,15092,0,92.8,0.0
34,1,0,142,82,7000,0,38.7,0.1
70,1,0,115,84,4042,0,22.1,0.4
32,1,0,140,60,12094,1,47.2,0.0
15,1,0,91,59,13163,0,66.9,3.7
38,2,0,112,51,2745,3,45.1,2.9
10,1,0,89,56,17029,0,38.2,0.0
41,1,0,103,83,15944,0,44.5,0.9
62,2,0,110,65,4737,2,46.4,0.1
39,1,0,117,66,2900,0,42.6,0.7
38,1,1,102,36,5151,0,33.0,2.3
14,2,0,99,40,9553,4,9.6,0.1
79,2,0,119,59,9101,4,59.7,1.0
19,1,1,107,64,16355,0,27.3,0.5
34,1,0,94,39,9523,2,15.3,1.3
12,2,0,103,65,14010,0,40.3,0.2
54,1,0,104,72,6062,0,43.8,0.1
24,1,0,101,47,15036,1,46.4,0.0
35,2,0,109,40,10080,1,20.7,0.5
12,1,0,103,46,11568,0,51.8,0.0
40,1,1,108,73,12918,0,52.4,0.0
62,2,0,112,72,12631,0,50.4,0.2
11,2,0,126,76,13280,0,37.1,0.2
49,2,0,127,83,13500,0,63.4,0.0
13,2,0,92,62,17625,0,48.0,0.7
14,2,0,109,67,8230,0,41.9,0.9
69,1,0,174,79,9704,0,41.7,0.0
28,1,0,109,72,5493,0,14.6,1.1
27,1,0,98,58,10065,0,68.8,0.4
33,2,1,127,66,12182,0,40.4,0.0
10,1,0,94,60,11387,0,48.8,0.0
64,2,1,100,77,4283,0,40.0,0.4
27,1,0,103,75,6974,0,64.6,0.7
58,2,0,125,74,3728,9,22.2,0.0
78,2,0,193,74,13192,5,14.5,6.7
53,1,0,116,75,13311,1,95.0,0.0
66,1,0,150,58,7082,4,62.8,0.1
75,1,0,130,68,11530,0,67.6,0.2
45,2,0,112,59,5149,0,31.6,0.4
12,2,0,129,53,12102,0,49.8,0.1
67,2,1,104,83,4813,2,33.1,1.7
23,2,0,100,52,12319,0,49.5,0.0
78,1,0,117,39,7864,0,57.1,0.1
54,2,0,137,79,7074,0,14.3,0.0
35,2,0,114,37,16301,0,62.3,0.0
25,2,0,110,64,8839,0,68.0,0.2
42,1,0,123,61,6664,2,5.0,1.6
51,1,0,104,66,9983,0,52.9,0.0
25,2,0,103,80,11624,1,46.5,0.5
22,1,0,103,47,11686,0,8.8,0.0
12,2,0,114,66,12848,1,48.1,0.1
30,2,0,121,74,10318,0,53.4,0.0
43,1,0,116,68,10276,0,29.2,0.5
49,2,0,112,57,16055,1,82.2,0.0
53,1,0,115,68,10891,0,30.9,0.1
65,1,0,110,86,8677,0,48.2,1.7
12,2,0,98,50,13487,1,41.4,0.0
64,1,0,143,85,7668,0,36.8,0.0
9,1,0,110,57,15209,0,30.8,0.0
21,2,0,129,81,12012,0,33.6,2.0
79,1,1,178,69,7948,2,58.8,0.0
9,1,0,90,60,11976,0,25.3,0.7
78,1,0,133,80,4916,1,32.5,0.0
37,2,0,134,103,18647,0,73.4,0.0
47,2,0,101,56,14583,0,59.5,2.8
49,2,1,105,49,5401,0,49.5,0.1
22,1,0,110,53,5657,0,57.6,0.6
62,1,0,122,83,11339,0,69.7,1.2
77,1,0,140,70,9825,3,55.2,0.0
60,1,0,119,65,12521,1,61.9,1.1
52,1,0,108,70,14392,0,39.5,0.1
54,2,0,144,52,6021,0,77.8,2.1
62,1,0,103,71,10771,1,30.8,0.0
23,1,0,142,82,14626,0,37.2,0.0
79,1,0,131,73,10754,3,62.9,0.0
21,1,0,123,80,14376,0,60.8,0.0
21,1,0,109,64,15317,1,28.9,0.5
33,1,0,94,51,10909,0,38.1,0.0
46,2,0,100,70,4971,1,19.7,0.2
10,1,0,126,62,11893,0,48.7,3.2
68,2,0,152,99,9512,0,35.8,0.1
64,1,0,133,77,10794,0,44.9,4.7
78,1,0,148,67,5664,4,28.5,0.8
9,1,0,106,62,13445,1,45.9,1.1
58,2,0,132,75,2835,1,17.6,0.0
59,1,0,148,85,5930,0,42.7,1.1
23,1,0,124,68,11480,0,52.0,0.1
26,2,0,109,52,13521,0,42.9,0.7
72,2,0,117,71,6659,3,32.5,2.6
67,2,0,92,51,2489,0,37.0,0.6
18,2,0,128,61,9006,0,53.6,0.2
13,2,0,108,58,19190,0,36.0,1.8
31,2,0,125,52,17440,0,61.5,6.6
59,1,0,133,62,5371,1,18.3,0.0
9,1,0,85,47,14020,0,7.1,0.1
12,2,0,111,70,12632,0,49.0,0.1
24,1,0,131,66,5343,0,53.6,5.4
62,2,1,123,84,9477,1,53.7,0.0
9,2,0,86,49,5811,0,56.7,0.0
17,1,1,111,69,8100,2,52.4,0.0
26,2,0,131,51,16043,3,58.6,0.1
15,2,0,107,48,12292,1,40.0,0.4
73,2,0,135,90,17264,0,92.1,0.0
27,1,0,99,61,7636,0,28.9,0.0
19,2,0,104,65,9133,4,23.0,6.6
12,1,0,115,76,10573,0,5.0,2.9
63,2,1,139,75,11247,4,39.6,2.0
9,2,1,89,33,20844,0,5.0,6.5
16,1,0,108,56,14173,0,32.4,0.0
19,2,0,97,53,24401,0,42.9,0.0
78,1,0,130,82,6412,1,49.4,1.7
13,1,0,109,69,14194,0,34.3,0.0
44,1,0,130,76,6019,0,33.2,0.0
50,2,0,106,50,7810,2,25.3,0.2
17,1,0,113,63,6932,0,50.2,0.3
74,2,0,137,81,5828,0,44.1,0.0
55,2,0,109,33,9794,2,34.2,7.7
33,1,0,103,63,16551,1,10.9,0.0
41,1,0,126,82,8255,2,40.3,1.1
38,1,0,117,76,3665,1,24.4,5.3
73,1,0,124,70,3858,0,32.8,5.5
12,2,0,114,42,8667,0,29.1,0.0
36,2,0,132,94,4424,2,26.3,9.6
24,2,0,102,75,6421,2,46.6,2.5
16,2,0,99,57,8035,0,26.2,0.0
21,1,0,115,71,17391,3,37.0,0.4
15,1,0,105,38,7698,0,12.5,0.2
70,2,1,152,82,6729,3,26.3,0.0
69,1,0,106,68,8178,0,52.1,2.4
16,1,0,119,73,10130,0,43.7,0.0
67,2,0,156,66,7834,4,51.7,0.4
45,2,0,137,83,15078,4,66.6,0.0
62,2,0,132,71,6336,2,28.6,2.5
80,1,0,129,84,4471,0,48.6,0.0
35,2,0,120,62,13036,0,80.4,0.0
9,2,0,99,65,9588,0,44.1,0.3
14,2,0,130,62,8449,1,36.2,0.4
72,2,0,116,55,7820,4,39.5,0.0
77,2,1,140,91,7705,5,40.5,0.4
55,1,0,125,70,14630,2,39.4,0.7
53,1,0,136,87,3935,7,32.1,0.1
25,1,0,97,42,16805,0,62.2,1.5
18,1,0,108,79,15490,0,41.4,1.5
11,2,0,87,50,16574,0,33.0,0.1
79,2,0,146,75,11649,3,53.6,0.6
73,2,0,124,77,4146,3,23.4,0.0
49,1,0,125,50,9731,0,15.8,0.0
44,1,0,116,80,15538,0,42.3,0.8
79,1,1,162,82,3548,3,35.7,1.4
50,1,0,114,70,3046,0,65.2,0.0
67,2,0,111,70,6934,0,63.1,0.0
61,2,0,130,70,8385,1,44.6,1.3
43,2,0,115,77,10771,0,65.9,0.0
46,2,0,104,60,17387,3,33.2,3.8
48,1,0,107,31,6700,0,52.2,0.0
16,2,1,101,49,6645,0,35.4,0.0
19,2,0,111,75,14743,1,36.8,0.0
40,1,0,124,71,14279,0,40.3,7.0
37,1,1,117,72,8180,0,37.8,0.0
17,1,0,98,46,9670,0,30.7,0.1
31,1,0,132,72,11032,2,42.8,0.0
28,2,1,107,65,11675,0,44.0,0.4
63,2,0,126,77,10477,0,34.9,0.2
23,1,0,110,47,14413,0,45.6,0.0
73,1,1,115,67,1355,8,39.3,0.1
77,2,0,114,66,13405,3,53.7,0.2
18,2,0,111,43,18047,1,44.6,0.4
16,2,0,118,60,10603,0,31.0,0.7
33,1,0,109,75,5646,0,38.4,0.5
20,1,0,127,76,16536,3,37.9,2.0
44,1,0,128,79,21746,0,64.6,0.0
14,2,0,112,64,10116,0,12.4,1.4
35,1,0,127,67,11477,1,46.7,0.4
57,2,0,134,84,8251,2,24.1,0.5
26,1,0,94,63,15083,2,47.8,0.0
51,1,0,113,80,12322,0,22.9,0.2
19,2,0,114,59,16888,0,33.2,0.9
48,2,0,101,64,11909,3,30.9,0.0
18,2,0,109,67,12887,0,67.2,2.9
34,1,0,137,70,10957,4,61.9,0.4
19,1,0,132,64,14123,0,25.3,3.4
27,1,0,107,71,9279,0,27.1,1.8
73,1,0,135,73,9138,1,63.4,0.8
65,2,0,100,55,8592,0,66.8,0.0
13,2,0,98,55,10905,0,5.0,0.1
26,1,0,129,60,10749,0,59.3,0.3
13,1,0,113,51,8796,0,75.8,0.6
11,1,0,98,61,7527,0,59.6,0.0
9,2,0,105,60,19722,0,20.4,0.0
78,2,0,125,82,8555,0,76.1,0.0
40,1,0,105,64,20842,2,9.0,0.0
23,2,0,112,65,15903,0,41.6,0.0
68,1,0,101,61,3470,0,78.7,0.6
36,1,0,116,73,8959,6,28.8,0.0
30,1,0,121,57,13601,0,24.8,0.0
10,2,0,89,48,12755,0,28.4,0.0
16,1,0,100,58,10516,0,38.1,0.0
24,2,0,134,57,12172,0,24.8,0.2
77,1,0,117,74,6417,1,64.4,0.2
58,2,0,120,69,15231,1,53.1,0.0
48,2,0,107,71,3777,0,55.5,0.0
74,1,0,138,70,12259,1,57.9,0.3
14,2,0,139,42,10009,1,47.2,0.0
9,1,0,105,66,9734,1,31.7,3.7
55,2,0,123,75,8426,2,75.2,0.1
10,2,0,118,82,16400,0,36.0,0.4
14,1,0,158,99,16096,0,36.1,1.6
40,2,0,120,59,16898,0,24.4,0.3
53,1,1,116,64,11504,0,37.4,0.0
71,2,0,146,74,10220,1,37.2,1.5
35,2,0,115,63,9926,3,37.1,0.0
12,2,0,109,69,6985,1,35.7,1.2
55,2,0,99,62,8281,0,48.4,0.0
27,1,0,98,58,4265,1,31.0,0.0
16,2,0,106,63,16012,0,58.1,0.0
70,1,0,100,75,6597,1,51.3,0.1
58,2,0,137,65,12859,0,63.4,0.0
28,2,0,123,55,6232,2,20.8,1.7
24,2,0,109,61,9420,0,41.6,0.8
37,2,0,96,65,8643,0,28.5,0.2
13,1,0,107,64,14127,0,35.5,0.1
18,2,0,115,73,11191,0,40.4,2.1
13,1,0,129,44,5791,1,18.1,0.0
68,1,0,127,78,13380,0,48.8,3.6
75,1,0,109,84,8470,0,39.3,0.8
68,2,0,131,93,5884,0,62.1,0.1
56,1,0,127,72,7765,2,76.9,0.0
13,2,0,118,78,13900,0,17.5,0.7
42,1,0,125,37,4871,0,49.4,0.2
52,2,0,100,66,5123,1,20.4,1.3
27,2,0,98,46,12178,0,32.2,0.4
24,2,0,97,49,19537,4,38.6,0.0
55,2,0,103,81,10959,0,94.6,0.0
61,2,0,157,87,5299,1,12.9,0.8
79,2,0,129,83,9137,1,62.9,0.1
11,2,0,99,58,19340,2,35.2,0.2
44,1,0,137,48,8992,0,34.6,0.0
13,2,0,96,66,13248,0,50.0,0.3
79,2,0,153,90,10155,0,55.3,0.5
11,2,0,141,81,17699,1,32.0,0.0
9,1,1,93,44,14226,0,30.1,0.1
18,2,1,111,71,22078,0,27.7,0.0
76,2,0,150,74,6036,1,52.7,0.0
80,1,1,131,71,19187,6,38.8,2.1
21,1,0,110,67,14500,0,35.1,0.0
70,1,1,137,89,12919,1,44.0,0.1
42,2,0,108,58,13321,5,36.7,0.5
16,1,0,117,84,15148,0,31.7,0.4
79,1,0,108,67,8416,6,45.0,0.0
14,1,1,108,43,16841,0,27.8,0.1
30,2,0,108,60,13248,0,23.4,0.0
61,1,0,136,65,8115,4,43.0,7.6
52,2,0,122,81,6501,2,86.6,0.0
66,2,0,111,67,6357,0,75.2,0.1
37,1,0,131,83,13911,0,55.2,0.4
9,1,0,95,61,13750,0,29.8,0.3
25,1,0,119,64,7957,1,39.0,3.9
26,1,0,136,65,6638,3,32.9,0.5
52,2,0,132,57,15523,0,45.0,0.3
64,2,0,128,73,8330,1,36.0,0.1
59,1,0,122,85,14564,0,45.5,0.3
23,2,0,106,54,8004,0,25.8,0.2
57,2,0,125,52,16686,0,12.2,1.0
11,1,1,113,51,18139,2,21.9,1.5
80,2,0,130,63,12644,2,49.5,0.0
27,2,1,95,51,5791,0,54.6,0.0
68,2,0,138,62,15871,0,52.4,2.2
12,2,0,97,87,16759,0,41.3,0.2
37,1,1,106,48,16735,1,39.8,0.6
37,1,0,97,74,16778,0,83.6,0.2
33,2,0,91,36,7245,0,28.6,0.3
11,2,0,102,49,12456,0,22.7,0.4
32,2,0,99,53,19038,0,50.3,0.2
35,2,1,120,56,9593,0,12.2,0.1
18,2,0,111,74,14982,1,39.8,0.0
19,2,0,115,75,19132,0,76.1,2.9
9,2,0,85,35,7395,0,13.5,3.1
50,2,0,122,76,6454,4,19.6,2.0
16,1,0,106,58,9457,9,25.8,0.4
76,2,0,148,73,5904,1,61.7,0.1
73,1,0,132,83,8343,0,63.9,0.0
49,2,0,113,45,17515,0,46.7,0.9
30,1,0,106,49,5984,1,33.7,1.1
68,1,0,124,78,11332,4,56.9,0.1
10,1,0,99,60,9818,0,60.3,1.8
47,1,1,111,55,13792,0,12.2,0.1
35,1,0,104,63,10069,1,28.3,0.1
48,2,0,108,75,13295,1,21.1,0.1
78,1,0,180,105,5252,1,61.4,0.1
61,2,0,122,75,25153,2,57.3,5.0
75,2,0,121,63,4833,4,43.4,0.1
58,2,0,110,64,6723,0,59.9,1.0
55,1,1,108,75,8563,0,51.6,0.0
13,2,0,101,82,15978,0,14.0,0.2
58,2,0,126,58,1845,2,12.9,2.1
53,1,0,134,58,13771,0,57.2,0.0
23,2,0,102,70,12071,4,10.7,0.1
42,2,0,110,80,14619,0,45.7,0.0
36,1,1,152,63,11086,0,54.4,0.4
12,2,1,107,69,6029,0,40.5,0.0
51,2,0,134,57,16137,4,33.3,3.0
65,2,0,154,68,11387,0,64.9,0.0
32,1,0,110,56,10937,0,37.5,0.0
24,1,0,131,85,15609,1,38.9,0.0
63,2,0,149,86,9837,0,60.6,0.4
11,1,0,113,46,18105,1,48.9,0.2
57,2,0,121,67,4692,0,37.0,0.2
25,1,0,123,75,20377,0,59.4,0.4
9,1,0,102,77,9927,0,54.5,0.0
63,1,0,142,71,9052,1,68.1,0.0
76,2,1,131,90,12535,3,41.5,1.7
65,1,1,134,47,8855,0,42.4,0.2
24,1,0,113,61,12453,0,47.3,0.5
14,1,0,110,62,5762,0,31.6,3.5
19,2,0,104,59,6648,0,24.0,0.0
61,1,1,129,81,13882,0,39.2,2.7
55,2,0,109,52,15481,0,31.9,0.0
9,1,0,109,71,13579,0,60.7,1.1
10,1,0,104,68,17209,0,52.1,1.2
77,1,0,138,75,9123,5,24.2,0.0
37,1,0,113,73,17785,0,49.6,0.2
28,2,0,113,75,10701,0,39.2,1.2
75,2,0,139,77,9411,0,33.8,0.2
59,1,0,112,77,4023,0,58.5,3.0
74,1,0,127,67,9151,1,14.4,2.5
22,1,1,92,70,18866,0,33.4,0.7
18,2,1,118,58,7051,4,36.3,0.9
70,2,0,194,96,14073,8,44.2,3.6
31,2,0,115,83,20602,0,56.3,0.4
15,1,0,112,73,5935,0,47.2,3.9
54,1,0,123,61,9920,0,94.8,0.0
20,2,1,96,56,18852,1,36.2,0.0
32,1,0,112,72,11444,0,36.8,0.0
71,1,1,136,81,10178,3,50.0,1.0
58,1,0,129,83,3150,1,22.5,1.0
18,2,0,107,86,15268,1,16.9,2.4
69,1,0,123,74,8938,2,41.3,0.1
37,1,0,103,67,14429,0,48.3,0.3
80,1,0,126,68,7957,1,61.2,0.3
54,2,0,115,66,5441,1,43.6,0.8
63,2,0,98,101,10241,0,59.8,2.4
25,1,0,121,64,14940,0,54.5,0.2
53,2,0,98,57,16187,0,58.3,0.2
9,1,0,114,63,12543,0,12.4,0.0
59,2,0,108,77,5623,0,44.1,0.0
78,1,0,117,80,5682,7,39.3,0.0
58,2,0,124,84,5031,0,41.2,0.3
76,2,0,143,76,9221,2,86.8,0.2
52,2,1,119,66,9635,3,27.8,0.0
30,1,0,143,74,17044,0,38.1,1.1
47,1,0,116,72,15443,0,42.1,0.1
65,2,0,136,74,7243,1,43.5,0.0
41,2,0,101,55,12153,0,32.2,0.4
12,1,0,113,56,10066,0,43.3,1.5
45,1,0,102,53,7577,2,63.7,0.3
63,1,0,116,76,17521,0,48.2,0.2
63,1,0,134,67,10794,2,54.5,2.4
72,2,0,145,55,4671,2,40.2,2.0
39,1,0,133,82,7216,0,22.0,0.1
70,1,0,138,68,12989,5,67.5,0.2
10,1,0,117,81,14619,1,23.5,0.5
31,2,0,107,84,15901,0,52.0,0.2
10,1,0,106,50,17518,0,56.7,0.3
13,1,1,122,58,15988,0,33.1,0.0
68,2,0,94,38,8670,4,65.3,0.4
31,1,0,138,55,7201,1,5.0,4.9
14,2,0,139,72,11739,0,50.9,0.0
19,2,1,105,62,19020,1,47.1,0.0
27,2,0,109,60,3859,2,48.7,0.0
23,2,0,143,67,15085,7,42.8,0.8
11,1,0,92,63,13725,0,19.6,0.1
47,2,0,103,56,8159,0,45.6,0.0
38,2,0,136,67,11045,0,55.6,0.0
43,2,1,122,67,6162,5,18.1,0.2
10,2,0,115,62,14393,0,6.1,0.0
38,2,0,97,60,8630,3,48.5,0.0
49,2,0,155,83,12361,0,69.0,3.4
52,2,0,123,67,9243,0,57.1,0.0
22,1,0,98,45,12450,5,35.2,3.1
16,2,0,109,74,3025,1,35.1,0.2
57,2,0,115,58,14910,0,62.2,0.2
22,2,0,113,73,15183,0,57.8,0.6
65,2,0,137,71,5643,2,59.0,0.6
59,2,0,128,67,8649,0,72.4,0.0
63,2,0,103,40,9705,0,30.9,0.1
63,2,0,118,74,11433,3,52.1,1.5
30,1,0,116,70,10853,1,45.9,0.1
15,2,0,119,81,9177,0,44.4,0.0
59,1,1,98,51,6148,0,42.6,0.3
52,2,0,137,64,9256,0,50.1,0.5
10,2,0,86,60,6528,0,59.1,0.0
75,2,0,132,82,3013,3,33.8,0.0
34,2,0,137,63,19028,0,11.3,2.5
29,2,0,107,58,14545,0,41.2,0.0
34,1,1,111,67,9686,1,28.7,1.3
13,2,0,114,71,10937,0,57.6,0.0
37,1,0,146,79,18557,2,55.4,0.0
46,2,0,109,90,9138,0,51.3,0.0
75,1,0,119,99,8595,1,32.9,0.0
20,1,0,121,81,6200,0,64.0,0.0
13,2,1,111,74,11615,1,50.9,1.0
46,1,0,150,75,5097,0,57.6,0.0
15,1,0,104,69,9363,0,49.1,0.0
12,1,0,90,45,18290,0,29.8,1.1
71,2,0,124,90,10917,6,64.5,0.2
18,1,0,98,65,6244,0,95.0,0.6
31,2,0,106,63,18490,0,49.6,0.1
30,1,0,136,79,18670,0,9.3,0.9
32,2,1,102,64,6937,1,5.0,0.1
13,1,1,108,66,15504,0,44.9,0.1
56,2,1,133,67,9576,0,43.5,0.0
48,2,0,115,65,13112,0,44.9,0.0
59,2,1,113,81,18053,0,40.1,0.4
74,2,0,135,68,16300,2,40.1,0.0
60,1,0,131,75,10150,0,41.6,0.3
29,2,0,126,76,22147,0,29.2,1.6
24,2,0,100,72,7835,0,50.2,0.1
20,1,1,110,57,6878,2,15.6,2.0
58,2,0,112,72,5897,1,52.4,0.0
29,2,0,127,76,13582,0,28.9,0.1
24,1,0,117,58,5550,0,18.9,0.3
24,1,0,106,89,9240,0,38.3,2.7
38,1,0,96,44,9111,0,50.4,0.0
26,1,0,101,47,19453,0,37.5,0.1
38,1,0,119,58,14135,0,65.8,0.0
29,2,0,129,74,20074,9,51.1,0.1
44,1,0,144,65,12527,0,67.3,0.4
60,2,0,104,85,7193,0,50.9,0.0
73,1,1,159,66,5037,12,16.9,9.1
39,2,0,112,73,6646,0,17.4,0.3
34,2,0,109,74,11694,0,43.9,0.2
70,2,0,127,78,14027,0,47.8,0.1
32,2,0,133,81,15046,4,38.0,0.5
57,2,0,137,67,4679,3,61.9,0.4
48,1,0,128,87,12158,0,35.0,0.0
13,2,0,95,64,11172,0,56.0,3.8
53,2,0,112,76,8107,0,42.2,0.0
11,1,0,126,79,7606,0,70.2,0.1
42,2,0,114,60,7031,3,54.2,1.1
17,2,0,126,81,5988,3,43.9,0.2
9,2,0,106,77,12795,0,32.3,0.0
11,1,0,93,39,22117,0,58.1,0.7
15,2,0,114,72,10314,2,38.8,0.0
56,1,0,142,78,14306,0,28.7,0.3
25,1,0,117,59,8108,0,35.2,1.0
58,2,0,110,52,13747,3,18.1,0.0
12,2,0,112,59,19216,0,48.5,0.0
21,1,0,119,63,5094,1,44.7,0.0
61,2,0,115,79,3728,3,24.9,0.6
22,1,0,91,66,7024,0,52.0,2.5
14,1,0,120,72,11032,0,38.1,3.5
72,1,0,135,54,13498,0,45.5,0.0
47,2,1,107,57,6046,0,64.8,2.1
42,2,0,103,44,8960,0,55.6,0.5
48,2,0,131,73,9835,1,17.2,0.9
28,2,0,128,59,5933,0,46.0,0.6
59,1,0,157,88,10961,4,43.5,0.1
12,1,0,102,71,12016,0,22.4,2.7
77,1,0,144,81,5892,7,34.2,3.1
11,1,0,100,67,7790,0,56.2,5.7
9,2,0,104,72,15069,0,50.7,0.1
61,2,0,96,64,6612,0,41.9,0.0
72,1,0,120,86,18444,1,64.6,7.1
29,2,0,138,70,4900,0,58.5,0.0
32,2,0,100,51,7408,0,33.7,2.8
9,2,0,83,27,11160,1,5.0,0.0
33,1,0,124,100,9456,1,54.5,0.0
39,1,1,144,50,11038,1,65.2,0.1
47,1,0,112,64,10600,0,45.2,1.9
22,1,0,113,43,11511,0,53.4,0.1
16,1,0,103,60,9952,0,48.7,0.0
12,2,1,109,66,13992,1,49.7,0.0
78,2,0,112,68,8135,7,47.3,0.5
9,2,0,102,65,11710,0,20.8,0.1
19,1,0,146,92,7646,0,23.7,0.0
74,1,0,130,89,12499,1,46.1,1.0
14,2,1,136,76,18670,0,23.1,0.0
10,1,0,103,71,13252,0,32.5,0.6
10,1,0,111,61,15231,0,30.0,1.2
69,2,0,109,79,6702,1,46.3,0.1
28,2,0,147,62,23206,0,52.5,0.0
26,1,0,131,87,7169,1,54.1,0.0
34,1,0,109,64,16235,0,29.5,0.0
12,2,0,105,74,15563,0,67.0,0.0
74,1,0,133,52,8484,0,23.5,0.5
14,1,0,126,63,8927,0,28.6,1.3
14,1,0,97,64,8860,0,50.9,0.2
11,1,0,108,54,12463,1,52.7,0.0
68,2,0,124,51,19313,1,65.6,0.5
29,2,0,120,49,20881,1,31.2,0.0
57,1,0,139,78,11466,1,26.1,0.0
36,2,0,100,64,11799,0,42.1,0.1
71,2,0,110,72,11030,1,36.5,1.3
55,1,0,109,65,5154,0,58.5,0.0
63,2,0,121,69,10563,0,54.5,0.9
10,1,0,97,65,23479,0,44.5,0.3
9,1,0,90,36,10026,0,44.6,5.9
35,2,0,123,47,11238,5,16.6,1.4
46,2,0,125,58,5870,0,51.7,0.0
53,2,0,104,81,5802,0,58.4,3.0
20,1,0,99,76,17517,0,49.5,0.8
66,2,0,119,67,9449,2,30.7,3.0
20,2,0,122,73,7386,1,55.5,0.0
26,1,1,111,59,5058,0,45.6,0.0
40,2,0,132,62,13997,1,29.2,2.1
25,2,0,93,39,8877,1,47.6,0.1
35,1,0,119,92,6348,0,67.2,0.0
39,2,0,116,68,8765,0,18.4,5.1
9,2,0,95,62,13976,0,38.8,0.0
60,1,0,117,54,15016,8,36.2,0.0
43,2,0,146,71,6121,1,37.8,1.0
80,1,0,129,71,9349,0,59.6,3.6
59,1,1,167,79,4455,1,59.8,0.0
20,2,0,112,64,17215,0,69.7,0.0
37,2,0,96,71,10516,0,41.2,0.0
27,2,0,138,77,12865,0,54.6,0.1
55,2,0,101,56,11700,1,46.4,9.6
14,2,0,85,48,7774,1,30.6,9.6
35,2,0,114,62,10910,0,37.3,0.0
29,2,0,134,87,8463,1,33.0,0.0
73,1,0,130,84,5586,0,49.6,0.3
74,1,0,131,62,9235,13,16.7,2.9
67,2,0,103,47,8326,2,55.0,2.1
23,1,0,106,77,15109,0,46.9,0.1
30,1,0,109,67,16742,0,58.5,0.3
26,2,0,121,66,8755,0,54.8,0.0
18,2,0,100,64,10620,0,15.4,0.0
49,2,1,128,68,7921,0,21.3,0.7
26,1,0,100,71,11157,0,34.2,0.0
49,2,0,116,60,11510,1,36.4,0.1
15,1,0,116,51,15460,0,53.6,0.0
26,1,0,94,76,11441,0,31.1,2.1
73,1,0,170,45,16620,5,61.9,1.0
30,1,0,97,70,14147,0,42.4,0.1
72,1,0,105,53,7847,0,69.5,0.3
55,1,1,132,81,7618,1,57.5,0.0
13,2,0,99,69,12976,0,31.7,0.0
27,1,1,107,51,18933,0,5.0,0.1
23,2,0,122,91,11939,4,25.4,3.9
44,1,1,117,55,6984,8,51.0,0.0
13,2,1,110,62,7726,0,37.4,0.0
25,2,0,122,82,10967,2,47.8,1.7
35,2,0,106,50,14523,0,16.9,5.1
45,1,0,132,78,8202,0,54.9,0.1
13,2,0,89,57,11509,0,10.8,3.0
10,2,0,122,70,12906,0,39.0,1.1
31,2,1,120,48,7761,1,54.7,0.0
19,1,0,117,57,10355,0,39.5,0.2
74,1,0,156,77,6132,4,52.5,1.4
9,2,0,94,52,20479,0,36.7,0.0
71,1,0,172,93,12097,0,48.4,0.2
16,2,0,116,53,17920,0,39.9,0.2
28,1,0,124,66,17671,0,43.2,0.0
69,1,0,120,60,6993,3,72.4,0.0
18,1,0,120,72,13161,0,42.9,5.1
9,2,0,95,46,14635,0,29.0,1.7
20,1,0,115,53,12788,0,34.2,0.4
17,1,0,99,78,15788,0,31.6,6.0
80,1,0,140,78,6817,4,36.0,1.1
29,2,0,96,79,12156,0,51.0,2.9
52,1,1,123,68,7064,0,63.5,0.7
19,2,1,119,62,14831,0,5.0,0.3
56,1,0,104,73,5496,0,54.0,3.7
24,2,0,116,63,6883,0,38.4,0.6
73,1,0,138,58,6465,0,47.7,0.0
72,1,0,119,68,5345,4,42.3,0.0
34,2,0,105,63,16698,2,29.0,0.0
68,2,0,114,72,4896,6,48.9,0.1
13,2,0,130,72,9317,0,32.9,0.1
71,1,0,137,83,9783,2,42.8,0.4
76,2,0,111,60,19553,0,40.3,0.3
69,1,0,109,61,7547,0,49.0,6.5
37,2,0,112,73,12755,0,84.3,0.3
71,2,0,151,90,5969,0,74.5,0.0
52,1,0,111,79,12617,0,41.5,0.0
77,1,0,113,70,2160,6,39.8,0.0
20,2,0,120,45,14701,0,42.9,0.1
70,2,1,109,63,12202,2,36.6,0.2
26,1,0,115,69,13995,0,36.7,0.0
50,1,1,148,65,9316,1,23.5,2.3
70,2,1,188,97,10808,6,49.7,0.0
9,1,0,96,56,11302,0,41.6,1.5
34,2,0,103,69,4537,0,25.0,0.0
23,1,0,97,48,4743,0,44.3,0.8
18,1,0,108,70,13781,0,70.6,3.1
27,1,0,135,72,7780,0,37.3,1.3
34,1,0,130,74,7817,0,47.0,0.0
66,2,1,110,78,5557,0,46.3,0.0
17,1,0,116,60,4534,0,22.6,0.0
72,2,0,123,55,5895,0,58.2,0.1
74,2,0,127,60,7748,0,42.0,0.1
44,1,0,128,70,6351,0,31.5,3.9
10,1,0,100,44,11382,0,23.4,0.2
42,2,0,89,54,7807,0,23.7,0.0
23,2,0,97,58,3972,0,33.8,0.1
68,2,0,113,89,13662,2,55.6,0.0
62,1,0,111,54,18391,0,70.9,0.0
10,1,0,94,47,16687,0,24.6,0.5
41,1,1,103,48,6743,2,9.0,0.0
34,2,0,111,57,6394,1,66.9,0.0
15,1,0,102,56,4842,0,63.0,0.0
39,2,0,95,69,12498,0,35.5,0.1
33,2,0,102,58,17280,0,45.7,0.0
22,1,0,115,68,11574,0,48.2,0.5
63,2,0,109,64,8535,0,36.9,0.3
27,2,0,139,69,5662,0,67.8,0.0
12,2,0,91,64,14031,1,41.1,1.3
70,1,0,119,62,8338,0,57.8,5.8
18,2,0,99,79,10817,0,45.8,0.0
14,1,0,125,74,7378,2,5.0,1.4
80,1,0,133,77,4863,1,48.3,0.0
79,1,0,123,73,9368,4,58.4,1.6
72,2,0,125,86,13104,0,58.0,0.1
72,2,0,129,90,9355,2,66.8,5.5
10,1,0,95,67,21664,0,17.4,8.4
36,1,0,97,45,5590,1,42.6,2.1
40,1,0,132,76,7246,0,64.2,0.0
11,1,0,119,58,21613,0,41.5,0.0
17,2,0,98,59,17608,0,31.9,0.0
44,1,0,126,82,12627,0,44.8,0.0
11,1,1,110,66,8307,0,43.4,0.0
11,1,0,159,75,5501,0,14.1,0.1
52,1,0,131,64,14502,0,33.7,0.0
21,1,0,123,69,14384,0,33.7,0.0
20,2,0,94,46,11719,0,33.3,0.1
24,1,0,113,78,6217,0,27.2,0.0
9,2,0,128,66,13597,0,36.8,0.0
14,2,0,109,72,16311,0,39.6,0.0
61,2,0,116,62,3461,0,63.3,0.0
19,2,0,97,46,21137,0,70.7,2.2
52,2,0,93,61,8370,2,50.3,2.1
70,2,1,128,65,17368,0,47.2,1.8
18,1,0,121,49,16751,1,14.4,1.3
42,2,0,124,67,6694,0,33.7,0.1
22,2,0,124,54,15462,4,20.8,0.5
55,1,0,96,78,3764,0,41.3,1.4
49,1,0,137,81,7034,2,31.2,0.3
9,2,0,96,57,6843,1,14.6,3.3
37,2,0,125,85,18538,1,66.7,0.3
12,2,0,132,75,15186,0,67.0,0.0
11,1,0,125,72,15137,0,41.4,0.5
68,1,0,133,66,11035,1,68.3,0.0
54,2,0,123,56,18161,0,41.9,0.5
27,1,0,132,75,18467,0,55.5,3.3
23,1,0,134,73,15377,0,70.8,0.0
68,1,0,168,76,8827,2,67.8,2.8
40,1,0,114,68,10823,0,46.2,5.8
71,2,0,131,73,12932,0,75.8,0.5
27,2,0,103,66,15816,0,41.2,8.4
71,2,0,155,68,9813,1,48.5,0.3
57,2,0,141,75,5066,0,52.2,0.9
68,2,0,136,72,4610,0,54.1,0.4
22,1,0,117,71,13471,0,31.7,1.7
40,2,1,101,57,11418,0,15.8,0.2
39,1,0,123,68,21468,1,43.4,2.3
54,2,0,127,62,16474,1,44.0,0.1
73,1,1,141,74,1247,7,49.0,0.0
60,1,0,125,61,15174,0,6.5,0.0
22,2,0,104,73,10736,0,36.8,0.0
10,2,0,104,62,15814,3,11.6,2.8
78,2,0,146,72,11391,0,50.1,0.5
78,2,0,134,57,4917,2,33.0,0.1
19,2,0,99,65,12119,1,23.0,0.2
13,2,0,100,54,11546,0,53.1,0.0
15,1,0,109,76,16221,0,80.7,0.0
67,2,0,155,89,13580,0,41.8,2.2
59,2,0,143,41,4511,0,45.4,0.1
50,1,1,114,70,5648,0,14.8,0.0
23,2,0,118,58,12980,0,23.0,0.5
79,1,0,134,71,1290,1,49.8,0.0
10,2,0,92,66,17675,0,16.4,0.0
64,2,0,105,65,6920,2,18.0,0.3
43,2,0,99,62,6058,0,49.2,0.0
16,2,0,137,68,7899,0,30.0,0.0
22,2,0,150,72,8319,1,46.8,5.5
29,1,1,119,64,11019,1,49.9,0.4
52,1,0,138,70,23445,1,74.3,0.8
29,2,0,120,69,16129,0,5.0,0.7
77,2,0,189,86,16399,2,58.8,0.3
14,1,0,99,52,14547,1,24.5,4.6
14,2,0,97,60,14027,1,58.3,0.0
10,1,0,98,69,13026,0,52.3,0.0
21,2,0,107,62,8804,0,39.0,2.8
49,1,0,123,61,8309,0,31.1,1.1
26,2,0,152,75,16280,1,21.1,0.3
16,2,0,109,60,5890,1,5.0,0.1
43,2,0,118,73,12909,2,48.4,0.1
44,2,0,113,64,16078,1,47.9,0.0
25,1,0,104,42,7764,1,48.3,0.1
34,1,0,111,56,13697,1,46.5,0.5
35,2,0,123,69,6107,0,49.8,0.0
10,1,0,126,52,21119,0,15.4,2.1
9,1,0,102,41,25342,0,27.5,0.1
61,2,1,106,57,9979,0,58.8,2.0
17,2,0,88,58,16624,0,32.8,0.7
52,1,0,109,82,6339,0,52.0,3.0
38,2,1,133,90,13620,0,40.4,0.2
25,1,0,117,71,12644,0,60.8,0.1
62,1,0,131,66,7522,0,63.2,0.2
54,2,0,138,78,10042,0,51.6,2.5
52,1,0,129,67,7394,1,38.8,0.7
46,1,0,115,62,8680,3,47.0,0.0
48,1,0,151,76,5410,0,54.4,0.0
29,2,0,102,77,4721,0,48.2,1.9
62,1,0,116,60,8759,0,56.3,2.9
62,2,0,122,71,9015,0,62.9,1.7
54,2,0,100,60,9958,9,24.1,2.1
11,1,0,105,63,13354,0,5.0,0.9
16,2,0,138,58,10295,1,53.0,1.7
53,2,0,153,81,13899,0,65.6,0.1
38,1,0,113,79,8693,0,32.6,0.3
21,1,0,113,56,15239,0,43.6,0.3
75,2,0,154,77,4695,3,35.9,0.4
21,2,0,109,54,14993,0,41.9,0.6
25,1,0,118,56,7287,0,48.7,0.0
9,1,0,88,52,10734,0,47.9,0.3
27,1,0,139,90,8260,0,50.3,0.2
32,2,0,131,78,6134,1,45.2,2.6
12,2,0,106,71,10953,1,39.0,0.2
72,2,0,147,62,8791,1,55.5,0.0
50,1,1,123,63,6264,3,36.9,0.2
52,2,0,121,70,14919,1,28.7,0.0
64,2,0,123,59,10868,0,24.9,0.1
26,1,0,120,70,4637,0,66.2,0.6
32,1,0,116,64,11143,0,43.9,0.0
40,1,0,112,77,16237,3,23.9,0.6
79,1,0,111,64,3406,0,85.3,0.1
26,1,0,116,67,5722,0,59.8,0.1
40,2,0,103,75,16883,0,34.8,0.0
64,1,0,109,58,9961,3,18.4,0.7
30,2,0,118,69,8881,1,34.1,0.8
40,2,0,115,100,10672,0,49.1,0.0
66,1,0,149,81,7454,2,52.0,4.5
11,1,0,107,59,12744,0,30.4,0.0
43,1,0,112,85,3021,0,37.3,0.0
41,2,0,117,52,15875,0,52.2,0.2
9,1,0,87,33,18882,0,40.7,0.3
12,1,0,96,53,8699,0,18.9,6.4
57,1,0,108,51,3942,0,63.6,0.2
46,2,0,120,67,21130,3,47.5,1.9
11,2,0,108,83,12318,0,40.2,0.0
51,2,1,116,55,5140,0,52.3,0.0
51,2,0,127,66,7309,1,45.2,0.0
10,2,0,100,61,11904,0,5.9,0.0
61,2,0,108,55,15614,1,46.7,0.1
33,1,0,95,63,14251,1,34.8,0.3
42,1,0,129,53,6001,0,46.2,1.6
48,2,0,125,78,7050,4,52.8,0.0
15,2,0,124,59,15386,0,29.0,1.3
79,2,0,138,73,9592,0,69.5,0.4
22,2,0,105,64,16823,0,29.9,0.0
37,1,0,113,72,13403,0,37.4,0.2
58,2,0,134,57,10917,2,36.5,0.7
59,2,1,110,67,13550,0,28.1,0.0
19,2,0,119,69,7243,0,50.4,2.5
33,2,0,108,71,12232,0,49.5,0.0
63,2,0,126,67,4807,5,45.1,2.4
46,2,0,131,80,13826,0,50.0,0.0
10,2,0,95,62,16005,0,40.9,0.0
21,2,0,103,49,11814,0,51.7,0.1
64,1,0,136,74,6509,4,13.4,1.7
65,1,0,99,57,5255,0,89.7,0.4
54,2,0,146,80,13748,1,63.8,2.0
51,1,0,161,80,8193,0,44.9,0.0
63,2,0,121,78,4946,12,46.5,3.5
75,1,0,135,65,9744,0,37.9,0.0
34,2,0,128,84,18196,0,52.1,0.0
56,1,0,131,85,7082,0,38.7,0.1
39,1,0,121,57,10575,0,40.3,1.4
29,2,0,92,55,14132,0,52.5,0.2
28,2,0,102,61,20764,0,53.2,1.6
24,1,0,138,74,7357,0,16.2,0.0
15,2,0,104,69,10523,0,55.7,5.5
36,1,0,147,66,20748,0,66.5,3.0
56,1,0,119,97,14434,1,52.7,0.3
26,2,0,111,69,7770,1,62.6,0.0
19,1,0,142,73,17285,0,40.5,0.0
74,2,0,106,58,7198,0,41.3,0.4
75,2,0,159,76,5864,0,37.1,1.8
13,2,0,93,45,15177,0,17.9,0.0
62,1,1,135,58,19325,1,64.9,0.3
61,1,0,133,86,4069,0,70.6,0.0
33,1,1,157,72,6379,2,41.1,0.5
18,2,0,87,50,7531,0,26.2,0.0
16,2,0,86,56,22740,0,54.6,0.1
38,1,0,124,78,11665,1,45.4,0.0
51,2,0,125,70,15018,0,68.6,0.2
38,2,0,114,78,11528,0,27.1,0.0
52,2,0,129,58,12184,2,30.0,0.0
9,2,0,93,66,22300,0,21.4,0.0
52,1,0,129,61,11397,0,45.7,0.0
31,1,1,128,81,14034,3,48.1,1.2
48,2,0,98,54,18415,1,37.6,3.7
80,1,0,175,104,9470,1,54.9,0.0
30,2,0,101,57,12937,0,55.8,0.0
43,1,1,127,62,20898,1,39.3,0.0
13,2,0,104,75,12764,0,14.4,0.8
16,1,0,99,89,15704,0,39.2,0.0
74,2,0,122,93,8833,0,12.9,0.3
48,2,1,131,65,14264,3,24.5,4.1
15,1,0,107,57,12901,0,22.0,0.0
60,1,0,129,61,10619,0,37.8,0.0
52,1,0,135,69,11703,0,52.0,0.0
74,2,1,172,64,5336,0,36.4,0.9
30,2,1,104,73,4258,3,26.0,0.2
17,2,0,116,65,18481,0,28.7,0.1
60,1,1,134,46,15705,1,10.1,0.0
42,2,0,146,91,6741,0,47.4,0.7
33,1,0,121,52,10865,1,32.4,0.2
15,1,0,120,67,14079,0,37.4,0.4
48,2,0,119,96,14562,4,37.1,0.0
10,1,0,131,78,13949,0,48.4,1.0
30,2,0,134,69,17836,6,33.2,0.2
80,1,0,139,77,5363,5,49.0,1.2
40,1,0,105,62,20852,0,49.0,0.8
13,2,1,116,84,9175,0,9.5,1.2
27,1,0,120,73,6125,0,58.0,0.2
67,1,1,131,100,9322,4,51.9,0.0
37,2,0,142,84,8224,0,51.0,2.2
12,1,0,114,70,12411,0,23.8,0.0
10,2,0,93,54,10064,0,23.6,1.6
27,2,0,121,72,7566,0,49.8,0.2
40,2,0,110,45,16756,3,25.8,1.1
22,1,0,96,48,14253,0,59.2,0.0
25,1,0,118,52,14381,0,28.3,0.0
12,1,0,115,55,8074,0,19.4,0.3
79,2,0,152,91,4979,2,31.9,0.0
13,1,0,124,76,11272,0,37.8,0.2
58,1,0,107,65,10597,1,15.4,0.4
19,2,0,117,50,9827,0,44.0,0.0
13,1,0,118,65,10413,0,37.9,0.2
39,2,1,128,82,16544,1,11.3,3.6
68,2,0,108,34,8773,0,61.0,4.4
76,1,0,131,84,6643,5,51.6,0.1
12,1,0,102,37,10396,2,30.0,0.2
73,1,0,126,63,10967,1,43.4,0.8
13,2,0,102,74,17978,0,27.9,0.3
13,2,0,116,66,18083,0,59.3,0.3
12,1,0,111,71,7507,1,51.4,0.0
47,2,0,101,71,23665,2,54.6,0.5
37,2,0,121,81,14905,0,49.3,0.0
35,1,0,131,64,14256,10,24.5,1.7
29,2,0,104,68,8218,0,47.2,0.0
33,2,0,106,48,10196,0,45.6,0.3
38,2,1,119,76,16097,1,24.1,2.0
16,1,0,88,55,6453,0,59.9,0.2
9,1,0,89,62,19379,0,65.8,0.0
22,2,0,94,57,13784,1,30.5,0.1
11,1,0,97,48,15402,0,49.7,0.9
60,1,0,103,56,4066,0,35.1,4.1
15,2,0,118,63,19964,1,70.4,4.8
31,2,0,102,60,17797,0,26.5,1.3
76,2,0,152,84,11006,0,32.4,0.0
14,2,0,92,49,11563,1,47.4,0.0
17,2,0,106,81,13382,0,26.5,0.1
21,1,0,130,59,8458,1,7.1,0.1
30,1,1,93,53,9768,1,24.3,0.1
61,2,0,148,86,16349,0,44.6,0.0
19,1,0,102,33,5520,0,33.0,0.1
79,1,0,184,96,12114,6,62.6,1.2
77,1,0,131,96,4739,1,63.0,0.0
14,2,0,98,83,10996,0,57.7,1.2
45,1,0,109,79,5946,1,50.1,0.2
35,2,0,107,53,10582,0,59.2,0.6
15,1,0,124,56,19608,0,67.0,0.1
43,1,0,113,73,11129,1,71.4,0.0
17,2,0,121,79,6668,0,22.8,0.0
26,2,0,118,75,14259,0,55.0,0.2
49,1,0,155,59,8417,3,47.8,0.7
51,2,0,125,69,18374,2,61.0,4.1
32,1,0,119,84,7864,1,42.8,2.1
14,2,0,105,53,12559,0,60.3,0.0
42,2,0,95,47,12310,1,55.3,5.1
45,2,0,134,84,6572,0,48.0,0.0
38,2,0,96,52,4749,1,17.9,0.0
21,2,0,101,52,3119,0,28.5,0.4
18,2,0,117,74,7353,1,17.0,1.1
22,1,0,132,86,10554,0,73.1,0.0
10,1,0,111,81,24345,0,36.5,0.0
9,2,0,96,43,24717,0,32.9,0.5
49,2,0,130,77,7625,0,28.8,0.2
47,2,0,123,60,12681,1,14.9,1.8
51,1,0,138,70,7508,0,10.4,0.0
30,2,0,116,63,3361,1,55.7,0.1
9,2,0,108,75,18753,0,11.1,0.9
35,1,0,114,79,14138,0,64.8,0.0
28,2,0,123,74,9756,13,25.1,1.7
26,2,0,103,47,9536,0,41.0,0.7
14,1,0,99,60,9797,0,16.7,0.0
21,2,0,117,69,13336,0,39.3,0.3
72,2,0,142,70,9950,3,47.3,3.3
38,1,0,97,53,5702,0,29.6,0.1
64,2,0,144,93,12144,3,47.4,0.0
12,2,1,104,66,16045,0,19.3,1.4
66,2,0,138,65,20730,0,53.7,0.1
52,1,0,117,42,10538,1,24.0,0.5
13,2,0,127,62,12010,0,33.9,2.3
42,2,0,113,47,8382,0,56.8,1.4
58,1,0,110,73,4904,0,53.8,0.0
17,2,0,121,88,19805,1,35.4,1.4
59,1,0,148,71,7874,6,34.5,0.8
38,2,0,104,60,10297,1,53.2,0.0
12,1,1,125,68,10953,2,16.0,7.0
59,1,0,135,67,14357,0,85.6,0.1
27,2,1,112,53,12800,1,27.4,0.3
58,2,0,143,71,10222,2,82.0,0.5
10,2,0,93,58,10576,0,21.1,0.3
38,2,0,105,53,17901,0,26.2,0.0
16,1,0,115,61,9829,0,30.1,0.0
15,1,0,97,57,13137,0,40.8,0.9
21,2,0,104,61,10644,0,68.5,0.1
57,2,0,174,68,14581,0,42.0,0.0
33,1,0,104,60,15044,0,31.4,0.0
9,1,0,109,47,21913,0,21.3,0.5
29,1,0,117,65,6167,0,15.3,0.0
68,1,0,116,57,4327,0,65.8,0.1
21,2,0,91,47,13830,0,47.3,0.0
24,1,0,95,42,10923,0,21.4,0.1
26,1,0,113,65,3576,0,55.2,0.0
34,1,0,113,69,9904,0,93.6,4.1
52,1,0,150,68,19110,0,29.8,4.1
22,1,0,99,81,12794,0,63.6,0.0
11,2,0,93,61,8630,0,29.3,0.0
24,1,0,146,98,11642,0,63.5,0.4
9,2,0,92,53,9783,0,48.9,0.0
38,2,0,107,70,8503,0,52.3,0.4
26,1,1,92,58,3782,1,45.1,5.1
66,1,0,126,77,7859,4,28.6,0.0
59,2,1,130,66,11414,0,18.1,2.3
37,1,0,129,80,19670,0,89.8,0.0
30,1,0,104,38,10635,0,26.6,0.1
59,1,0,100,59,5847,1,49.3,0.1
22,2,0,92,82,13841,0,42.3,2.2
60,2,0,105,61,9325,0,42.7,1.0
42,2,0,124,82,18697,1,50.7,0.0
23,1,0,125,83,14198,0,23.9,0.0
23,2,0,118,45,18722,0,33.2,2.6
79,2,0,131,83,6329,1,49.0,3.7
14,1,0,106,59,10339,0,29.4,2.7
55,2,0,142,65,8783,5,59.2,0.0
17,2,1,106,77,15476,0,56.4,0.1
10,2,0,106,46,10796,0,25.1,2.7
24,1,0,108,76,14945,0,53.4,3.5
49,2,0,115,65,12356,0,46.6,0.2
35,1,0,101,57,14214,0,34.5,0.3
51,2,0,130,71,10303,7,37.2,0.0
36,1,0,102,44,11303,0,26.9,0.0
62,2,0,133,83,11689,2,39.0,0.0
54,2,0,119,74,13088,0,53.1,3.8
9,1,0,117,72,18343,0,16.0,0.1
17,2,0,120,71,17772,0,44.4,0.0
43,1,0,111,68,9616,0,37.4,0.0
23,1,0,120,74,13861,0,38.4,3.4
73,2,0,110,76,10388,0,34.8,0.0
57,1,0,122,57,9840,4,51.5,1.2
45,1,0,98,49,13910,3,28.2,0.2
50,2,0,114,87,7682,2,36.6,5.7
15,1,0,110,49,9438,0,46.4,0.3
78,2,0,157,70,6678,0,39.5,2.3
26,1,0,105,52,10842,0,43.6,0.0
18,2,0,114,62,12671,0,42.0,0.4
60,1,0,142,87,16741,0,26.8,0.0
12,2,0,91,54,8391,0,13.4,1.8
18,1,0,114,65,4509,0,58.4,0.0
63,2,0,115,48,4966,0,45.6,0.0
21,2,1,104,56,6404,0,46.5,0.8
58,1,0,140,71,9038,1,51.7,0.5
56,2,0,106,76,13510,0,49.0,0.8
33,1,0,124,69,11653,1,29.0,0.1
15,1,0,116,68,8583,0,72.2,0.1
19,2,0,125,83,14107,0,43.2,0.0
13,2,0,104,69,19653,1,33.3,0.0
26,1,0,120,73,10312,0,88.1,0.9
62,1,0,96,69,5684,0,65.1,0.9
29,2,0,110,80,8338,0,38.1,0.2
9,1,0,101,63,16641,0,41.2,0.0
78,2,0,129,87,11152,0,54.5,0.1
39,1,0,101,79,10180,1,21.1,0.5
22,2,0,121,64,12354,0,49.0,0.0
40,1,0,103,66,15016,10,39.2,0.0
36,1,0,100,39,11308,0,51.2,0.0
46,1,0,96,57,11237,0,41.9,1.9
41,2,0,140,79,21434,0,53.6,0.2
61,1,0,141,93,10124,2,40.2,0.0
59,1,1,133,80,8755,0,55.9,2.9
10,1,0,105,61,8389,0,33.8,0.5
64,2,0,126,54,8400,6,35.2,0.0
17,1,0,110,48,4689,0,31.7,0.9
73,1,0,124,70,5711,0,52.7,0.1
31,2,0,102,54,7030,0,50.1,5.3
36,2,1,136,72,14092,1,37.9,0.1
16,1,0,131,69,11389,2,25.6,1.3
16,2,1,108,48,9112,0,45.1,0.0
30,1,0,103,79,14081,0,48.4,1.2
10,2,0,114,75,8477,2,14.3,0.0
54,2,1,116,78,7873,1,29.5,0.7
60,2,0,104,46,12872,0,55.0,0.0
13,2,0,110,82,17963,0,59.0,0.3
65,2,0,126,59,12680,1,32.1,1.7
10,2,0,100,58,6222,0,50.3,0.2
29,2,0,126,86,16005,0,39.2,0.0
48,1,0,126,75,10211,0,47.8,0.9
73,1,0,132,62,9866,1,39.4,0.7
39,1,0,97,44,16821,0,34.5,0.0
14,2,1,123,82,16907,0,5.0,0.0
26,1,0,111,66,8969,1,31.5,4.7
10,2,0,100,47,18409,0,5.0,0.3
71,2,0,133,79,9228,6,58.0,0.0
67,2,0,112,65,6019,0,47.0,1.2
38,2,0,100,52,7289,9,23.1,0.3
23,2,0,114,40,10606,0,35.5,0.0
11,2,0,87,59,11078,0,56.8,1.7
55,1,0,109,49,8868,1,28.0,0.0
35,1,0,128,70,9587,0,41.3,0.1
24,2,0,132,70,19036,2,11.7,0.2
36,1,0,113,72,10225,0,54.3,0.0
34,1,0,110,74,9150,1,56.0,0.0
14,1,0,114,72,7871,0,34.1,0.1
63,2,0,111,80,7108,3,29.9,0.0
44,2,0,126,76,8929,0,75.4,0.0
77,1,0,145,79,7545,0,61.9,0.1
77,1,0,130,82,5213,3,57.4,1.7
30,2,0,109,53,14806,0,34.6,0.1
44,1,0,123,77,9154,0,20.2,0.0
28,2,0,106,77,4658,1,65.4,0.7
76,1,1,133,72,12098,1,66.0,0.1
50,1,0,108,66,6833,0,27.2,4.7
54,2,0,141,68,12051,0,27.3,0.0
48,2,1,113,66,8814,0,33.2,1.5
36,2,0,137,63,7651,5,32.5,0.0
38,1,0,111,45,7626,0,52.4,1.3
69,1,0,137,62,11348,0,58.2,1.6
38,1,0,108,85,2231,1,38.7,0.0
40,2,0,103,55,16471,5,28.1,2.2
58,1,0,123,68,14819,0,22.8,0.0
62,1,0,121,78,3247,0,49.4,0.1
77,2,0,124,64,5598,5,52.3,0.1
21,1,0,119,57,11085,0,66.3,0.0
23,1,0,111,54,8753,0,44.5,0.3
60,1,1,124,46,8700,3,25.2,1.2
41,1,0,167,90,18593,3,10.9,0.0
54,2,0,101,57,11865,0,71.0,0.4
47,2,0,115,87,8504,2,54.4,0.0
64,1,0,104,74,19399,0,79.9,2.7
41,1,0,111,63,9262,0,78.3,0.0
20,1,0,115,69,12936,0,38.0,0.0
19,2,0,107,66,7308,0,54.7,0.1
78,2,1,125,48,5655,1,50.1,6.3
23,1,0,113,69,6382,0,33.4,0.2
30,2,0,116,57,8844,0,38.5,1.7
10,1,0,91,46,18623,0,24.5,0.0
74,1,0,126,46,7041,1,55.8,7.5
56,2,0,137,90,8457,0,77.0,0.7
31,1,0,101,49,9921,0,30.4,0.6
47,1,0,136,64,4519,0,65.1,0.2
11,1,0,113,73,7060,0,32.8,0.5
33,1,0,145,70,5541,1,37.7,2.4
58,1,0,114,62,7528,0,62.3,0.3
33,2,0,120,63,11268,0,57.3,0.1
60,1,0,156,96,8491,0,34.2,0.0
50,1,0,95,53,11295,0,10.2,0.0
39,2,1,141,73,11084,1,31.3,1.2
