age,sex,diabetes,systolic_bp,diastolic_bp,activity_mims,n_medications,adherence_pct,pain_score
52,1,0,147,73,9144,7,48.6,0.0
53,1,0,127,52,4240,0,46.0,0.0
14,1,0,110,60,6287,0,19.1,2.5
49,1,0,114,88,10311,0,52.0,2.9
43,1,0,126,82,11467,0,59.1,0.0
17,1,0,116,44,12806,0,21.6,0.0
65,2,0,121,75,13568,0,57.3,0.0
12,2,0,103,67,13757,0,19.5,4.3
35,2,0,121,76,11717,0,62.1,0.0
48,2,0,106,59,14409,1,48.6,0.0
40,2,0,111,62,6226,0,57.0,0.0
29,1,0,113,58,10700,0,66.4,3.0
45,1,0,118,74,20458,0,73.0,0.0
12,2,0,113,52,17957,0,31.1,4.5
14,1,0,103,43,12706,0,40.9,0.0
76,1,0,150,67,9463,6,47.1,0.0
45,2,0,101,70,12442,0,63.8,0.0
44,2,0,146,83,6873,1,47.9,0.0
68,1,1,139,82,15392,3,28.9,0.0
16,1,0,113,72,12181,2,34.0,0.0
56,1,0,132,73,12970,0,62.4,0.0
10,1,0,106,45,13592,0,19.0,0.0
38,1,0,129,82,14287,0,27.2,0.0
53,2,1,133,74,11938,14,1.1,6.0
16,1,0,110,90,5659,0,30.3,0.0
67,2,0,118,79,7197,1,63.7,0.0
80,2,0,141,76,11919,0,81.1,0.0
62,1,0,123,64,15930,1,43.1,0.0
80,2,0,130,92,6111,3,81.3,0.0
34,1,0,121,58,16755,0,52.2,0.0
74,1,1,139,62,9560,6,32.3,0.0
24,2,0,136,57,19185,0,30.0,3.2
46,1,0,115,61,13623,1,43.0,0.0
47,2,0,108,56,13158,3,37.9,0.0
70,1,0,130,69,12592,6,52.0,3.5
37,2,0,120,67,11708,1,42.2,0.0
13,1,0,121,71,14049,0,14.9,0.0
18,2,0,98,55,13911,0,33.5,0.0
45,1,0,124,55,5777,0,50.5,0.0
75,2,0,131,63,8992,2,57.5,0.0
53,2,0,124,77,9218,2,47.7,0.0
16,2,0,129,79,19844,0,38.2,4.0
80,1,0,135,55,5986,1,69.6,0.0
80,2,0,122,78,3902,10,74.4,0.0
9,2,0,112,46,12090,0,39.2,0.0
56,1,0,128,78,12424,0,32.8,0.0
47,1,1,126,79,9797,11,42.1,4.8
64,2,1,114,70,12785,1,15.6,2.0
28,2,0,115,79,5925,0,16.5,4.6
35,1,0,105,70,11874,0,36.7,0.0
34,2,0,120,65,9046,0,48.5,0.0
12,2,0,93,58,12982,0,40.8,0.0
20,1,0,87,38,16785,2,45.9,0.0
47,2,0,112,51,5082,4,25.3,0.0
18,1,0,127,65,16365,1,11.4,0.0
53,1,0,114,52,13394,5,41.8,0.0
18,1,0,101,62,9208,0,47.7,0.0
14,1,0,116,53,12384,1,17.4,0.0
18,2,0,88,39,12774,0,44.0,0.0
9,1,0,93,59,11106,0,58.7,0.0
61,1,0,153,51,6480,4,44.8,0.0
19,2,0,126,72,13356,0,37.7,0.0
49,1,0,155,88,9056,4,40.7,0.0
13,1,0,112,83,13459,0,47.5,0.0
44,2,0,132,80,10121,0,86.0,1.4
45,1,0,132,65,11274,0,61.5,0.0
65,1,0,116,64,10759,3,46.3,0.0
72,2,1,121,51,2062,14,35.6,3.7
46,1,1,127,65,11766,7,15.4,4.5
51,2,1,142,66,6660,4,30.0,3.1
9,2,0,93,44,8234,0,40.0,0.0
11,1,0,103,39,11359,0,1.2,0.0
29,2,1,130,63,6774,13,24.0,0.0
36,2,0,109,58,11090,0,38.6,0.0
28,2,0,123,89,5661,0,73.4,0.0
16,1,0,126,78,13748,0,9.3,3.5
11,2,0,99,67,14843,0,48.4,1.5
55,2,0,126,58,13776,1,48.1,0.0
17,1,0,120,58,18972,0,73.9,3.2
33,1,0,117,78,11245,1,33.3,0.0
47,1,0,135,79,10142,0,67.0,0.0
16,2,0,113,49,16599,0,58.3,0.0
79,2,0,113,66,9642,1,72.4,0.0
16,1,0,99,48,9259,0,53.7,0.0
52,2,0,131,68,11223,6,63.2,0.0
17,1,0,104,76,13765,1,17.7,5.5
56,1,0,124,72,12260,0,45.5,0.0
55,2,0,135,76,9473,0,32.8,5.1
45,1,0,138,77,13325,0,60.8,0.0
21,2,0,106,60,12910,0,57.3,1.8
30,1,0,120,75,5192,3,30.2,4.3
66,1,1,171,76,7066,11,48.9,4.6
23,1,0,101,53,9523,0,62.5,0.0
13,2,0,104,68,8902,0,42.4,0.0
46,2,0,107,58,9524,0,63.6,2.9
19,1,0,107,68,12203,0,43.6,6.1
19,1,0,116,72,19040,0,28.3,0.0
17,1,0,105,59,11243,5,39.0,6.5
21,2,0,136,77,10510,2,42.8,3.1
52,2,0,141,79,9385,4,41.3,4.7
49,1,0,141,77,10566,0,49.8,3.8
80,1,1,147,96,7082,7,56.3,3.2
23,2,0,100,58,8719,4,15.4,0.0
49,2,0,110,85,5607,0,43.4,3.7
13,2,0,99,44,15903,0,36.4,0.0
13,1,0,109,67,11805,0,36.6,0.0
34,2,0,120,73,12913,2,50.8,3.3
58,1,1,117,83,8985,1,23.7,5.0
61,1,0,103,59,1509,0,57.7,3.3
50,1,0,124,58,15633,2,47.8,0.0
43,1,0,115,57,9323,4,58.2,0.0
54,2,0,121,59,12605,4,43.6,4.0
65,1,1,134,93,6098,12,33.9,0.0
21,1,0,120,60,11481,5,55.6,1.9
38,2,0,105,58,4736,2,41.8,1.3
77,1,0,141,92,15022,0,79.2,1.1
31,2,0,95,72,16110,0,32.9,3.8
45,1,0,120,83,12746,0,58.6,0.0
68,1,0,118,56,13172,0,58.0,0.0
52,2,0,135,72,5416,0,77.4,0.0
25,1,0,144,80,13286,1,50.8,0.0
30,1,0,125,70,14034,0,43.9,0.0
63,2,1,91,78,8531,8,23.6,0.0
13,1,0,107,59,14760,2,14.4,3.3
80,1,1,164,95,11438,9,44.2,0.0
12,2,0,104,66,14448,0,62.0,0.0
29,2,0,98,62,13573,1,36.0,5.6
40,1,0,105,47,16577,0,35.0,0.0
18,1,0,129,58,19138,3,18.7,0.0
80,1,0,165,115,12833,3,81.8,0.0
60,2,0,124,62,8891,0,43.3,1.3
13,2,0,118,45,8686,2,15.4,0.0
54,1,0,108,58,11015,0,46.1,3.6
54,2,1,125,62,10042,5,30.3,2.3
17,1,0,135,62,10276,0,68.2,0.0
70,1,0,121,93,4459,4,49.5,2.9
31,1,0,114,76,19243,0,27.4,0.0
80,1,1,184,78,8135,17,37.0,0.0
19,1,0,99,61,9200,0,35.4,0.0
61,1,0,152,65,15185,2,40.1,0.0
54,2,0,111,66,4846,2,30.7,0.0
70,2,0,113,62,13438,5,62.3,6.6
43,1,0,118,75,14032,0,28.6,0.0
52,1,0,129,105,10914,0,74.8,0.0
63,1,0,133,65,13019,2,39.1,0.0
15,2,0,122,73,12413,0,52.6,1.6
37,1,0,116,63,10553,0,63.6,0.0
52,2,0,108,68,6874,0,87.0,0.0
30,2,0,107,55,10612,0,41.8,0.0
36,2,0,130,52,1861,5,20.5,0.0
12,1,0,120,59,3053,0,34.0,0.0
42,1,0,121,56,14842,1,37.5,0.0
23,1,0,139,59,5928,2,47.7,0.0
65,1,1,142,66,16216,4,30.8,6.1
71,2,0,117,73,6905,11,54.2,0.0
42,1,0,140,70,7190,0,71.1,0.0
64,1,0,153,80,9141,2,77.2,0.0
80,1,1,146,79,12540,9,48.1,4.4
24,1,0,92,82,7797,0,49.1,0.0
61,2,0,121,74,9353,5,62.9,0.0
57,2,0,105,67,7811,1,47.6,3.4
37,2,1,121,92,12233,0,20.7,6.7
70,2,0,113,65,6174,1,56.2,3.2
49,1,0,143,68,9497,1,34.6,0.0
32,2,0,109,74,10389,2,53.5,0.0
63,1,0,109,84,7985,5,70.0,0.0
76,2,1,149,84,10283,13,20.2,2.5
36,1,0,127,82,11544,3,41.7,0.0
17,1,0,113,82,13970,0,53.0,5.4
54,1,0,118,83,17300,3,56.5,0.0
41,1,0,122,63,4551,2,37.1,0.0
8,1,0,111,51,12621,0,3.1,0.0
60,2,0,119,59,7255,1,53.1,0.0
16,2,0,105,54,4189,1,52.3,0.0
39,2,0,108,77,7267,0,52.6,0.0
35,1,0,112,53,10862,4,21.9,0.0
50,2,0,115,57,10793,0,17.3,0.0
63,1,0,143,102,9542,0,57.0,0.0
18,1,0,101,63,17936,0,44.1,0.0
10,2,0,98,92,14738,0,26.5,0.0
40,1,0,114,84,13875,1,39.1,5.5
62,2,0,115,81,8972,0,48.8,0.0
80,1,0,169,84,9210,1,57.3,3.4
64,2,1,135,70,9263,8,16.6,5.9
42,2,0,130,89,11175,0,47.7,0.0
36,1,0,131,79,10228,0,46.1,0.0
78,1,1,163,90,6323,8,36.1,2.3
47,1,0,118,67,10667,2,33.4,4.1
62,1,0,163,71,6954,3,51.9,0.0
52,2,0,127,65,12359,10,34.2,0.0
67,1,0,141,76,10050,0,82.6,0.0
23,2,0,121,75,8626,1,41.8,0.0
49,2,0,111,65,9940,3,35.8,0.0
13,2,0,104,54,12405,4,10.2,0.0
64,2,0,142,46,12132,1,33.4,0.0
73,1,1,160,93,14329,8,39.3,1.2
29,1,1,116,62,12159,3,27.6,6.7
43,1,0,112,69,9624,0,48.7,0.0
10,2,0,85,48,10817,0,46.2,0.0
40,1,0,122,59,9391,0,44.3,4.5
80,1,0,116,51,2874,3,70.4,0.0
62,1,0,154,89,8511,0,25.9,0.0
30,1,0,118,65,8865,0,48.9,0.0
74,1,0,144,80,12254,4,46.3,0.0
12,2,0,103,59,6127,0,37.9,0.0
13,2,0,115,72,11098,1,42.7,0.0
65,1,1,128,71,9554,4,36.5,5.3
9,2,0,108,78,11000,0,45.3,0.0
27,2,0,132,62,10420,0,16.1,2.3
78,1,0,138,81,5583,3,56.9,0.0
54,2,0,121,69,9069,0,66.2,3.7
27,2,0,128,75,11498,0,33.8,0.0
12,2,0,137,74,14005,0,8.0,3.1
19,1,0,89,64,8248,0,63.2,3.3
8,1,0,118,48,16353,0,16.5,0.0
10,2,0,115,64,14411,0,31.2,0.0
56,1,0,125,82,9571,0,48.1,5.5
53,2,0,123,66,9591,2,48.8,4.3
8,2,0,89,47,19844,0,20.6,0.0
14,1,0,122,80,14390,0,51.9,0.0
51,2,0,137,80,11498,6,37.2,0.0
31,1,0,115,59,10357,0,51.3,0.0
16,2,0,90,44,9247,0,32.1,4.2
28,1,0,104,61,11607,3,24.1,0.0
42,2,0,118,58,13561,1,30.8,4.8
66,2,0,114,65,3612,2,39.0,0.0
41,1,0,122,66,8882,2,36.9,3.7
18,1,0,100,58,15810,0,60.6,0.0
32,2,0,118,61,2849,0,57.7,3.0
64,2,0,127,64,8693,4,60.4,2.7
22,1,0,96,31,9513,0,28.7,0.0
22,2,0,113,70,7862,3,37.4,0.0
13,1,0,116,53,8863,1,20.4,0.0
14,2,0,114,59,12246,0,35.6,0.0
21,1,0,83,53,20920,0,54.1,0.0
37,2,0,130,82,14337,0,60.4,0.0
55,1,0,125,89,5814,0,51.4,0.0
42,2,0,140,58,8077,0,36.2,0.0
79,2,0,118,62,6963,3,60.3,4.8
12,2,0,120,82,8950,0,17.4,0.0
51,2,0,115,68,7581,7,36.7,0.0
80,2,0,134,74,12906,0,66.4,6.0
28,1,0,97,62,18322,0,31.5,3.5
50,2,0,128,93,9960,1,42.5,0.0
51,2,0,114,65,6014,4,50.1,1.7
22,2,0,110,88,11101,0,37.7,0.0
31,1,0,139,64,3972,5,22.8,0.0
8,2,0,104,63,11550,0,55.0,0.0
55,2,0,140,80,8204,0,64.8,0.0
32,2,0,111,54,13695,0,62.2,0.0
43,2,0,136,61,13195,4,28.1,0.0
21,1,0,106,54,11787,0,25.4,0.0
12,2,0,86,44,17087,0,25.0,0.0
60,1,0,148,98,13569,1,47.5,0.0
53,2,1,132,52,13536,1,24.7,3.2
80,2,1,128,77,11580,6,60.3,6.4
52,2,0,133,65,8276,0,43.8,3.4
51,2,0,127,59,9426,3,56.9,0.0
34,1,0,133,80,12774,0,48.0,0.0
58,2,0,117,43,13840,1,34.8,0.0
24,2,0,120,51,16096,1,32.5,0.0
9,2,0,84,37,18484,0,61.3,0.0
9,1,0,102,50,13456,0,29.0,3.9
25,1,0,120,58,8078,0,49.2,0.0
16,1,0,121,81,5995,0,36.5,0.0
34,1,0,106,68,11466,0,55.0,0.0
28,2,0,96,63,14111,0,27.0,6.0
12,1,0,112,67,13319,0,13.1,0.0
68,1,0,110,71,11161,2,58.7,3.7
54,1,0,123,73,8571,1,53.7,2.1
9,2,0,85,55,11471,1,17.9,2.1
16,1,0,100,61,9942,0,65.8,0.0
44,2,0,120,75,12291,0,42.7,4.9
16,2,0,107,72,20438,0,15.4,0.0
59,1,1,109,68,6908,11,46.9,5.4
20,2,0,108,64,5431,0,39.9,0.0
74,1,1,133,69,10919,5,46.3,3.9
25,1,0,104,97,16306,0,37.7,0.0
54,2,0,119,73,10745,0,43.3,0.0
42,2,0,108,72,13054,3,44.0,2.9
12,2,0,111,56,11948,0,59.7,0.0
11,2,0,90,54,12219,2,54.4,0.0
19,2,1,92,30,17965,4,8.6,0.0
8,1,0,103,46,15433,0,27.3,0.0
24,1,0,128,66,11307,0,28.2,1.2
80,1,1,172,85,12310,12,42.3,4.9
70,2,0,109,65,6790,2,69.1,2.3
35,2,0,91,47,11425,5,29.3,0.0
56,1,0,116,69,8294,0,66.8,3.2
56,1,0,127,78,12226,0,48.4,0.0
74,2,1,133,87,9988,3,49.6,6.3
23,1,0,120,69,12620,3,49.8,0.0
63,1,0,160,78,6156,1,34.2,0.0
24,1,0,129,61,16831,0,53.1,0.0
62,1,0,133,77,4802,1,39.3,4.1
51,1,0,110,69,11759,1,36.9,4.5
20,1,0,117,55,13007,0,75.2,0.0
26,2,0,116,70,6074,2,43.8,0.0
29,1,0,119,83,15363,0,45.2,3.6
49,2,1,135,70,13552,6,19.4,4.0
77,1,1,147,59,9040,1,35.2,6.6
19,2,0,106,45,16448,8,19.0,0.0
72,1,0,154,100,11002,0,71.7,5.3
25,2,0,126,70,12607,2,25.7,3.3
27,2,0,118,68,18506,1,56.8,0.0
34,1,0,108,51,13221,1,35.8,0.0
18,2,0,110,66,9834,0,26.4,0.0
31,1,0,115,65,10302,0,53.7,0.0
18,1,0,107,61,9490,0,48.1,0.0
55,1,0,112,67,7090,2,37.5,0.0
46,2,1,127,52,9031,1,8.3,5.9
63,1,0,120,88,8286,7,58.1,0.0
49,2,0,115,81,11284,0,67.4,0.0
70,1,1,127,50,5365,11,40.3,0.0
27,2,0,142,68,12378,0,31.5,6.4
44,1,0,111,60,8764,0,59.5,0.0
44,2,0,107,62,15506,1,47.2,0.0
13,2,0,101,49,9583,0,44.9,1.5
51,1,0,127,63,6751,0,56.8,0.0
8,1,0,105,32,12647,0,55.0,0.0
49,2,0,130,80,13370,7,63.9,0.0
27,2,0,108,57,12795,0,46.9,3.2
12,1,0,101,60,9442,2,27.2,3.2
31,2,0,132,63,14217,0,42.1,0.0
45,1,0,144,86,13685,0,33.0,0.0
62,2,0,119,52,8972,3,56.5,0.0
30,2,0,114,36,11424,0,69.9,1.8
51,2,0,143,88,10338,2,51.3,0.0
19,1,0,128,70,13717,0,38.7,0.0
8,1,0,123,80,15136,0,46.7,0.0
43,2,0,130,71,4314,1,25.0,3.1
12,2,0,108,58,11966,0,16.5,3.6
11,2,0,84,42,11635,1,47.4,0.0
52,1,0,121,65,14146,0,17.2,0.0
65,1,0,124,85,14697,0,82.0,0.0
9,1,0,105,54,13970,0,21.6,0.0
14,2,0,103,61,8908,0,36.8,1.5
19,2,0,88,65,10356,1,39.2,3.4
17,1,0,134,64,10565,0,42.6,0.0
47,1,0,114,50,11708,5,51.9,0.0
58,1,1,133,86,6146,12,32.6,3.8
44,1,0,123,45,6110,2,34.0,2.7
69,1,0,111,74,8137,3,39.5,0.0
65,2,0,135,67,12757,7,64.8,0.0
48,1,0,131,50,5801,1,37.7,0.0
49,2,0,110,77,16514,0,40.0,0.0
25,1,0,92,69,11368,0,27.2,1.7
9,2,0,102,69,10435,0,31.2,0.0
8,1,0,101,65,12115,0,37.6,0.0
61,1,0,120,66,5215,0,87.3,0.0
47,1,0,116,58,6053,0,33.3,1.5
33,1,0,125,58,14430,0,49.6,0.0
21,2,0,123,72,7881,0,26.5,0.0
12,2,0,128,62,15393,5,25.6,0.0
9,2,0,92,64,15748,0,60.8,0.0
14,1,0,119,79,14385,0,40.1,0.0
76,2,1,111,56,5324,12,20.0,0.0
73,2,0,117,58,13437,6,48.8,0.0
8,1,0,88,49,16640,0,7.1,4.9
37,2,0,122,71,15401,0,61.4,0.0
9,2,0,105,71,15307,0,21.1,0.0
69,2,0,126,62,13931,4,72.7,3.9
24,2,0,110,53,14603,2,27.2,0.0
68,2,0,138,66,9365,0,54.1,4.5
75,1,0,125,69,13811,0,61.1,6.0
12,1,0,98,41,15990,1,9.3,0.0
13,2,0,111,64,18812,0,13.7,0.0
80,1,0,151,81,4239,7,82.7,4.4
14,1,0,127,74,11976,0,24.8,0.0
63,1,1,142,87,3699,1,22.1,4.7
80,2,0,120,84,5005,10,55.1,0.0
57,1,0,120,75,10449,0,51.0,0.0
8,2,0,83,34,8541,0,38.3,0.0
20,2,0,113,63,7436,3,54.2,2.0
13,1,0,113,59,20938,0,56.3,0.0
67,1,0,131,85,10035,0,49.6,0.0
34,2,0,117,86,20522,0,63.5,0.0
43,1,0,90,62,10845,1,53.8,5.7
24,2,0,101,60,15618,0,41.5,0.0
19,1,0,117,45,15710,0,49.7,3.5
67,2,1,137,70,17020,9,38.3,3.5
11,2,0,97,58,18805,0,25.3,0.0
16,1,0,104,48,11988,0,19.9,0.0
67,1,0,114,86,15982,3,55.3,3.9
11,1,0,100,56,12652,0,34.9,0.0
17,1,0,90,65,16276,0,4.2,0.0
34,1,0,141,83,7849,0,44.6,0.0
52,1,0,155,87,9758,1,36.0,0.0
18,2,0,104,46,13225,0,45.3,0.0
69,1,1,111,66,9716,4,27.7,6.0
8,2,0,84,75,13683,0,58.6,0.0
9,1,0,127,63,8554,4,32.7,2.9
16,1,0,113,81,15537,0,49.5,4.2
58,2,0,119,65,5280,1,85.6,2.8
35,2,0,114,51,12089,0,23.1,0.0
64,2,0,144,79,12741,2,57.0,4.5
43,1,0,112,58,7345,0,57.9,6.3
80,1,0,123,64,4420,8,52.4,0.0
55,2,0,134,89,7897,2,71.1,0.0
15,1,0,112,67,8301,0,18.8,5.7
23,2,0,111,68,14144,1,31.9,0.0
69,2,0,132,55,10312,5,67.0,0.0
60,1,0,138,70,8958,2,62.9,0.0
25,2,0,119,62,11116,0,42.2,0.0
12,2,0,115,59,14291,0,40.6,0.0
41,2,0,93,59,18821,0,35.5,0.0
47,2,0,126,80,10962,0,71.7,0.0
12,2,0,105,62,12551,1,39.7,0.0
24,2,0,122,55,20164,2,37.7,4.8
53,2,0,137,80,8710,2,31.3,4.3
29,2,0,102,47,10461,3,19.6,0.0
50,2,0,104,69,3467,1,65.0,0.0
80,1,0,162,102,1885,1,47.3,1.3
52,2,0,91,70,8018,0,57.5,0.0
32,1,0,112,51,8663,1,50.7,0.0
13,1,0,108,84,8264,0,67.8,0.0
22,1,0,114,93,13467,0,67.9,0.0
16,2,0,107,51,17183,1,33.7,0.0
21,1,0,93,64,5354,0,29.3,0.0
31,1,0,101,69,9662,0,48.5,0.0
71,2,0,133,72,9394,1,54.8,0.0
13,1,0,91,46,13591,0,60.6,0.0
8,2,0,87,54,10784,0,11.1,0.0
24,1,0,99,56,12759,0,48.2,0.0
69,1,0,153,84,7975,2,51.6,4.0
14,1,0,114,51,10811,0,16.4,0.0
11,2,0,114,56,12738,0,19.2,0.0
71,1,0,132,60,11084,0,54.4,0.0
16,1,0,104,54,13566,2,47.3,0.0
10,2,0,86,47,18097,0,54.8,0.0
30,2,0,93,47,11084,1,22.3,0.0
41,2,0,125,59,3970,1,44.7,4.1
58,2,0,116,65,15873,0,54.4,5.7
72,1,1,126,55,9138,7,39.0,0.0
33,1,0,130,69,17655,1,33.6,0.0
28,1,0,122,53,11599,2,45.7,4.5
60,2,0,145,61,8518,1,47.0,3.0
19,1,0,130,78,13148,0,34.1,0.0
15,2,0,97,49,12310,0,41.1,3.6
17,2,0,115,58,14024,0,24.4,0.0
71,1,0,137,79,10743,1,70.5,0.0
54,1,1,153,110,5174,5,9.0,0.0
20,2,0,88,51,5635,0,34.2,0.0
8,1,0,103,45,13385,0,16.2,2.2
55,1,0,124,79,9779,0,43.1,0.0
34,1,0,127,66,10988,4,42.5,0.0
60,1,0,116,66,15555,3,61.1,0.0
12,1,0,125,76,11755,0,42.3,0.0
60,1,0,145,72,11870,11,49.3,0.0
17,2,0,112,52,12828,3,41.5,0.0
29,2,0,101,63,7861,0,38.1,0.0
12,2,0,95,38,12423,0,31.2,0.0
8,1,0,106,53,20389,0,45.9,3.6
62,2,1,122,54,14323,3,35.7,3.9
13,2,0,103,63,7699,0,56.3,2.4
34,2,0,135,71,12249,2,43.7,0.0
10,2,0,96,37,12474,0,35.5,0.0
64,2,0,112,56,15937,1,58.2,5.6
36,2,0,114,58,10514,3,35.3,4.1
56,2,0,124,52,1442,3,44.2,0.0
44,1,0,122,58,13715,2,34.9,3.7
18,2,0,116,63,5528,0,46.9,0.0
29,2,0,94,57,10234,0,47.9,0.0
36,2,1,113,63,8413,1,12.7,2.9
48,2,0,109,65,12843,1,66.8,0.0
8,1,0,81,14,16276,0,11.0,0.0
14,2,0,113,35,9938,0,46.8,0.0
60,1,0,140,96,7527,2,30.2,0.0
61,2,1,109,67,15833,5,33.7,3.7
10,2,0,104,44,9983,0,45.5,0.0
34,1,0,114,71,10322,0,28.5,4.7
52,1,0,126,70,5833,4,41.2,4.0
74,1,0,148,78,12002,1,63.3,0.0
46,1,0,139,76,8781,0,49.3,0.0
33,1,0,116,73,19080,0,62.8,3.5
16,2,0,111,81,14695,0,40.7,0.0
30,2,0,98,65,8828,0,57.2,0.0
14,2,0,87,50,16007,0,51.4,0.0
9,2,0,95,66,9623,0,30.9,0.0
36,1,0,105,50,14198,1,34.0,5.5
24,2,0,120,73,14146,0,41.4,0.0
8,1,0,101,77,17416,0,16.5,1.6
9,1,0,82,52,12601,0,41.7,0.0
44,1,0,131,73,7375,2,47.9,3.4
80,1,0,132,77,1727,3,43.6,0.0
64,2,0,156,90,8062,0,83.8,0.0
43,1,0,111,51,11333,1,57.4,0.0
47,1,0,105,51,6522,5,44.8,2.8
66,1,0,130,81,8525,2,47.6,3.6
18,1,0,83,57,14702,0,35.9,0.0
8,2,0,107,73,12181,0,46.7,0.0
40,1,0,92,64,9510,0,71.8,0.0
28,1,0,99,61,13089,2,18.9,0.0
15,2,0,128,63,10507,2,38.7,0.0
46,1,0,102,73,15161,2,72.2,0.0
19,1,0,120,66,12674,1,40.9,4.4
54,2,0,115,73,5131,5,30.0,0.0
15,2,0,89,59,10379,1,39.6,0.0
14,1,0,120,86,9699,0,26.1,0.0
14,1,0,115,67,14380,0,64.1,0.0
34,1,0,113,52,9720,0,24.7,1.7
48,1,0,139,81,18035,2,64.2,0.0
60,1,0,127,83,11881,0,58.9,2.1
43,1,0,131,61,17837,0,40.8,0.0
54,1,0,129,69,15191,3,57.3,0.0
34,1,0,121,65,13987,0,70.8,3.1
44,2,0,129,59,16507,0,49.4,0.0
61,1,0,124,60,16604,0,65.8,1.5
14,1,0,106,72,15867,1,23.6,0.0
19,2,0,87,52,12295,0,42.3,4.4
71,1,1,160,93,4619,4,33.9,1.8
58,1,0,101,77,7756,2,40.7,0.0
8,1,0,86,70,12289,0,31.6,0.0
18,1,0,119,47,9514,1,35.7,2.5
8,2,0,70,15,19344,0,45.1,0.0
56,2,0,118,54,10358,0,73.2,0.0
56,2,1,119,52,10118,4,30.4,7.2
19,1,0,111,55,17515,0,30.2,2.6
9,2,0,109,54,16827,0,60.4,0.0
29,1,0,108,48,12975,0,14.3,0.0
22,1,0,125,74,11002,0,41.7,1.8
40,1,0,101,71,13223,0,55.9,0.0
21,2,0,102,67,13512,0,41.6,0.0
80,2,1,144,87,9080,9,42.8,2.3
8,2,0,105,60,12104,0,24.9,0.0
46,2,0,117,54,13802,1,63.1,0.0
50,2,0,119,57,7860,1,61.2,0.0
29,1,0,119,53,16274,0,56.8,0.0
57,2,0,110,66,5700,2,49.8,4.1
37,1,0,121,41,13380,1,48.6,3.5
8,2,0,72,31,25936,0,28.2,0.0
8,1,0,93,54,15379,0,24.5,0.0
8,1,0,110,59,8237,0,20.3,0.0
17,2,0,104,65,4801,3,14.1,0.0
29,2,0,119,66,11661,0,47.1,0.0
34,2,0,127,80,7386,2,32.7,0.0
56,1,0,123,61,14436,0,38.2,0.0
58,1,1,134,46,7569,2,38.1,2.9
80,2,1,166,110,10202,11,55.9,0.0
22,1,0,98,60,5826,0,49.9,0.0
21,2,0,91,54,9749,0,9.2,0.0
18,2,0,127,57,13691,2,25.5,0.0
78,2,1,123,56,6248,5,35.5,0.0
9,1,0,111,57,9469,0,21.4,0.0
63,1,0,132,67,8194,3,75.5,0.0
11,2,0,100,71,17210,3,26.0,0.0
74,2,0,125,75,4564,2,67.0,0.0
76,2,0,139,77,13602,5,48.0,0.0
30,2,0,139,87,9108,0,46.2,0.0
44,2,0,130,73,5654,2,43.4,4.0
52,1,0,121,75,8298,0,51.3,0.0
27,2,0,111,49,3764,0,9.6,0.0
40,2,0,101,77,13000,0,77.0,0.0
29,2,0,150,54,13958,0,48.9,0.0
35,2,1,128,53,8343,5,0.4,0.0
59,1,1,137,64,8606,8,44.2,1.9
29,2,0,90,79,12102,0,45.4,0.0
31,1,1,105,45,8248,8,15.7,2.1
70,2,0,140,100,16838,2,53.0,6.4
52,1,0,116,77,13728,0,42.9,3.3
30,2,0,118,63,7006,0,42.6,3.3
32,1,0,131,69,6540,1,47.9,0.0
78,1,0,119,66,10538,1,46.8,4.0
38,2,0,136,61,11670,1,32.4,0.0
80,2,1,146,70,1257,5,37.2,0.0
33,1,0,103,51,10948,4,37.7,1.1
39,2,0,104,62,7031,1,36.7,0.0
35,1,0,128,89,8659,0,47.5,3.2
23,1,0,122,61,10770,0,44.9,0.0
51,2,0,126,52,10644,3,50.4,0.0
18,1,0,126,63,15021,0,33.1,0.0
59,2,1,115,66,6914,4,14.6,5.4
80,1,0,156,63,6722,4,84.7,0.0
21,1,0,98,64,7536,0,40.8,0.0
80,1,0,138,82,9563,0,75.9,0.0
65,1,0,137,66,15390,0,54.1,0.0
19,1,0,130,68,8721,0,46.3,0.0
41,2,1,130,77,8032,3,11.0,5.5
13,1,0,111,68,13562,0,26.5,0.0
80,2,0,123,104,4413,3,54.8,2.9
64,2,0,109,61,10837,11,33.3,0.0
42,2,0,106,71,13336,3,46.0,0.0
10,2,0,90,47,11810,0,19.9,0.0
23,1,0,143,93,9520,0,67.3,0.0
16,2,0,91,64,17476,4,38.9,0.0
23,2,0,95,53,12872,0,66.2,0.0
55,2,0,104,76,8044,5,54.1,4.3
10,1,0,104,57,15274,1,21.3,0.0
26,2,0,109,74,10981,0,24.6,0.0
28,2,0,113,60,11273,0,49.3,0.0
53,2,0,137,80,11585,0,58.7,0.0
52,1,0,123,74,14412,0,47.2,0.0
16,1,0,98,61,5691,0,24.0,0.0
28,1,0,119,80,13228,0,78.9,0.0
62,1,0,107,64,9442,0,60.9,0.0
30,1,0,116,57,16063,0,13.2,0.0
34,2,0,155,52,13287,0,31.7,0.0
14,2,0,105,73,7011,0,6.5,0.0
42,2,0,101,69,11535,2,25.4,0.0
12,1,0,108,51,12622,0,38.3,4.4
67,1,0,120,80,6804,3,53.1,0.0
19,1,0,100,70,11229,0,43.5,2.0
36,1,0,109,62,12128,0,73.4,0.0
35,2,0,113,58,9013,0,33.2,0.0
29,1,1,124,49,8677,2,35.8,5.7
64,2,0,119,59,9465,1,64.4,0.0
16,1,0,118,69,10565,0,53.3,3.1
24,1,0,138,72,11592,0,53.9,3.1
51,2,0,93,66,10713,2,37.7,0.0
23,2,0,139,79,7608,0,41.4,0.0
78,2,1,136,58,6779,8,39.6,0.0
29,1,0,125,76,12247,2,29.1,0.0
56,1,0,116,64,13193,0,59.2,0.0
67,2,0,128,86,6643,6,54.7,0.0
80,1,0,130,86,13033,11,73.8,2.4
24,1,1,126,59,15055,0,17.2,5.3
56,1,0,124,86,10589,1,57.7,0.0
18,2,0,118,78,14697,0,30.4,0.0
20,1,0,100,40,9608,0,36.6,0.0
80,2,1,143,86,4938,7,7.4,0.0
76,1,0,125,76,12627,0,54.7,3.8
40,2,0,116,65,14590,1,49.6,0.0
24,2,0,120,86,15574,0,34.6,0.0
31,1,0,114,61,4693,0,40.4,3.2
33,2,0,106,64,8118,4,32.2,0.0
16,2,0,97,48,12269,4,9.1,0.0
72,2,0,120,91,15096,2,72.2,0.0
32,2,0,102,74,11740,2,49.6,0.0
14,1,0,101,48,15765,0,46.4,0.0
80,2,0,200,80,7672,5,81.5,2.8
21,1,0,102,62,9687,0,53.1,3.6
11,1,0,86,56,9119,1,42.2,0.0
17,1,0,110,59,12122,0,27.5,0.0
64,2,0,156,83,6317,3,65.7,0.0
23,2,0,119,47,10486,3,44.4,0.0
22,1,0,111,72,12313,0,71.0,0.0
30,1,0,124,85,9048,0,48.1,0.0
37,1,0,125,71,12260,0,60.0,0.0
11,2,0,98,50,16097,0,51.3,0.0
37,2,0,98,63,10403,0,56.6,0.0
9,2,0,105,51,15341,0,39.9,0.0
37,2,0,106,71,19324,0,64.1,0.0
80,1,0,121,43,8609,4,53.3,0.0
80,1,1,145,81,5016,8,68.1,6.8
41,1,0,169,81,14522,2,55.9,0.0
8,2,0,94,43,14553,0,45.6,0.0
69,1,0,129,78,10397,2,73.3,0.0
13,2,0,99,37,18187,0,29.8,0.0
12,1,0,116,65,24224,0,56.9,0.0
44,1,0,109,47,3882,0,29.5,1.7
18,2,0,104,38,9776,0,19.3,0.0
18,1,0,114,71,9000,1,42.2,0.0
49,1,0,94,73,12377,0,22.4,0.0
17,1,0,106,66,15680,0,54.5,0.0
65,1,1,134,83,8260,0,27.1,5.3
15,1,0,78,68,9027,0,37.4,0.0
50,1,0,133,55,13214,0,69.9,2.4
56,2,0,111,78,11449,1,75.2,0.0
16,2,0,129,81,17936,0,78.8,0.0
11,2,0,86,57,16269,0,43.7,2.6
10,2,0,94,65,15295,0,34.1,0.0
23,2,0,136,75,7787,1,57.2,0.0
70,2,0,144,79,12007,0,58.7,3.0
79,2,0,142,65,14406,12,58.1,0.0
19,1,0,119,63,13701,0,32.6,0.0
62,2,1,111,67,4946,1,24.0,2.0
20,1,0,109,43,15623,0,29.1,2.1
43,2,0,106,85,11375,1,42.8,4.2
50,2,0,110,67,15043,0,29.0,0.0
9,1,0,93,38,13547,0,16.7,0.0
61,2,1,160,73,9909,3,32.6,3.6
11,1,0,120,59,15429,0,32.5,4.8
65,2,0,122,76,8478,13,46.1,0.0
15,2,0,101,63,6760,1,30.7,2.5
16,1,0,96,75,17878,0,60.1,0.0
33,1,0,98,63,11054,1,48.2,0.0
15,2,0,95,56,12883,0,21.8,0.0
12,2,0,118,94,10208,0,41.7,0.0
11,2,0,100,50,16594,0,53.0,0.0
33,2,0,118,86,8785,1,66.8,0.0
10,2,0,126,70,10858,0,51.7,0.0
38,2,0,114,67,13927,1,49.5,0.0
24,1,0,145,65,8455,0,45.3,2.6
31,1,0,99,61,14110,0,24.7,0.0
19,2,0,106,67,9167,0,38.6,0.0
47,1,0,106,81,13594,3,43.7,0.0
80,1,0,146,93,8216,7,75.0,0.0
18,2,0,104,53,11991,0,74.9,0.0
13,2,0,90,66,10918,2,10.4,2.9
64,2,0,110,57,3925,1,45.6,0.0
73,2,0,127,93,11021,2,35.7,0.0
61,1,0,123,67,1169,2,52.6,2.9
38,1,0,117,56,15445,2,36.5,0.0
53,2,0,134,72,9952,5,78.6,0.0
8,2,0,82,49,20633,0,49.5,0.0
19,2,0,123,79,13785,0,44.4,1.9
13,1,0,119,64,8295,0,38.6,0.0
63,2,0,115,58,12685,5,57.6,0.0
75,2,0,116,74,5280,1,39.0,1.9
29,1,0,136,49,14220,0,38.7,4.2
37,1,0,103,65,14285,4,47.3,6.4
64,1,1,129,64,13652,3,19.6,0.0
56,2,0,139,60,8876,1,46.6,0.0
58,1,0,125,60,9406,1,45.1,0.0
39,1,0,105,51,20242,0,13.8,0.0
8,1,0,83,23,7839,1,17.2,3.8
57,2,1,119,38,6594,4,23.3,3.1
67,2,0,142,81,9956,5,54.5,0.0
10,1,0,109,77,13134,0,40.7,3.1
8,1,0,90,48,17817,0,44.3,0.0
10,2,0,98,65,15644,0,47.6,0.0
23,2,0,111,43,12834,1,32.4,0.0
75,2,0,116,60,13652,3,50.5,0.0
16,2,0,101,49,2825,0,8.9,0.0
26,1,0,124,76,4573,0,33.2,0.0
60,1,0,121,47,11235,0,69.2,0.0
19,1,0,100,73,9531,0,48.8,0.0
31,2,0,124,63,10369,0,56.0,0.0
26,2,0,91,69,16390,0,68.3,0.0
58,1,0,125,81,18867,0,45.3,0.0
71,2,0,146,87,5776,2,72.4,0.0
34,1,0,103,63,5506,5,25.3,0.0
52,1,1,151,84,6577,3,27.7,3.3
79,2,0,138,80,9482,0,94.6,0.0
46,1,0,121,60,12660,1,61.2,3.7
17,2,0,116,63,9152,0,31.2,0.0
31,2,0,96,50,12914,1,48.7,0.0
49,1,0,105,63,14341,2,62.4,2.5
72,1,1,134,78,13472,6,31.5,5.0
32,1,1,115,62,14045,2,6.1,2.8
9,1,0,98,39,19500,0,45.0,2.7
15,2,0,94,73,10268,0,47.2,4.4
19,1,0,101,56,13969,2,16.6,1.9
16,2,0,110,73,16220,0,65.9,4.9
36,2,1,99,50,1942,6,15.4,4.6
18,1,0,137,65,13049,0,37.8,2.9
16,1,0,116,52,10878,0,37.2,0.0
15,1,0,134,80,9367,0,56.6,0.0
25,1,0,109,82,6594,4,36.4,0.0
61,1,0,95,49,5784,1,31.7,3.3
58,2,0,129,75,13717,2,58.2,0.0
18,1,0,115,74,11894,0,44.8,0.0
14,1,0,118,61,11585,0,54.8,0.0
64,2,0,113,82,9709,0,45.8,0.0
12,1,0,126,65,16709,1,53.3,0.0
8,2,0,97,73,16803,0,26.8,3.5
8,1,0,87,46,10482,1,31.9,2.2
41,1,0,128,78,11539,11,31.9,0.0
24,1,0,103,56,8548,0,59.1,0.0
62,1,0,134,53,1563,2,60.3,0.0
41,2,0,120,87,3522,1,64.7,4.2
79,1,0,138,52,4255,1,61.5,3.8
47,2,0,135,74,11083,0,53.8,0.0
64,1,0,141,78,8153,2,60.9,0.0
73,2,1,125,80,5049,5,7.9,0.0
15,1,0,117,64,8156,0,40.6,0.0
8,1,0,80,32,13899,0,47.0,4.8
15,2,0,100,41,12186,0,26.4,0.0
16,1,0,117,53,15302,0,31.5,0.0
18,1,0,103,82,12468,2,15.8,5.4
13,1,0,110,46,12843,0,55.4,0.0
19,2,0,133,95,13581,0,58.9,0.0
16,1,0,114,76,7952,0,44.0,0.0
54,1,0,104,66,9916,0,46.5,0.0
16,1,0,106,56,14723,13,11.4,0.0
17,1,0,97,60,7029,0,51.4,0.0
22,1,0,99,55,8425,0,17.4,0.0
17,2,0,93,41,21165,5,28.9,0.0
18,2,0,87,41,12550,0,47.7,0.0
16,2,0,107,71,14087,2,33.4,0.0
11,1,0,123,75,6092,2,10.5,0.0
24,2,0,126,57,10136,0,45.2,0.0
80,2,0,147,80,10669,4,53.4,2.3
19,1,0,122,56,11855,3,57.1,0.0
37,2,0,140,50,6019,5,34.0,0.0
11,1,0,133,74,13436,0,66.7,0.0
66,1,0,142,72,9375,2,62.4,0.0
58,1,0,138,90,14386,7,51.2,4.2
38,2,0,112,67,10716,0,42.8,5.2
80,1,0,146,93,9085,4,51.6,0.0
47,1,0,131,63,16311,2,42.7,0.0
8,1,0,93,57,8562,0,17.2,0.0
33,1,0,132,80,15250,0,60.6,0.0
28,1,1,125,81,12657,1,14.3,4.9
14,1,0,130,48,17030,0,31.3,0.0
59,2,0,154,83,9324,4,48.8,4.0
18,1,0,111,49,13282,0,68.8,0.0
10,2,0,83,78,12939,0,9.3,0.0
32,2,0,124,66,4545,0,27.2,0.0
14,2,0,97,66,10365,5,18.9,0.0
58,1,0,118,70,15098,0,55.0,0.0
43,2,0,113,72,11445,0,48.5,0.0
19,1,0,79,50,11217,0,19.3,5.2
55,1,1,122,73,11415,1,31.1,5.3
8,2,0,86,49,15957,0,47.5,0.0
17,1,0,110,70,11373,1,10.5,3.4
55,2,0,137,63,8860,1,45.5,1.8
59,1,0,138,52,17413,1,31.9,0.0
38,1,0,129,71,12143,1,45.7,5.3
41,2,0,108,42,11053,2,48.8,4.1
68,2,0,106,60,10032,4,50.6,0.0
12,1,0,86,47,23033,0,12.3,0.0
35,2,0,104,78,11639,3,27.3,0.0
28,2,0,101,70,10314,0,46.1,0.0
18,1,0,89,39,13202,0,48.7,3.5
59,2,0,129,65,19331,8,53.4,0.0
72,1,0,146,80,9881,0,43.8,0.0
63,1,1,119,53,8648,4,36.7,4.6
73,2,0,146,66,13381,6,63.2,0.0
8,1,0,81,51,14297,0,24.6,0.0
67,1,0,124,76,10983,0,59.2,5.7
13,1,0,100,63,5650,0,54.9,2.9
70,2,0,138,79,8444,0,80.1,0.0
69,2,0,121,106,12455,7,80.9,0.0
46,1,0,119,86,9201,0,75.5,0.0
22,1,0,99,52,17019,0,52.0,0.0
69,2,1,132,68,4884,13,36.0,0.0
66,1,1,143,93,7027,1,26.8,3.2
38,1,0,124,96,13406,0,73.6,0.0
63,2,0,115,65,10948,1,54.9,0.0
61,2,0,106,59,10149,0,55.4,5.6
49,2,0,125,70,10462,0,67.9,3.6
58,1,1,148,76,8128,4,52.9,6.0
60,1,0,125,66,9568,0,55.5,3.5
53,1,0,126,57,10890,0,66.1,0.0
22,2,0,110,49,14543,1,81.3,2.8
60,1,1,144,67,13147,3,24.3,2.8
13,2,0,92,48,16238,0,39.6,0.0
35,1,0,151,72,10303,0,57.3,0.0
63,1,0,147,80,16381,0,63.8,1.9
25,1,0,107,59,10180,0,47.4,4.1
45,2,0,107,58,10988,0,42.5,0.0
80,1,0,183,91,9869,4,53.0,0.0
43,1,0,114,87,19532,0,49.0,0.0
51,2,0,89,64,14332,0,45.5,3.0
34,1,0,114,47,3272,5,39.3,0.0
23,1,0,108,43,9535,0,63.4,0.0
60,2,0,130,69,6133,7,50.0,5.1
80,1,0,157,88,12967,1,62.2,0.0
10,1,0,116,66,6539,0,12.0,0.0
19,1,0,106,78,8955,0,16.8,0.0
20,1,0,125,66,15959,2,19.2,0.0
61,2,0,114,73,7015,2,57.0,4.2
10,1,0,108,58,10960,0,16.1,0.0
17,1,0,107,63,13124,0,34.1,0.0
76,1,0,163,68,9854,1,46.5,0.0
17,2,0,118,69,6730,2,38.4,2.6
64,2,1,121,52,7543,12,12.7,0.0
39,1,0,133,66,4177,5,40.7,0.0
67,1,0,138,87,8028,7,33.6,0.0
15,2,0,98,65,15835,1,27.9,0.0
36,1,0,94,59,9553,0,23.9,0.0
8,1,0,91,46,16251,0,49.0,0.0
21,2,0,108,68,9914,2,44.8,0.0
74,2,0,136,88,12906,0,61.8,0.0
16,1,0,111,51,8277,2,9.7,0.0
47,2,0,109,75,9385,0,30.5,3.4
42,2,1,102,43,4249,5,25.7,3.4
44,1,0,122,51,20430,1,49.9,0.0
58,1,0,133,79,7300,4,61.3,0.0
73,2,0,146,69,8965,4,40.3,0.0
10,1,0,116,50,14566,2,22.7,0.0
9,2,0,110,57,12374,0,27.3,2.7
65,1,0,118,65,12909,2,75.3,5.8
38,2,0,116,81,11661,0,41.4,0.0
39,2,0,110,69,5293,0,54.5,0.0
43,1,0,125,90,16857,0,51.3,3.3
41,1,0,122,62,7451,0,45.1,0.0
62,1,0,143,88,9229,2,44.7,0.0
30,2,0,110,65,8246,3,34.1,0.0
25,1,0,122,65,17621,1,43.5,0.0
18,1,0,109,61,12959,0,5.8,2.3
15,1,0,146,76,6443,0,27.6,0.0
62,2,0,134,93,17309,8,59.6,0.0
25,1,0,108,67,6521,0,47.3,3.7
41,2,0,98,63,9335,3,36.3,4.4
13,1,0,129,70,7648,0,32.9,0.0
49,1,0,124,68,8598,5,38.9,3.5
54,1,0,119,67,8845,1,32.3,0.0
71,2,0,147,78,12118,0,68.5,0.0
10,2,0,100,69,12156,2,3.0,0.0
75,1,0,137,65,11243,1,73.2,0.0
61,2,0,105,74,8964,0,54.9,5.8
35,2,0,106,55,17547,0,47.5,2.9
22,2,0,105,75,17943,0,39.7,0.0
39,2,0,126,74,5357,0,51.8,0.0
80,2,0,141,75,9735,4,77.6,0.0
78,2,0,170,90,6123,8,84.3,2.1
21,1,0,130,75,11852,4,31.3,0.0
27,2,0,112,61,16543,0,36.1,0.0
64,1,0,109,57,188,1,47.0,0.0
9,2,0,119,82,16682,0,56.0,3.1
10,1,0,103,51,6963,4,16.4,4.5
18,1,0,112,56,8285,0,54.4,0.0
51,2,0,124,60,10898,1,38.7,0.0
15,2,0,121,64,10627,2,31.3,1.2
16,1,0,113,77,12959,1,32.1,0.0
20,2,0,112,46,11902,0,59.7,0.0
61,1,0,127,101,14002,4,57.2,0.0
8,1,0,77,35,7717,0,44.8,0.0
50,1,0,100,53,7865,0,63.8,0.0
29,2,0,101,62,10761,1,32.7,4.8
14,1,0,105,67,13347,3,23.9,0.0
14,2,0,110,60,10802,0,54.9,0.0
36,2,1,120,57,12164,2,16.8,1.7
63,1,0,114,71,6621,2,52.5,3.6
36,1,1,151,77,6535,5,3.3,4.6
45,1,0,138,93,16175,1,49.0,0.0
46,2,0,121,54,12578,2,52.3,0.0
55,1,0,126,72,13635,2,67.1,5.1
39,1,0,122,57,7935,1,32.8,3.7
13,2,0,114,54,9060,0,32.1,1.3
8,1,0,81,63,16743,0,57.0,0.0
23,2,0,116,66,5794,0,36.2,0.0
60,2,0,147,69,11381,0,62.1,0.0
17,1,0,108,100,14121,0,24.7,0.0
13,2,0,122,66,10875,1,15.7,0.0
30,1,0,111,80,8510,0,77.0,0.0
66,1,0,114,72,18273,3,47.1,0.0
26,2,0,79,37,14849,1,21.9,0.0
9,1,0,110,80,16110,2,20.2,6.3
30,2,0,108,51,11416,5,32.1,3.1
80,1,0,127,103,8752,1,59.4,4.5
30,2,0,106,43,7245,2,74.2,0.0
79,1,0,137,75,7746,7,59.8,0.0
65,2,0,108,69,9321,1,61.4,0.0
11,1,0,104,63,14570,1,20.7,0.0
50,2,1,135,67,6359,4,11.8,3.7
45,1,0,136,79,12596,1,66.0,3.0
24,1,0,88,52,10480,0,26.4,0.0
44,2,0,121,81,10971,0,50.6,5.9
19,1,0,113,81,10163,0,39.2,4.1
42,2,0,120,81,13202,0,55.0,3.0
80,1,0,145,79,11325,0,63.8,1.3
46,1,0,113,60,11560,3,40.9,0.0
55,1,0,112,44,7790,1,35.6,1.8
59,1,0,128,73,9651,3,39.5,0.0
29,1,0,107,70,18935,0,39.6,1.7
51,1,0,109,74,13985,0,45.3,0.0
16,1,0,102,70,10013,1,44.8,2.9
19,1,0,105,51,12906,1,20.6,3.2
80,1,0,146,101,2744,12,68.1,0.0
14,2,0,122,59,12772,0,40.5,0.0
53,2,0,133,105,9694,3,69.2,0.0
27,2,0,103,70,12171,0,55.3,0.0
23,2,0,129,66,16392,0,56.7,0.0
13,1,0,106,67,16355,0,43.3,0.0
52,2,0,129,75,16173,5,34.7,4.1
11,1,0,106,82,13258,0,32.2,0.0
11,1,0,106,70,13326,0,46.1,5.4
68,1,0,146,78,1077,4,51.7,4.4
51,1,0,132,79,14650,0,58.8,0.0
14,1,0,115,57,6039,0,32.5,0.0
80,1,0,141,95,2251,9,66.3,0.0
30,1,0,104,62,9310,0,48.5,7.5
55,2,0,146,53,8444,0,75.1,0.0
31,1,0,97,69,14209,1,50.1,0.0
27,2,0,115,59,14800,3,24.1,0.0
27,2,0,98,43,15945,0,29.6,4.4
78,1,1,142,77,1286,1,30.9,4.7
12,1,0,116,62,15125,0,25.2,0.0
39,2,1,102,63,15795,4,17.9,6.3
17,2,0,125,83,11589,3,26.9,0.0
43,2,0,99,46,10984,0,43.6,4.9
47,1,1,157,78,11500,3,32.8,3.7
35,2,1,99,52,5924,11,10.3,0.0
56,2,0,123,72,15273,1,34.8,2.6
12,1,0,114,68,12802,1,16.2,0.0
43,2,0,117,62,22093,3,45.7,0.0
22,1,0,91,38,9277,0,36.6,0.0
10,1,0,107,67,19857,0,12.4,3.2
8,1,0,106,65,12271,0,30.5,4.1
46,2,1,135,55,5753,5,28.5,0.0
65,2,0,139,71,15183,1,53.6,3.9
11,1,0,120,61,9982,1,33.9,2.2
12,2,0,102,65,10104,0,20.1,1.7
28,1,0,109,79,16560,0,60.2,0.0
52,2,0,96,49,10086,3,48.5,2.4
47,2,0,125,69,9264,2,40.7,2.6
49,2,0,109,73,5710,0,41.5,3.0
11,1,0,100,71,15714,0,38.6,0.0
74,2,0,142,78,8303,3,55.9,0.0
40,1,0,149,67,4567,0,32.6,2.2
43,2,0,96,66,11942,0,49.6,0.0
70,2,0,130,60,13398,1,48.5,0.0
51,1,0,107,71,7970,0,41.1,1.4
24,2,0,113,62,11666,0,32.9,0.0
14,1,0,138,82,13955,0,57.8,0.0
43,1,0,116,58,13053,0,45.4,3.9
15,1,0,114,64,13922,1,41.1,0.0
61,2,0,108,62,5943,5,31.8,0.0
13,2,0,109,64,9289,0,44.0,0.0
80,2,0,166,105,7190,6,48.3,0.0
30,2,0,122,70,6909,0,31.7,0.0
65,1,0,147,76,10982,1,57.2,0.0
57,1,0,133,80,15171,0,63.8,3.8
72,2,0,133,76,11878,1,60.3,0.0
33,2,0,137,67,9397,3,47.1,0.0
62,1,0,125,77,14695,2,69.9,0.0
60,2,0,99,57,5673,2,48.3,4.1
68,2,0,96,65,9086,0,49.0,0.0
30,2,0,136,61,14718,0,48.5,0.0
66,2,0,127,71,11540,0,56.5,0.0
38,2,0,114,66,12027,3,18.1,0.0
10,2,0,97,67,15234,0,32.2,0.0
9,1,0,100,43,17931,0,38.6,0.0
16,2,0,97,65,17928,0,52.2,0.0
9,2,0,119,56,8860,0,1.2,0.0
78,1,0,159,76,15760,11,52.1,0.0
58,1,0,144,93,10989,0,49.1,0.0
21,1,0,123,81,7671,0,31.8,4.0
76,2,1,143,84,6684,9,33.8,6.3
59,1,1,99,41,11647,4,34.8,4.5
54,1,0,141,87,16941,2,40.6,1.2
20,1,0,105,68,11276,1,27.0,2.6
23,1,0,111,59,12922,0,48.4,0.0
54,1,0,128,79,15336,3,49.8,0.0
57,2,0,121,53,6272,4,39.8,1.4
38,2,0,130,70,16299,0,50.5,0.0
33,1,0,121,67,10988,0,46.7,2.2
78,1,0,146,87,5557,0,87.2,3.3
8,1,0,91,43,13033,0,1.0,0.0
9,2,0,84,38,17960,0,17.8,0.0
69,2,0,123,76,8949,3,50.2,0.0
42,1,0,98,62,10688,1,53.9,0.0
69,1,0,111,56,4279,6,44.0,0.0
12,1,0,111,55,17949,0,39.2,0.0
23,1,0,110,54,7366,6,42.4,0.0
75,2,0,118,78,8278,0,72.7,5.4
75,2,0,145,73,3010,1,69.8,0.0
27,2,0,101,67,12432,0,37.9,4.3
37,2,0,119,52,13110,3,50.1,0.0
17,2,0,114,77,14635,0,58.6,2.5
61,2,0,141,96,6285,6,44.5,0.0
10,1,0,97,48,12284,0,50.1,0.0
10,2,0,115,69,16035,0,46.8,0.0
62,2,0,146,75,10076,1,43.9,0.0
73,2,0,129,76,11637,5,48.4,0.0
52,1,0,98,65,12245,3,39.9,0.0
74,2,0,131,85,3837,3,61.6,4.5
49,1,0,117,71,7170,0,25.8,0.0
24,2,0,100,46,8105,0,44.5,0.0
80,2,1,133,88,7335,6,41.4,3.6
56,1,0,134,83,8767,0,49.0,0.0
80,1,0,135,91,7927,1,60.4,2.8
11,1,0,113,60,11027,1,17.1,3.0
40,2,0,104,55,4019,6,55.8,0.0
27,1,0,100,57,10142,4,21.1,0.0
28,1,0,138,54,8395,0,40.2,0.0
31,2,0,117,77,9072,1,52.2,0.0
30,2,0,113,68,13412,0,52.8,4.1
17,1,0,132,50,10201,0,34.2,2.2
77,2,1,145,70,3188,7,26.8,0.0
31,2,0,115,69,11682,0,51.7,0.0
12,2,0,103,76,11898,2,29.0,0.0
80,2,0,147,74,11484,0,42.8,0.0
29,2,0,139,91,11450,0,68.3,0.0
64,2,0,110,55,12151,1,61.4,0.0
70,1,0,148,75,6202,3,50.4,0.0
47,1,0,115,80,9486,4,40.3,2.9
8,2,0,103,56,12820,1,23.2,0.0
19,1,0,102,68,17003,0,45.2,0.0
53,2,0,112,60,9209,0,50.5,3.3
9,2,0,95,75,9152,0,46.9,0.0
10,2,0,80,56,16422,0,35.1,4.4
40,1,0,118,76,10053,0,63.6,3.9
24,2,0,82,52,5892,4,21.0,2.9
21,1,0,122,81,7341,0,42.3,0.0
21,2,0,98,49,12118,7,26.0,0.0
80,1,0,129,74,3087,4,71.5,3.8
29,1,0,123,69,10045,0,41.3,1.7
47,2,0,130,71,15573,4,42.3,5.1
9,2,0,96,59,12964,0,26.6,0.0
33,1,0,120,72,12987,0,39.5,0.0
75,1,1,143,73,6285,2,36.5,6.4
16,2,0,89,59,14446,0,62.2,0.0
29,1,0,116,75,16071,0,47.3,0.0
55,2,0,113,82,13366,0,24.9,0.0
57,1,0,134,74,10772,0,55.4,2.0
26,2,0,113,57,10520,0,29.6,0.0
49,1,0,145,60,14556,2,35.9,3.3
63,2,0,110,52,10780,2,67.8,0.0
12,1,0,102,58,8245,1,18.4,0.0
60,1,0,119,53,6721,2,54.6,0.0
27,2,0,121,48,165,1,32.5,0.0
27,2,0,112,73,13045,0,43.9,3.6
47,1,0,128,89,4426,0,46.8,3.4
42,1,0,139,76,12215,0,42.9,0.0
52,2,0,127,59,11979,2,46.0,0.0
20,1,0,129,68,12365,0,36.5,0.0
67,2,0,117,62,8544,0,26.9,0.0
53,1,0,113,64,9265,4,73.8,0.0
68,1,0,116,86,7493,0,58.1,0.0
45,2,0,128,66,10577,1,53.3,0.0
55,1,0,134,97,12221,1,55.1,0.0
40,1,0,120,71,9575,1,28.9,0.0
73,2,0,163,68,5115,9,58.3,0.0
12,2,0,92,52,11545,0,20.2,0.0
63,1,0,126,63,8050,1,66.3,4.3
63,2,0,125,84,5669,2,84.0,3.6
74,2,1,123,77,10719,6,48.7,5.3
30,2,0,117,51,15723,0,54.5,0.0
29,2,0,105,51,13709,0,34.7,1.7
47,2,0,94,55,17849,3,81.6,0.0
9,1,0,102,75,16649,0,33.0,0.0
45,2,0,105,69,12115,0,29.3,0.0
29,2,0,105,60,11793,0,25.9,0.0
61,2,1,118,82,5841,3,9.4,0.0
21,2,0,97,53,10490,0,25.6,0.0
74,2,1,112,78,13121,0,29.9,3.7
56,1,0,117,70,14311,0,58.0,3.2
15,2,0,118,49,10547,2,30.8,0.0
51,1,1,149,79,14235,4,28.7,5.6
45,1,0,118,81,14808,0,63.1,0.0
21,1,0,121,90,12305,0,40.1,0.0
15,2,0,111,67,13730,0,34.7,3.9
13,1,0,106,42,14070,0,32.5,1.8
62,2,0,120,69,12341,1,64.5,0.0
12,2,0,115,60,10514,0,33.5,0.0
80,1,1,170,91,8352,2,36.3,0.0
76,1,0,102,55,8653,5,76.1,0.0
24,1,0,118,40,8512,0,19.5,1.1
33,1,0,108,80,8058,3,20.3,1.8
51,2,0,106,92,8949,1,39.4,0.0
32,2,0,115,61,13907,0,72.1,0.0
13,1,0,87,68,8387,0,58.0,0.0
15,2,0,95,53,5614,0,23.4,0.0
22,1,0,131,59,9211,0,54.0,0.0
31,2,0,86,60,16821,0,32.9,0.0
80,2,1,140,68,7507,5,50.4,4.0
67,1,0,145,84,6575,13,40.8,0.0
44,2,0,110,78,11511,0,58.8,0.0
65,2,0,129,74,11376,3,45.0,0.0
76,1,0,128,69,9715,5,52.1,0.0
14,2,0,118,79,18912,0,56.9,0.0
70,2,0,129,68,6680,4,51.7,0.0
13,1,0,125,66,6973,0,53.2,1.5
22,2,0,106,43,13463,4,22.2,0.0
64,2,0,126,59,12516,0,57.0,0.0
38,2,0,114,72,12344,1,32.7,0.0
52,1,0,154,90,7654,2,53.8,0.0
41,2,0,115,76,11773,1,41.1,0.0
37,1,0,105,50,8094,0,55.9,0.0
8,2,0,97,74,11059,2,10.2,0.0
11,1,0,103,67,13204,0,24.6,0.0
18,2,0,90,64,19072,2,26.4,4.3
28,2,0,115,75,14020,0,54.5,0.0
80,1,0,138,67,13820,3,41.3,0.0
8,1,0,106,56,17771,0,56.6,0.0
41,1,0,111,73,19753,1,28.1,0.0
40,2,0,121,57,7884,1,48.5,0.0
11,2,0,97,63,11970,0,51.3,0.0
60,1,0,164,93,6577,2,47.4,0.0
11,1,0,114,32,16521,3,15.6,0.0
15,1,0,107,38,11392,1,31.4,4.7
23,2,0,101,72,12553,0,39.1,0.0
20,1,0,129,73,15109,0,53.1,1.7
37,1,0,123,71,9697,1,48.2,0.0
65,2,0,131,75,4153,1,63.5,4.2
26,1,0,108,69,12132,1,34.3,0.0
29,2,0,125,85,8333,0,46.6,0.0
23,2,0,96,54,9701,0,52.1,0.0
68,2,1,135,72,7312,2,38.7,3.9
13,2,0,111,70,11081,0,14.7,5.7
39,1,0,107,52,6782,2,22.4,0.0
17,1,0,111,81,13265,0,72.9,0.0
39,2,0,113,43,12401,0,25.6,0.0
33,1,0,134,60,15439,0,58.6,6.0
41,1,0,127,70,8357,0,53.8,3.6
76,1,0,149,62,4482,5,52.7,0.0
80,1,0,144,47,6820,5,59.3,0.0
24,2,0,94,45,6907,1,40.6,0.0
28,1,0,110,67,10884,2,42.4,6.6
70,2,0,155,61,7670,0,62.1,0.0
51,1,0,127,69,6666,8,54.3,0.0
15,1,0,117,68,10321,0,24.0,0.0
61,2,0,133,81,10607,4,51.5,3.8
15,1,0,90,60,11532,1,31.1,0.0
67,2,0,127,77,11307,1,69.3,1.9
23,2,0,131,83,10585,3,30.6,0.0
80,2,0,129,56,9620,1,44.8,0.0
22,1,0,105,73,10826,0,36.1,2.7
47,1,0,117,74,9754,0,55.2,0.0
74,1,1,119,83,9036,8,26.6,0.0
36,2,0,116,57,13679,2,24.3,0.0
10,1,0,107,52,15655,0,20.9,2.3
60,1,0,107,64,14159,0,53.3,0.0
66,1,0,115,81,16690,5,20.4,0.0
55,1,1,135,62,9530,1,27.9,3.0
69,2,0,99,62,4938,1,75.3,0.0
43,1,0,118,74,13948,0,66.3,0.0
8,1,0,101,57,13229,0,23.5,0.0
13,1,0,119,72,10274,0,72.4,0.0
31,1,0,114,75,15972,0,53.6,0.0
36,1,0,123,59,14503,1,44.7,0.0
77,2,0,154,97,17575,1,99.4,0.0
72,2,0,106,60,10687,4,36.6,0.0
17,2,0,121,74,11366,0,11.2,3.6
21,2,0,124,64,4863,0,35.5,0.0
19,2,0,111,73,9521,0,34.2,0.0
52,1,0,123,71,8296,1,43.3,0.0
36,2,0,111,50,13367,0,54.5,0.0
46,1,0,142,80,8778,0,67.8,2.9
17,1,0,104,49,8200,0,52.5,0.0
30,2,0,109,53,7973,4,25.3,0.0
16,1,0,96,67,9973,0,21.0,0.0
26,1,0,117,54,8319,3,35.7,4.6
58,2,1,99,64,12892,1,16.2,2.9
17,1,0,123,79,8933,0,45.4,4.2
39,2,0,124,66,12058,0,36.4,0.0
24,1,0,97,66,11290,0,36.7,0.0
20,1,0,118,51,13820,0,42.2,0.0
20,1,0,137,59,17990,0,47.2,0.0
16,1,0,107,61,19346,0,52.6,0.0
13,2,0,79,57,8958,0,44.9,0.0
63,2,0,135,67,18353,0,66.3,3.1
47,1,0,96,62,11631,1,20.3,0.0
16,2,0,107,68,8436,1,40.0,0.0
31,2,0,99,61,14239,0,43.3,4.5
8,2,0,100,69,15712,0,36.9,0.0
61,1,0,118,62,4702,4,41.1,2.6
60,1,0,132,88,13005,2,62.8,0.0
17,1,0,112,63,11767,0,47.8,2.5
31,1,0,135,82,5976,0,70.5,0.0
78,2,0,139,83,7113,2,58.0,0.0
15,1,0,116,68,9572,0,29.7,0.0
66,2,1,153,71,8349,12,56.3,2.1
49,2,0,112,54,7614,1,41.4,3.8
19,1,0,134,66,10078,1,41.7,4.3
17,1,0,114,61,13010,0,45.6,0.0
77,2,1,142,67,12794,8,31.3,4.7
8,2,0,90,50,16477,0,25.5,0.0
43,2,0,122,59,7569,1,55.4,0.0
53,1,0,107,55,13655,1,46.1,0.0
52,2,0,137,85,11927,1,52.5,1.5
66,2,0,111,61,13610,0,63.9,1.2
68,2,0,115,58,7985,0,58.8,0.0
11,2,0,113,52,14207,0,27.4,4.7
23,1,0,101,80,11050,0,78.3,0.0
72,1,0,174,115,10343,0,81.5,0.0
33,2,0,100,55,13651,2,41.3,0.0
25,2,0,105,79,11843,0,76.1,0.0
54,2,0,117,69,10221,0,66.2,0.0
8,2,0,95,64,9010,0,23.3,0.0
35,2,0,121,88,15080,0,55.0,0.0
52,2,0,119,72,8595,1,26.5,3.0
9,2,0,132,94,14332,0,74.4,0.0
43,1,0,122,55,10954,1,49.3,0.0
68,1,0,152,78,9886,2,58.3,3.9
70,1,0,141,75,11694,0,58.0,1.9
13,1,0,107,48,14056,0,52.5,0.0
67,2,1,120,56,11573,10,32.9,5.5
37,2,0,147,75,10594,0,52.5,0.0
21,1,0,143,85,15304,0,69.9,0.0
11,1,0,103,56,13812,0,37.5,0.0
13,1,0,95,52,8493,0,32.1,0.0
11,1,0,115,71,13262,0,50.1,0.0
41,2,0,127,70,13482,0,32.9,0.0
48,2,0,102,48,10921,1,59.2,8.7
34,1,0,118,70,9626,0,60.9,3.0
45,1,0,148,91,12716,5,39.9,0.0
18,2,0,103,48,11918,1,28.0,3.7
80,1,1,130,51,8312,5,28.0,0.0
36,2,0,116,70,10917,0,20.2,0.0
31,2,0,122,63,6228,2,38.7,0.0
15,1,0,101,59,11346,0,30.6,0.0
13,2,0,97,73,11356,3,24.8,0.0
50,2,0,112,65,8600,1,51.9,2.7
55,1,0,109,62,254,0,50.0,0.0
28,2,0,111,52,8316,0,84.7,0.0
37,1,0,110,71,6349,1,50.4,0.0
64,1,0,120,51,5733,7,68.9,0.0
61,1,0,137,80,7673,0,79.1,7.4
26,2,0,115,80,11220,0,39.8,0.0
74,2,0,112,53,9106,4,48.2,0.0
19,1,0,96,58,17480,0,72.8,0.0
71,2,0,121,63,8494,2,56.1,2.5
55,2,1,123,76,8241,11,31.7,5.2
40,1,0,118,88,10233,0,69.9,0.0
71,1,0,126,66,10040,1,72.1,0.0
14,1,0,103,42,15594,1,51.1,2.2
56,2,0,136,78,14055,1,67.6,2.0
10,2,0,114,65,18523,0,55.0,0.0
50,1,0,112,67,5680,0,55.5,5.5
36,2,0,124,63,14862,0,44.0,0.0
19,2,0,116,80,9704,0,50.2,0.0
51,2,0,113,53,8842,1,35.5,4.2
80,2,1,155,63,16906,4,56.5,0.0
52,1,0,118,56,7084,1,35.4,0.0
57,2,0,106,58,10528,2,47.8,4.0
63,1,1,127,57,16798,0,22.0,3.5
80,2,1,137,99,8073,17,36.8,4.2
28,1,0,120,66,16573,0,33.0,5.6
68,1,0,145,93,8033,4,60.9,4.1
17,2,0,114,57,8839,0,38.5,5.1
40,1,0,114,62,4284,0,29.9,2.8
80,1,0,147,78,3742,1,56.3,0.0
80,2,1,149,88,119,7,48.2,5.6
80,2,0,125,62,6640,1,62.2,1.2
55,2,0,144,86,13810,0,73.6,0.0
33,2,0,126,73,13841,0,42.7,2.6
15,2,0,93,53,8217,2,38.5,0.0
72,1,0,119,95,11786,3,32.6,0.0
25,2,0,109,66,12256,0,57.2,0.0
55,2,0,124,60,14069,0,84.9,0.0
19,2,0,131,75,13190,0,46.8,0.0
39,1,0,116,53,10606,0,17.2,0.0
54,2,1,114,47,9404,3,22.9,0.0
19,1,0,101,64,9346,0,61.6,0.0
10,2,0,100,68,11079,0,5.2,3.3
10,1,0,97,52,13645,0,22.0,0.0
66,2,0,109,64,15600,2,67.3,0.0
50,2,0,114,49,12741,5,31.1,0.0
79,2,0,137,72,6614,3,51.6,0.0
37,1,0,145,76,13077,0,44.9,3.4
39,1,0,103,34,9676,3,34.6,1.6
51,1,0,118,86,9882,0,79.8,0.0
56,2,0,105,62,2721,2,53.6,0.0
30,2,0,109,49,11215,0,58.2,0.0
39,1,0,120,69,13748,0,45.2,0.0
17,1,0,101,51,9685,1,10.1,3.1
9,2,0,86,25,10212,0,50.3,5.7
9,1,0,104,46,13322,0,25.6,0.0
60,2,0,117,74,10840,3,33.6,0.0
39,2,0,104,52,9641,8,41.3,0.0
24,2,0,106,53,17327,3,40.0,2.6
51,2,0,124,54,7920,0,56.8,3.4
24,1,0,114,83,12693,0,58.4,1.9
38,1,0,109,67,11414,1,63.1,0.0
45,1,0,112,61,5798,0,46.8,0.0
80,1,0,110,65,9565,6,60.6,0.0
80,2,0,120,68,4347,7,54.8,0.0
61,1,0,144,59,9093,0,64.5,0.0
55,1,0,118,62,13110,0,58.7,2.5
21,2,0,118,71,10245,0,56.6,0.0
64,2,0,165,70,13769,1,58.1,0.0
34,2,0,109,40,18198,0,56.5,0.0
33,2,0,119,70,11778,6,17.9,0.0
67,2,0,123,75,4985,6,61.2,0.0
19,1,0,117,75,12485,0,45.6,0.0
75,2,1,137,56,4855,7,43.9,0.0
79,2,1,136,63,7818,4,49.0,6.8
53,2,0,126,62,11562,0,81.1,0.0
72,1,1,137,55,5232,4,53.3,4.5
12,1,0,109,53,13676,3,9.4,0.0
26,2,0,118,58,8754,2,42.0,0.0
27,2,0,109,74,16264,0,65.1,4.4
13,2,0,111,64,13261,0,50.4,0.0
12,2,0,102,63,15961,3,14.1,0.0
8,1,0,86,56,10399,0,20.7,2.3
42,1,0,124,68,15976,3,30.2,0.0
34,2,1,123,40,8107,0,7.7,4.7
15,1,0,112,67,11467,0,35.2,3.8
50,1,0,110,74,14816,0,71.5,0.0
52,1,0,113,66,11165,6,35.2,0.0
75,2,1,141,88,4625,2,36.4,3.3
70,2,0,122,70,9808,2,61.2,0.0
63,2,0,146,64,9738,3,55.2,0.0
54,1,0,123,64,18347,0,55.4,3.7
13,2,0,118,81,23111,0,21.9,0.0
28,2,0,145,88,6334,0,66.0,0.0
11,2,0,100,76,12143,0,60.0,0.0
56,1,0,100,65,9547,0,55.6,0.0
30,2,0,100,82,9511,2,43.2,1.5
55,2,0,117,65,9187,0,74.3,2.1
64,2,0,115,60,12328,2,54.0,0.0
50,1,0,133,86,12510,4,72.0,0.0
15,1,0,121,89,13700,0,42.3,0.0
61,1,0,146,82,5206,0,46.4,0.0
15,2,0,117,38,7611,0,40.2,0.0
51,1,0,113,75,7006,2,52.7,0.0
18,1,0,109,39,11416,0,58.7,0.0
38,1,0,142,85,12669,0,47.1,2.0
28,2,0,122,69,10548,2,25.0,0.0
39,2,0,122,82,11590,2,66.5,0.0
24,1,0,96,53,11428,1,67.5,3.6
16,1,0,136,71,7465,0,48.7,0.0
30,2,0,113,81,9605,0,54.4,0.0
17,2,0,130,67,10072,0,44.3,3.2
14,1,0,122,67,10606,0,55.5,0.0
28,2,0,93,56,8211,2,22.3,3.9
44,2,0,110,57,5556,0,57.1,5.3
12,2,0,102,75,14996,0,31.8,0.0
62,1,0,125,59,18410,0,71.4,0.0
27,1,0,137,80,16604,0,36.9,3.0
48,2,0,112,72,4570,1,46.1,0.0
66,1,0,136,90,9109,4,57.5,0.0
13,1,0,103,70,14998,0,24.3,0.0
13,1,0,106,77,12872,0,35.5,0.0
16,2,0,119,66,12307,0,64.3,3.5
33,2,0,104,57,8646,1,42.4,0.0
60,2,0,117,71,13771,0,32.2,0.0
47,1,0,112,60,9438,0,49.7,0.0
29,2,0,130,77,5920,1,53.2,0.0
10,1,0,90,38,13109,0,32.8,0.0
13,1,0,103,41,10763,0,32.9,1.6
9,2,0,118,67,9956,0,51.7,0.0
33,2,0,112,82,12879,0,52.0,0.0
74,1,1,163,66,7360,14,21.6,6.3
70,1,0,126,82,10499,3,61.6,0.0
47,2,1,102,74,9973,6,35.2,6.5
50,2,0,120,62,10579,0,52.7,2.9
25,2,0,139,77,11879,0,61.0,0.0
65,2,0,121,52,8688,3,52.4,4.2
78,2,0,107,81,13828,0,66.1,5.6
42,2,0,124,71,12792,2,24.8,2.9
25,1,0,116,64,13622,0,46.9,0.0
26,1,0,118,78,14037,0,66.5,0.0
41,2,0,104,84,2960,0,73.4,0.0
24,2,0,113,58,15927,2,48.6,0.0
21,1,0,100,50,13422,2,30.7,0.0
80,2,1,170,86,9373,9,66.9,0.0
10,2,0,84,51,10764,0,53.9,0.0
61,1,0,133,54,11805,0,65.2,5.9
31,1,0,151,89,5941,2,64.8,0.0
47,1,1,111,61,8039,1,34.4,8.2
44,1,0,130,64,12621,0,61.3,2.9
19,2,0,119,66,12618,0,38.8,0.0
56,2,0,121,70,5957,7,15.6,0.0
68,1,0,124,66,12118,3,27.2,0.0
64,2,1,155,71,17907,6,18.5,0.0
8,2,0,83,43,14564,0,1.3,0.0
26,1,0,135,69,12032,1,46.4,0.0
40,2,0,134,91,8973,0,64.3,0.0
52,2,0,127,63,14493,0,65.2,0.0
52,1,0,116,75,11743,0,47.4,0.0
31,2,0,135,59,6321,0,53.3,3.9
16,1,0,89,66,13445,0,40.9,0.0
21,2,0,107,70,13848,0,64.7,0.0
43,2,0,120,54,5978,0,46.5,4.6
61,2,0,110,73,11274,0,79.0,0.0
40,1,0,115,49,7484,1,40.7,4.3
30,1,0,111,61,15979,2,18.7,0.0
34,1,0,121,68,7984,5,62.6,5.3
48,2,0,109,53,6573,1,46.4,0.0
51,1,1,128,51,2062,2,23.7,1.0
36,2,0,126,81,4778,1,64.7,0.0
15,2,0,115,77,9796,1,60.2,0.0
10,2,0,108,54,12426,0,64.4,0.0
67,2,0,150,65,7915,2,58.8,0.0
44,1,0,118,68,14348,4,41.5,2.6
53,1,0,123,63,13506,1,49.9,0.0
10,1,0,101,51,17731,0,36.5,5.2
34,1,0,103,57,12155,0,11.5,2.9
15,1,0,118,64,16348,0,31.5,0.0
18,1,0,127,71,11734,0,73.5,0.0
80,2,1,159,79,4850,10,47.7,3.8
42,2,1,129,86,7805,8,27.6,5.6
21,2,0,92,75,16952,0,51.5,0.0
46,2,0,148,66,10935,1,34.3,0.0
50,2,1,128,78,9695,13,39.3,7.1
13,1,0,114,72,13997,0,28.2,0.0
80,2,1,152,74,6368,3,45.2,2.1
69,1,0,163,80,10058,2,53.9,0.0
56,2,0,120,71,11725,0,54.5,0.0
48,1,0,137,74,7337,0,77.4,0.0
31,2,0,132,72,6401,1,55.8,0.0
14,1,0,82,61,10415,0,36.7,4.3
69,2,0,127,77,7740,1,53.3,3.2
38,2,0,115,60,12908,1,54.7,0.0
22,2,0,100,73,5675,2,26.0,0.0
10,2,0,95,58,16084,0,26.9,0.0
9,1,1,93,59,9935,3,3.1,5.8
30,2,0,112,69,8112,0,51.2,0.0
80,1,1,165,81,3470,6,35.7,2.4
13,1,0,120,72,13731,1,32.3,4.9
40,2,0,164,85,12339,1,74.3,0.0
41,1,0,129,78,15151,0,39.2,0.0
74,2,0,147,116,9429,0,41.9,0.0
9,2,0,121,79,16579,0,32.7,4.7
45,1,0,109,44,10603,0,79.2,5.1
71,1,0,137,67,7394,1,56.9,0.0
49,2,0,129,69,9187,2,49.3,4.0
29,2,0,113,60,11082,2,49.0,0.0
10,1,0,94,57,11790,0,39.7,0.0
24,2,0,117,56,12603,6,37.7,2.3
59,2,0,130,81,5863,1,30.5,4.4
20,2,0,102,60,7121,0,57.3,0.0
63,2,0,134,80,18769,1,62.9,0.0
17,1,0,113,67,16808,0,26.9,7.0
51,1,0,130,100,14078,2,53.9,0.0
16,1,0,100,59,12510,0,71.0,0.0
19,1,0,104,68,14982,0,55.4,0.0
21,1,0,126,72,7964,0,53.1,0.0
66,1,0,125,76,9556,0,80.8,0.0
36,2,0,109,80,13356,1,59.4,1.2
63,1,0,129,90,12373,1,45.5,3.2
51,1,0,122,71,7282,0,50.0,4.0
14,1,0,97,61,7492,0,64.4,4.0
17,2,0,122,65,15633,0,19.8,0.0
47,1,0,115,63,13865,3,34.8,0.0
23,1,0,126,75,13505,0,58.3,0.0
61,2,0,142,76,10458,2,83.3,6.2
58,1,0,116,76,10094,0,42.5,2.0
41,1,0,132,71,9204,1,51.2,0.0
45,2,0,118,73,12311,4,20.3,0.0
65,1,0,128,60,10178,3,63.8,5.3
74,2,0,144,85,9331,2,55.4,0.0
60,1,0,130,75,4741,5,52.3,0.0
51,2,0,129,77,14938,5,35.0,0.0
79,1,0,112,72,9055,0,58.7,3.1
80,1,0,136,92,5493,3,66.9,3.1
56,2,0,128,79,16416,6,44.4,1.5
15,2,0,101,29,14679,0,64.9,0.0
68,1,1,170,89,11409,5,31.7,0.0
10,1,0,94,68,15955,0,59.7,0.0
24,1,0,122,61,9656,0,45.7,0.0
39,1,0,119,86,12366,0,25.8,0.0
14,1,0,126,71,8933,1,15.5,0.0
14,2,0,119,71,11922,0,67.4,0.0
47,1,0,151,93,13608,2,51.4,0.0
22,1,0,106,51,8805,5,47.2,0.0
11,1,0,128,75,15114,0,44.7,0.0
18,2,0,88,44,5742,3,36.2,0.0
49,1,0,147,82,10040,0,52.8,0.0
70,1,0,105,50,11068,3,67.0,4.9
29,2,0,143,88,12337,0,59.4,2.7
77,1,1,134,93,13319,4,56.6,6.0
39,2,0,109,73,10260,1,55.6,3.5
9,2,0,110,71,19485,0,54.5,0.0
61,2,0,147,73,7636,1,66.1,0.0
14,2,0,89,46,10276,0,59.2,0.0
48,1,0,116,54,12798,0,34.2,0.0
63,2,0,105,77,7272,1,65.6,5.9
59,2,0,128,74,10815,2,55.1,4.4
65,2,0,144,74,2821,4,31.9,0.0
11,1,0,81,59,21096,0,41.6,0.0
23,2,0,102,79,6319,1,39.6,0.0
48,1,0,122,57,7825,0,39.1,0.0
46,1,0,134,72,7890,0,42.4,0.0
42,2,0,108,65,9232,2,35.8,0.0
61,1,0,133,85,10828,0,60.8,0.0
59,2,0,120,57,20408,0,90.1,0.0
16,1,0,125,86,11485,2,14.6,1.2
13,2,0,111,67,14148,1,51.5,0.0
80,2,1,133,74,3001,11,42.1,3.4
65,1,1,148,73,7845,7,42.0,5.9
41,2,1,115,61,15244,4,30.2,5.5
30,2,0,109,68,8496,0,51.5,0.0
70,2,0,128,82,15297,3,65.1,0.0
57,1,0,150,75,10192,1,25.3,0.0
46,1,0,109,76,18075,1,50.0,0.0
18,1,0,121,79,11811,0,49.3,0.0
69,1,0,119,68,8015,2,42.2,0.0
8,1,0,90,69,11352,0,52.8,0.0
39,1,0,99,77,19432,0,85.7,0.0
79,2,0,103,42,14002,3,63.7,0.0
16,1,0,105,50,9255,1,42.4,0.0
15,1,0,104,67,23814,0,69.9,4.9
18,2,0,137,61,12277,0,22.7,6.1
38,1,0,125,70,11304,0,47.5,3.6
14,1,0,119,69,10169,0,39.7,0.0
47,1,0,141,68,11859,1,47.5,0.0
40,2,0,99,48,7392,1,46.8,0.0
56,2,0,125,73,9564,1,71.4,5.1
80,1,1,127,65,13905,4,74.3,5.7
13,1,0,119,71,11172,0,35.7,0.0
15,2,0,125,70,10878,0,79.4,0.0
52,2,0,111,60,15805,0,77.1,0.0
15,1,0,101,58,8782,0,20.2,1.5
14,2,0,97,50,12769,0,65.6,0.0
80,1,1,135,63,4284,7,46.6,4.6
14,1,0,108,63,9306,0,71.6,2.3
23,2,0,120,61,18823,0,45.2,0.0
21,2,0,100,57,12761,0,44.8,0.0
33,1,0,131,69,11588,0,26.8,3.1
23,1,1,143,74,14599,0,4.0,4.6
29,1,0,119,80,18319,0,67.2,0.0
27,2,0,142,73,12659,0,51.9,0.0
58,2,1,110,63,11478,6,21.6,0.0
48,1,0,132,73,6036,0,40.4,0.0
59,2,0,121,82,8232,3,46.4,0.0
59,2,0,137,72,10928,5,50.6,0.0
51,2,0,152,65,16108,3,74.0,0.0
15,2,0,86,53,14358,0,65.3,0.0
47,2,0,117,45,7230,5,46.3,0.0
67,1,0,135,70,9498,1,40.9,0.0
11,2,0,101,43,12097,0,23.0,3.9
80,2,0,144,74,8892,3,62.0,3.4
60,2,0,132,58,15789,10,38.5,0.0
55,2,0,106,67,12257,3,52.9,0.0
64,2,0,125,53,9127,3,62.0,0.0
28,2,0,148,76,7530,3,50.7,4.2
61,2,0,125,60,9285,6,44.2,4.0
24,2,0,117,55,10765,3,21.2,0.0
76,2,1,118,75,9440,1,51.4,6.6
24,1,0,120,76,11865,0,59.2,0.0
15,1,0,115,61,9152,2,63.3,3.2
16,2,0,101,56,9145,0,51.8,0.0
37,1,0,116,76,10457,1,54.3,0.0
73,1,0,165,82,387,1,60.3,0.0
72,1,0,131,58,4842,1,56.0,4.4
21,1,0,136,82,12851,1,14.5,0.0
17,1,0,107,73,14274,1,29.9,2.8
80,2,1,129,62,9722,5,44.0,0.0
11,2,0,97,75,9538,0,34.8,0.0
80,2,1,129,93,8602,11,41.5,1.5
79,2,1,139,63,5833,8,29.2,0.0
69,1,0,137,68,14226,0,49.4,3.2
35,1,0,131,62,12996,2,22.6,0.0
68,2,0,116,64,7997,0,40.9,0.0
64,1,0,119,66,7872,1,63.8,5.4
16,1,0,93,45,16825,1,27.2,2.9
45,1,0,107,78,12608,2,59.1,0.0
14,1,0,109,78,12308,0,48.3,0.0
18,1,0,130,74,9033,0,36.0,2.9
32,2,0,135,75,5643,0,65.0,0.0
10,1,0,108,73,9926,0,51.9,0.0
13,1,0,113,56,12344,1,28.6,0.0
51,1,0,131,83,2874,0,74.3,4.8
57,2,0,133,81,12226,1,47.4,0.0
37,1,0,116,59,9319,0,58.9,0.0
22,2,0,116,65,12834,4,41.3,3.6
38,2,0,109,57,10525,5,35.4,3.7
10,2,0,85,40,15107,0,51.5,0.0
69,1,0,135,79,6796,1,42.1,3.6
62,1,0,105,81,6674,0,74.8,0.0
75,1,0,130,68,10798,0,50.2,0.0
11,2,0,97,63,13024,0,58.2,0.0
34,1,0,121,57,11354,2,39.3,0.0
42,1,0,140,77,4122,0,52.5,0.0
9,2,0,125,68,14965,0,31.8,7.2
14,1,0,141,71,15415,1,11.3,0.0
19,2,0,116,82,19825,1,13.6,0.0
80,1,1,134,89,4326,4,34.0,4.4
55,1,0,120,60,7711,9,45.0,0.0
21,2,0,127,54,19822,2,28.3,5.5
8,1,0,121,77,12777,0,78.3,0.0
69,1,0,143,88,9864,7,61.9,0.0
50,1,0,113,60,16800,1,31.3,0.0
13,1,0,121,79,9550,0,26.2,0.0
69,1,0,135,62,12415,4,31.6,0.0
16,2,0,101,68,13417,0,46.4,0.0
53,2,0,120,52,8164,8,51.5,2.9
8,1,0,89,58,18725,0,36.9,0.0
25,2,0,113,67,13495,0,29.7,2.9
70,2,0,136,71,5530,0,77.6,0.0
52,2,0,122,75,1874,2,30.3,0.0
32,2,0,128,82,14047,0,54.6,0.0
17,2,0,102,86,14807,0,83.8,0.0
16,1,0,122,56,15492,0,39.0,4.0
32,1,0,111,61,12425,3,37.1,3.7
23,1,0,117,65,11694,0,44.3,3.2
65,2,0,121,72,12989,0,69.1,0.0
18,2,0,101,57,9838,0,43.6,0.0
80,2,0,121,78,10539,0,84.8,2.5
52,2,0,125,86,14357,1,42.0,3.9
52,2,0,118,75,9458,0,72.4,0.0
44,2,0,119,56,13286,2,51.6,3.7
9,1,0,97,60,13506,0,21.9,0.0
36,1,0,114,64,14437,0,57.4,2.6
62,2,0,138,75,13267,4,42.1,0.0
39,1,0,120,80,14293,0,55.2,0.0
31,1,0,113,54,3997,3,13.8,0.0
55,2,0,119,60,8672,1,53.0,0.0
10,2,0,110,75,10406,0,11.4,0.0
31,2,0,125,93,11902,0,54.5,0.0
35,2,0,111,70,13490,0,40.5,3.3
11,1,0,120,55,13002,1,7.2,0.0
27,2,0,98,61,18039,0,48.6,0.0
31,2,0,120,59,13648,1,44.2,0.0
18,2,0,109,64,11673,0,29.6,0.0
80,2,1,156,78,11265,7,58.8,5.3
14,2,0,112,54,12102,0,77.4,4.5
37,2,0,127,64,15752,4,34.0,0.0
27,1,0,136,60,10229,1,26.8,1.5
63,1,0,148,75,5326,0,58.1,0.0
63,2,0,139,65,8836,1,35.4,2.7
41,2,0,121,58,12127,0,61.4,0.0
14,1,0,136,60,16394,0,21.9,0.0
37,1,0,97,53,12225,0,57.3,0.0
65,2,0,141,66,8831,1,41.6,0.0
8,2,0,111,65,17365,0,46.7,0.0
57,2,0,115,51,12307,3,70.3,2.1
16,1,0,93,50,10463,0,25.1,1.4
8,1,0,101,58,8204,0,55.6,0.0
43,2,0,118,72,12698,0,38.0,6.2
63,1,0,163,78,8090,4,40.3,0.0
43,1,0,108,58,9651,0,45.7,0.0
13,2,0,115,62,11583,0,33.7,0.0
10,1,0,95,60,15222,0,48.8,0.0
47,2,0,105,42,11768,1,29.6,0.0
42,2,0,122,69,6766,2,42.4,0.0
25,2,0,115,59,10527,0,69.0,6.0
16,1,0,121,48,11799,1,42.7,0.0
80,2,1,149,75,12405,4,36.7,0.0
14,1,0,124,76,13601,0,32.4,0.0
40,2,0,109,69,10790,4,58.7,0.0
60,1,0,135,79,10982,4,62.7,6.6
63,1,0,144,79,15128,1,32.0,2.2
62,2,1,118,52,10218,4,36.7,4.2
25,1,0,110,62,10094,1,44.8,0.0
42,1,1,128,74,11488,8,13.8,5.2
49,1,0,115,71,11387,1,50.5,0.0
28,2,0,99,40,8573,4,41.8,3.0
47,2,0,136,83,7573,1,39.1,0.0
63,2,0,106,48,11791,0,92.4,0.0
57,2,0,103,66,17199,3,71.4,0.0
62,1,0,100,65,7562,1,37.6,0.0
8,2,0,89,57,11345,0,29.5,0.0
22,1,0,133,60,9699,0,56.0,4.4
23,1,0,118,94,12980,0,23.5,0.0
10,2,0,96,46,18541,0,7.0,0.0
10,2,0,98,71,11206,0,53.1,0.0
59,1,0,106,43,7978,1,30.3,1.0
59,1,0,120,63,6870,0,57.3,0.0
64,1,0,161,73,8675,0,44.7,0.0
42,2,0,122,86,15762,0,57.4,0.0
57,1,0,142,89,4568,1,64.5,0.0
18,2,0,105,59,9455,5,30.6,0.0
17,2,0,95,75,12848,1,26.2,0.0
32,2,0,123,64,12298,0,53.1,3.3
26,1,0,124,66,16733,0,47.3,0.0
50,1,0,139,68,12645,0,49.1,0.0
18,1,0,113,78,11939,1,26.0,6.6
18,2,0,87,65,16176,2,48.6,0.0
61,2,1,125,64,6601,8,14.4,0.0
55,2,0,145,86,8048,1,35.9,0.0
13,2,0,95,51,12298,3,35.7,4.2
26,1,0,107,71,11122,0,82.2,5.4
40,1,0,119,47,6688,2,61.9,3.8
67,1,0,147,96,13997,0,46.5,1.9
28,2,0,128,86,9952,0,30.0,4.5
22,2,0,113,63,8320,0,18.2,0.0
67,1,0,117,77,14397,4,62.4,0.0
25,2,0,92,52,12814,0,6.5,0.0
16,1,0,109,64,9072,0,28.5,0.0
8,1,0,81,53,19156,0,8.2,3.1
32,1,0,142,85,9433,0,64.6,0.0
8,2,0,99,59,17065,0,29.0,0.0
19,1,0,113,48,7082,2,38.2,0.0
13,1,0,106,57,17503,0,66.4,2.1
8,2,0,94,50,23645,0,48.1,0.0
45,2,0,104,54,10842,4,51.0,0.0
56,1,0,168,76,12504,1,34.7,2.4
30,2,0,116,46,13782,2,47.1,0.0
35,2,0,147,70,7773,0,35.0,2.9
20,2,0,110,52,10179,0,33.1,3.7
43,2,0,117,66,5656,0,38.8,0.0
62,1,0,130,80,12655,4,27.3,0.0
76,1,0,123,49,5811,2,46.9,0.0
17,1,0,116,75,21184,0,53.5,0.0
46,2,0,130,58,10117,1,53.2,0.0
32,1,0,106,63,11935,0,24.9,3.5
73,1,0,118,56,14638,2,63.4,0.0
63,1,0,118,59,11758,6,45.0,2.1
22,2,0,130,47,9533,0,31.1,0.0
56,2,1,149,78,10488,5,5.9,0.0
40,2,0,105,72,16201,3,48.6,2.2
66,2,0,134,71,6087,3,51.5,3.7
62,2,0,146,74,15494,2,54.4,0.0
33,1,0,113,60,13885,1,52.9,0.0
32,1,0,113,62,9171,0,37.4,3.9
10,2,0,88,70,9634,0,51.0,0.0
30,1,0,106,78,5825,1,43.4,0.0
13,2,0,97,70,13474,0,61.8,3.8
24,2,0,141,54,14568,2,36.6,0.0
63,1,1,111,49,7433,13,26.8,0.0
74,1,0,127,90,9480,6,75.4,0.0
38,1,0,198,102,14321,0,66.9,3.4
80,2,0,116,62,5882,2,70.4,0.0
80,2,1,167,74,868,9,23.4,3.0
39,2,0,103,65,9030,2,44.5,2.9
27,1,0,126,63,9769,0,58.9,0.0
51,2,0,132,91,14557,1,50.9,0.0
16,1,1,103,45,7289,4,13.0,3.7
57,1,0,149,78,14383,0,50.6,0.0
14,1,0,115,47,12351,0,31.4,0.0
20,2,0,125,60,8289,1,25.0,0.0
12,1,0,114,73,17073,0,43.2,0.0
11,1,0,102,74,14265,0,29.5,4.9
14,2,0,104,50,17165,0,42.5,0.0
61,2,0,105,71,4606,1,52.1,0.0
24,2,0,123,92,8313,0,70.9,4.8
39,2,0,95,70,3904,0,50.8,3.5
17,2,0,93,62,12063,0,53.5,0.0
25,1,0,131,67,13738,1,45.1,1.8
14,1,0,134,65,15202,0,36.1,0.0
60,1,0,148,81,5738,0,61.0,1.6
37,2,0,109,52,7762,3,29.9,0.0
75,2,0,121,87,7379,4,71.8,0.0
17,1,0,124,58,11166,0,45.0,0.0
11,2,0,117,68,8501,0,60.6,0.0
37,2,0,104,59,16396,4,31.7,0.0
45,2,0,96,66,7682,0,36.5,0.0
41,2,0,112,62,8851,1,26.4,0.0
66,1,1,134,73,2631,1,30.0,5.1
18,2,0,96,56,21103,0,31.4,4.2
58,2,0,137,99,10647,3,46.6,0.0
31,2,0,113,78,16422,4,21.3,0.0
16,2,0,114,56,16201,0,69.1,0.0
74,2,0,113,55,1938,1,49.0,1.4
31,2,0,100,60,8329,0,57.5,2.7
80,2,0,117,70,13028,2,67.4,3.6
16,1,0,113,55,10515,0,17.5,0.0
22,1,0,110,83,8914,0,41.1,2.1
16,2,0,91,77,14891,0,49.6,0.0
64,1,0,123,67,9719,2,50.4,3.3
10,1,0,129,61,12611,0,36.9,0.0
73,2,0,178,89,7375,5,62.4,0.0
15,2,0,122,87,8585,2,24.6,0.0
16,2,0,106,63,14556,0,49.2,2.2
36,1,0,104,53,14250,1,24.7,0.0
38,2,0,117,85,10274,2,6.0,0.0
62,2,0,128,85,10526,0,56.2,2.6
14,1,0,80,64,12893,0,61.7,0.0
34,2,0,120,77,9762,0,26.4,3.1
12,1,0,104,58,11083,1,45.0,0.0
20,2,0,109,49,9393,0,35.6,2.3
17,1,0,127,54,17274,0,37.1,0.0
58,1,0,113,62,8040,1,39.1,0.0
80,1,1,126,51,6696,7,69.2,4.6
31,1,0,132,54,10540,2,22.3,0.0
61,1,0,150,89,10113,0,51.6,3.0
8,2,0,89,43,15151,0,34.1,0.0
16,2,0,111,64,14847,0,22.3,0.0
8,1,0,90,46,15143,0,27.3,0.0
17,1,0,129,81,8382,0,34.9,0.0
41,2,0,109,59,16218,2,17.6,0.0
14,2,0,109,57,5464,0,54.0,0.0
18,1,0,134,71,13312,0,21.6,0.0
63,2,0,134,84,15733,4,52.4,0.0
41,2,0,138,71,18179,0,35.9,4.3
8,1,0,96,61,18752,0,57.8,0.0
65,1,0,112,56,11690,3,66.2,0.0
10,2,0,87,48,15719,0,31.7,6.4
59,1,0,132,77,10788,1,80.0,0.0
41,1,0,126,82,5449,0,60.2,3.4
63,2,1,116,56,9322,1,31.1,3.6
80,2,1,156,69,7532,14,50.8,0.0
64,1,0,134,77,6304,0,38.2,0.0
69,2,1,139,60,7572,7,28.0,0.0
59,2,0,112,73,6994,1,34.8,5.0
52,2,0,124,57,5732,1,44.4,0.0
57,1,0,123,88,9882,11,44.6,0.0
14,1,0,100,67,10636,0,62.8,0.0
80,1,0,136,87,629,1,52.1,2.8
44,1,0,148,74,7621,1,74.8,0.0
14,1,0,116,69,17443,0,40.5,3.7
62,1,0,119,55,10151,0,66.4,1.1
79,2,1,159,73,3109,6,35.6,0.0
74,2,0,135,69,12501,1,27.0,0.0
10,2,0,86,61,16186,0,5.2,4.0
59,1,0,119,74,8788,0,45.2,0.0
23,1,0,114,48,19278,0,31.2,0.0
80,1,0,180,88,3514,2,51.3,2.8
25,2,0,94,56,17653,0,63.5,0.0
67,1,0,120,89,5857,2,40.4,4.5
47,2,0,143,88,16061,0,62.5,0.0
68,2,0,106,83,11362,2,46.1,2.9
66,1,0,136,87,9481,3,52.1,0.0
39,1,0,107,71,10746,0,63.1,0.0
21,1,0,118,65,8059,0,61.6,6.0
21,2,0,117,60,12723,0,34.2,0.0
66,1,0,145,88,15119,0,53.4,5.0
15,2,0,99,60,15107,0,20.3,2.9
16,1,0,122,75,9049,0,34.8,0.0
24,2,0,111,58,10207,1,24.3,0.0
30,1,0,123,71,10355,0,66.3,2.6
45,1,0,128,56,10557,3,64.4,2.7
38,2,0,105,52,14454,1,36.4,5.6
53,1,0,145,76,9057,0,57.9,0.0
19,1,0,103,39,4384,0,40.4,5.2
52,2,0,120,80,10858,5,52.2,0.0
21,1,0,110,52,12232,1,27.7,3.6
63,2,0,119,80,6055,5,70.8,0.0
18,2,0,138,91,16381,0,54.3,0.0
55,1,0,119,64,15706,0,58.3,2.7
14,1,0,133,76,8050,0,59.3,0.0
80,2,1,126,77,8459,9,39.1,0.0
16,1,0,97,57,12456,1,23.0,0.0
51,2,1,125,66,6414,6,29.5,4.3
54,1,0,138,82,10223,0,29.6,0.0
80,1,1,138,65,4530,1,59.9,6.0
28,1,0,136,78,8161,0,47.1,0.0
42,2,0,112,67,15617,0,76.6,0.0
14,2,0,117,77,13941,3,32.6,0.0
36,1,0,140,79,11699,0,78.0,4.8
15,1,0,115,61,10224,0,39.0,0.0
67,2,1,145,78,8504,2,33.2,1.7
59,2,0,109,79,8021,1,29.7,3.4
24,1,0,112,57,12213,1,49.9,0.0
25,1,0,134,70,11166,3,53.1,0.0
80,2,0,149,68,10769,0,76.6,0.0
16,1,0,102,63,8153,0,26.9,2.0
11,2,0,103,52,13279,0,24.2,0.0
13,1,0,111,70,13365,0,45.2,4.9
11,2,0,105,74,21081,0,47.2,0.0
42,2,0,104,44,13009,1,41.6,0.0
23,1,0,109,66,15832,0,43.0,2.6
41,2,0,123,77,9180,1,41.5,0.0
26,2,0,118,66,5894,0,41.8,0.0
19,1,0,111,64,10351,0,27.7,0.0
52,1,0,130,65,5796,9,45.2,0.0
80,2,0,135,67,11551,5,55.9,0.0
11,2,0,104,51,8086,0,38.4,0.0
24,1,0,124,76,10189,2,42.1,3.1
21,2,0,116,67,5925,1,28.4,0.0
53,2,0,123,44,13312,1,58.7,0.0
52,1,0,155,98,6592,0,68.9,0.0
8,1,0,93,55,15477,0,48.5,0.0
51,2,0,113,65,12353,0,47.6,3.7
39,1,0,110,91,12121,0,75.6,0.0
57,1,0,151,88,18237,1,54.3,5.6
48,2,0,120,79,8338,4,42.4,0.0
65,1,0,121,69,9458,5,74.1,3.2
15,1,0,98,46,19924,0,35.6,0.0
12,1,0,130,69,4354,0,49.4,0.0
26,2,0,138,63,11754,0,24.0,0.0
51,2,0,112,54,10334,5,57.6,3.8
37,2,0,104,62,6235,0,57.2,4.2
14,1,0,107,75,15213,2,63.5,0.0
57,1,0,144,90,9621,0,73.5,0.0
10,2,0,116,76,18276,0,28.1,0.0
19,1,0,108,81,12327,0,27.6,0.0
48,1,0,120,60,14516,0,52.9,0.0
48,1,0,111,63,12334,3,31.0,0.0
39,2,0,133,80,11063,6,25.9,2.1
47,2,0,118,58,12751,0,48.6,5.6
45,2,0,101,68,11534,1,27.2,0.0
11,2,0,107,54,12131,2,33.8,4.8
12,2,0,90,57,8410,0,71.2,0.0
70,2,0,121,94,11963,4,61.1,4.2
21,2,0,90,49,16303,0,38.4,6.1
34,1,0,159,101,11635,0,46.1,0.0
11,2,0,86,58,17268,0,30.3,6.1
51,1,0,114,75,13445,0,36.8,0.0
50,1,1,104,33,6830,7,15.5,0.0
64,2,0,138,69,8171,5,34.6,0.0
23,2,0,122,45,13092,1,30.5,0.0
33,2,0,124,71,7296,0,75.4,0.0
80,2,0,149,86,6846,2,59.7,0.0
17,1,0,121,64,16685,0,30.6,0.0
32,2,0,114,53,8163,0,68.1,0.0
21,2,0,89,55,12955,0,35.5,0.0
60,1,0,154,96,12644,2,65.6,4.2
32,1,0,168,66,9615,0,49.2,0.0
33,1,0,140,69,10003,0,37.3,0.0
60,2,0,117,80,5412,0,55.8,1.3
17,1,0,100,69,8098,0,40.2,0.0
62,1,0,108,56,12158,11,33.5,0.0
50,1,0,112,65,7921,6,30.1,0.0
63,1,0,106,52,10618,0,41.6,0.0
19,2,0,115,78,13197,3,46.9,0.0
71,2,0,134,87,10885,8,67.6,0.0
13,1,0,116,72,13205,0,43.1,0.0
79,1,1,143,85,8439,8,37.3,5.0
26,2,0,110,76,15923,0,52.7,0.0
18,2,0,89,41,12735,0,59.3,3.6
38,1,0,145,65,13183,0,53.7,0.0
12,2,0,104,81,10845,3,21.4,5.6
11,1,0,102,52,7804,3,6.1,0.0
46,1,0,144,81,10905,1,45.0,0.0
16,2,0,122,79,12213,0,40.1,0.0
9,1,0,90,64,13612,0,29.5,0.0
8,1,0,96,38,16002,0,21.9,0.0
80,2,0,142,90,10501,13,63.4,0.0
76,2,0,128,94,20326,1,74.2,0.0
80,2,0,136,82,10094,1,59.6,0.0
65,1,0,153,80,8743,3,44.5,1.0
47,1,0,141,58,15551,3,36.8,2.7
19,2,0,92,46,14400,0,58.3,4.3
72,2,0,115,78,10149,5,61.1,4.7
32,2,0,112,73,10585,1,44.1,0.0
57,1,0,99,55,14046,0,69.6,0.0
58,1,0,124,66,4735,0,62.3,0.0
63,2,0,129,57,10135,5,54.7,4.6
70,1,0,140,90,8448,1,59.4,0.0
78,1,0,136,99,11279,1,77.8,0.0
10,1,0,125,71,15112,0,38.8,0.0
16,2,0,94,42,17139,0,47.1,5.0
74,2,0,129,93,11354,1,30.3,0.0
36,1,0,113,66,13296,3,54.8,0.0
49,2,0,125,94,11195,0,58.7,0.0
62,2,0,120,67,9932,0,37.1,0.0
24,2,0,117,53,5605,0,42.0,0.0
25,2,0,98,84,12785,0,72.5,0.0
25,2,0,100,60,8289,0,53.4,0.0
68,1,0,139,78,7219,1,45.4,3.3
28,1,0,109,80,13886,0,63.7,0.0
31,1,0,118,54,12421,0,51.7,0.0
59,1,0,120,62,14600,0,49.1,4.9
16,2,0,98,53,12220,0,72.9,1.7
8,2,0,103,49,13126,0,17.6,0.0
33,1,0,104,65,8446,0,54.8,2.4
8,1,0,100,40,11502,0,37.6,0.0
51,2,0,122,76,2499,6,26.5,0.0
29,2,0,110,81,16593,0,77.8,0.0
24,1,0,121,72,13627,0,60.2,0.0
9,1,0,102,52,17016,0,43.5,0.0
62,1,0,147,71,4915,1,48.7,0.0
80,1,0,140,90,8217,3,62.8,0.0
54,2,0,132,62,8548,6,59.7,2.3
45,1,0,124,84,12486,0,56.9,0.0
50,2,0,127,60,16285,0,64.6,0.0
49,1,0,120,59,7048,0,56.1,0.0
75,1,0,169,71,13023,6,62.3,1.9
46,1,0,139,84,10098,1,29.9,4.0
65,1,0,112,76,6288,5,34.3,0.0
47,1,0,115,73,8977,0,23.0,0.0
73,2,1,158,71,7749,6,24.3,1.1
36,1,0,153,73,11566,1,50.2,0.0
25,1,0,125,53,15633,0,63.3,0.0
11,2,0,99,64,4474,0,32.1,5.0
9,1,0,98,56,14912,0,58.2,0.0
51,2,0,103,76,11213,1,43.6,0.0
61,2,0,136,78,10073,3,47.5,4.8
49,1,0,119,61,13485,0,53.8,0.0
9,1,0,106,57,16144,0,30.7,0.0
63,1,0,119,67,14794,2,46.4,0.0
49,1,0,143,71,14106,2,53.1,0.0
28,1,0,114,69,16182,1,45.6,0.0
51,2,0,124,76,9208,0,98.3,0.0
24,1,0,128,66,10326,7,55.6,0.0
10,1,0,93,73,18145,0,46.3,4.7
80,2,1,173,99,8584,8,53.2,3.9
41,1,0,121,87,14693,0,81.9,0.0
8,1,0,113,60,15815,0,44.1,0.0
53,1,1,122,62,16965,5,37.5,5.1
18,2,0,101,58,10380,0,50.8,0.0
57,1,0,126,77,11470,0,57.9,2.2
18,1,0,115,65,15010,0,14.2,0.0
47,1,1,92,65,12512,5,1.7,0.0
13,1,0,113,72,15844,0,43.4,0.0
13,1,0,119,72,10297,1,17.2,0.0
28,2,0,133,72,11333,0,58.7,0.0
17,1,0,101,50,6856,0,44.2,3.6
17,2,0,140,73,13734,0,56.1,0.0
31,2,0,105,55,5675,2,25.9,0.0
30,2,0,97,62,12085,0,65.2,0.0
48,1,0,119,80,16198,0,55.6,4.3
14,2,0,104,66,13733,0,18.9,0.0
56,1,0,130,60,4942,3,31.6,0.0
17,1,0,114,54,11614,3,31.7,0.0
16,2,1,99,40,12025,5,11.2,2.2
33,2,0,122,82,12420,0,54.5,0.0
14,1,0,98,80,20488,0,42.0,0.0
67,2,0,131,63,16915,0,69.3,0.0
27,2,0,100,77,16833,0,23.6,4.4
70,1,1,186,87,6476,5,43.6,1.6
51,1,0,136,57,13713,0,39.0,0.0
46,2,0,113,72,7742,1,33.3,0.0
32,1,0,120,80,5188,0,32.6,0.0
60,2,0,136,59,4241,0,57.4,0.0
8,2,0,73,44,19910,0,35.1,0.0
23,1,0,125,96,8878,1,13.0,4.4
24,2,0,114,58,11143,0,40.8,0.0
80,1,0,127,76,6296,3,68.1,1.1
52,1,0,112,77,13160,3,45.8,2.7
19,2,0,128,68,14470,2,49.7,0.0
66,2,0,118,67,15010,1,53.8,0.0
58,2,0,111,46,7508,1,76.4,0.0
54,1,0,128,89,9364,7,44.0,3.0
8,2,0,91,38,14538,0,24.9,0.0
52,2,0,137,72,10264,0,29.2,0.0
68,1,0,132,70,7382,3,56.0,2.5
32,1,0,123,67,10635,2,27.1,0.0
13,1,0,95,38,12591,0,16.9,0.0
30,2,0,110,71,8045,1,64.8,0.0
35,2,0,97,64,19425,0,62.9,3.5
43,2,0,113,74,17712,1,39.5,0.0
80,2,0,128,55,8741,7,65.0,0.0
12,2,0,99,76,9596,0,36.1,1.9
30,1,0,118,69,12736,1,20.7,3.6
12,2,0,88,57,21653,0,41.5,0.0
38,2,0,108,64,7357,0,50.0,0.0
47,1,0,163,70,14967,0,46.2,0.0
41,2,0,113,78,12580,0,46.0,2.1
35,1,0,122,48,4306,2,36.3,0.0
35,1,0,116,53,9089,1,44.9,0.0
80,2,1,135,75,6227,10,42.8,0.0
42,1,1,112,50,11881,5,5.0,5.1
52,2,0,131,53,8105,0,43.1,0.0
27,2,0,106,67,13347,5,22.6,0.0
39,1,0,116,65,11546,0,52.3,0.0
37,2,0,114,62,10781,0,37.5,0.0
13,1,0,104,67,10012,0,8.6,0.0
12,2,0,120,93,7408,0,53.6,0.0
60,1,1,131,54,7865,2,34.4,7.3
52,1,0,99,69,15055,0,37.3,0.0
9,2,0,86,57,10594,0,47.7,0.0
79,2,0,120,84,11195,5,64.7,0.0
50,2,0,111,61,7794,3,36.4,3.5
67,1,0,152,84,10424,0,42.8,0.0
19,1,0,100,60,11496,1,22.0,0.0
13,2,0,117,65,9421,0,43.8,0.0
24,1,0,122,82,15392,0,27.4,6.1
76,2,1,128,60,7180,1,48.5,6.5
71,1,1,129,56,14086,8,41.3,2.1
51,2,0,115,90,20368,3,60.7,0.0
16,1,0,141,95,15106,0,51.6,1.4
8,2,0,87,51,13105,0,42.4,0.0
76,1,0,131,75,14128,2,70.2,0.0
44,2,0,114,84,25909,0,70.4,0.0
80,1,1,124,67,7030,10,38.6,0.0
37,2,0,101,67,8502,5,33.9,0.0
19,2,0,104,45,14111,0,11.4,0.0
23,1,0,101,73,7657,0,82.5,0.0
48,1,1,118,59,13973,4,16.7,4.7
28,2,0,106,52,9119,0,19.1,0.0
63,2,0,119,63,11492,0,86.4,0.0
9,1,0,102,44,8304,0,23.4,0.0
23,1,0,104,64,9428,0,49.6,0.0
62,2,1,138,74,7725,4,22.9,0.0
58,1,0,117,70,7779,0,40.0,0.0
33,1,0,112,77,7409,0,25.4,0.0
9,2,0,109,60,10370,0,36.5,5.0
40,1,0,112,64,14918,1,30.6,5.6
35,1,0,123,55,11746,0,65.1,0.0
71,2,0,113,62,9013,5,45.7,0.0
33,2,0,111,59,18425,2,57.4,0.0
60,2,0,120,70,6498,0,70.4,0.0
12,1,0,98,57,11418,1,14.9,0.0
42,2,0,123,93,20002,0,19.2,0.0
43,2,0,117,78,15437,0,29.4,0.0
40,1,0,133,90,12696,0,33.6,1.3
53,2,1,117,66,17829,3,18.1,5.2
39,1,0,123,56,13295,2,39.9,3.7
49,2,0,103,62,15263,3,48.9,0.0
23,1,0,113,55,15412,0,40.2,0.0
8,1,0,104,35,20612,0,52.6,0.0
52,2,0,120,71,13840,1,35.3,2.9
58,2,0,117,80,11119,0,59.9,0.0
33,2,0,114,86,10198,0,53.4,0.0
11,2,0,96,61,7982,0,48.1,0.0
14,1,0,117,68,21034,0,38.7,0.0
80,2,1,147,81,1832,10,51.1,1.9
20,2,0,136,54,10600,0,32.6,0.0
47,2,0,93,75,9783,0,51.5,0.0
26,2,0,123,61,10034,0,71.2,0.0
66,1,0,150,98,7636,1,68.2,0.0
21,2,0,132,64,13533,0,37.3,4.3
80,2,1,137,80,5674,9,47.6,3.1
39,1,0,134,76,12328,0,50.5,2.0
24,2,0,116,80,15276,0,77.0,0.0
17,2,0,96,66,10256,0,33.0,0.0
65,2,1,120,75,19010,6,36.8,5.5
10,2,0,99,47,15826,0,49.5,5.5
11,1,0,139,64,12687,0,46.8,0.0
12,1,0,99,53,17224,0,31.2,0.0
38,1,1,135,84,11240,0,30.0,7.4
16,2,0,124,74,10540,1,22.7,3.4
62,2,0,94,58,9086,4,32.5,0.0
51,1,0,114,80,13494,3,34.6,0.0
49,2,0,143,59,6320,1,20.0,0.0
55,1,0,140,78,11634,3,55.7,0.0
22,2,0,113,60,16826,0,57.0,0.0
63,1,1,117,49,12043,3,26.0,4.3
11,1,0,118,65,16542,0,15.3,2.3
32,1,0,91,69,12546,0,54.7,0.0
37,2,0,126,59,10853,0,59.3,2.2
80,1,0,144,84,4998,10,54.1,0.0
36,1,1,135,66,9290,9,17.4,5.0
56,2,0,136,102,12642,1,80.1,0.0
9,2,0,83,50,16851,0,28.9,0.0
36,1,0,105,70,5007,2,42.3,0.0
46,1,0,113,59,11690,0,28.6,0.0
36,2,0,117,73,11311,0,19.5,0.0
36,2,0,114,61,20391,0,44.4,0.0
80,1,1,155,74,10018,4,35.6,0.0
31,2,0,123,51,9203,0,31.9,0.0
69,2,0,130,78,11924,0,68.5,5.4
64,2,0,111,63,3721,5,40.6,0.0
69,1,0,132,54,8272,0,46.4,0.0
51,1,0,109,65,20732,5,48.5,0.0
14,1,0,103,69,17842,0,33.2,0.0
59,1,0,143,89,8107,0,45.8,0.0
18,1,0,120,72,7871,0,28.8,2.2
32,1,1,123,86,14915,9,11.9,0.0
23,1,0,114,50,9121,0,15.5,0.0
80,1,1,154,80,10073,8,41.8,6.5
9,2,0,98,56,11144,0,9.1,0.0
57,1,0,120,68,3138,1,46.2,0.0
19,1,0,114,65,10472,0,45.1,0.0
50,2,0,132,72,7005,1,38.0,3.4
80,2,0,134,104,6610,5,62.8,0.0
52,1,0,128,75,13563,1,58.7,0.0
31,1,0,117,57,13539,0,37.7,0.0
44,2,0,133,85,11505,0,33.6,0.0
79,2,1,144,78,9913,1,40.5,3.7
46,1,1,135,71,8718,11,22.1,1.5
38,1,0,95,41,12110,4,50.3,0.0
10,2,0,108,68,15540,0,46.6,0.0
18,1,0,109,86,15540,0,64.3,0.0
32,2,0,102,54,6781,0,56.2,0.0
8,2,0,86,54,25909,0,42.9,0.0
75,1,0,137,71,9503,4,54.1,2.0
50,2,0,121,63,7951,0,54.3,0.0
63,1,0,130,65,9680,5,50.4,0.0
17,2,0,87,64,12468,0,40.9,0.0
48,2,0,123,84,9609,0,46.4,4.5
40,2,0,117,66,9053,2,39.4,0.0
62,1,0,129,77,5768,1,50.0,0.0
15,2,0,111,77,12686,0,71.3,0.0
19,1,0,131,52,15047,2,42.3,4.4
35,2,0,147,85,11678,0,26.7,0.0
30,2,0,126,73,10198,0,47.0,0.0
41,1,0,155,94,5586,0,46.4,1.9
21,2,0,107,70,10148,0,44.2,1.2
80,2,1,136,83,6736,7,36.8,0.0
46,2,1,127,64,6572,10,17.2,4.1
80,1,0,135,87,10528,0,69.3,1.6
15,1,0,120,72,19019,0,45.0,0.0
33,2,0,86,65,14481,4,18.1,0.0
19,1,0,114,60,12921,3,0.7,0.0
10,2,0,102,37,12476,0,57.2,0.0
11,2,0,100,34,16644,0,31.0,1.6
76,1,0,161,75,11625,2,44.9,0.0
58,2,1,118,53,8471,2,24.6,3.8
59,1,0,120,84,5646,1,55.0,0.0
55,2,0,99,65,12249,0,39.1,0.0
48,1,0,100,77,5766,1,51.2,0.0
16,2,0,86,64,6617,0,69.0,0.0
18,1,0,134,63,8629,0,39.0,2.5
11,1,0,108,58,8986,2,14.9,5.1
80,1,0,141,83,9170,0,56.5,2.8
19,2,0,97,32,18811,0,56.3,0.0
8,1,0,103,63,15644,0,18.0,0.0
24,1,0,102,71,9177,0,58.1,0.0
64,2,0,127,75,6726,0,51.0,0.0
23,2,0,121,79,15686,0,59.7,1.9
80,1,1,146,67,9910,0,41.2,0.0
77,1,1,150,78,5430,5,25.5,6.4
11,1,0,131,97,13972,0,44.8,0.0
73,2,0,125,69,8292,5,54.6,0.0
59,1,0,128,82,4003,2,32.8,0.0
13,1,0,101,48,15058,0,6.8,0.0
10,1,0,118,73,16714,1,12.1,0.0
20,1,0,94,36,13714,1,36.6,0.0
59,2,0,108,59,13008,5,45.9,0.0
31,2,0,82,66,17995,0,36.5,0.0
30,2,0,103,47,14719,1,53.5,0.0
80,1,1,116,59,12964,8,40.7,0.0
40,2,0,112,44,11027,1,17.3,0.0
30,2,0,120,56,8977,0,71.6,2.3
66,2,1,129,77,11581,17,16.5,8.5
21,2,0,115,83,10237,0,42.4,0.0
8,1,0,118,50,9501,0,9.9,0.0
9,2,0,117,79,12195,0,40.3,0.0
48,1,0,127,65,7412,1,28.7,0.0
39,2,1,117,73,10919,3,17.6,3.7
46,1,0,131,86,13761,0,71.2,0.0
60,1,0,122,72,9237,0,74.2,4.4
42,2,0,107,66,11007,0,88.4,0.0
64,2,0,100,49,11505,0,66.9,0.0
80,1,1,144,75,11475,13,42.7,0.0
49,2,0,112,62,8276,3,43.8,0.0
17,1,0,118,67,18787,0,52.3,0.0
24,1,0,104,44,7323,0,54.9,0.0
36,2,0,121,59,9173,1,62.3,4.2
54,2,1,136,45,5834,5,17.1,0.0
17,1,0,107,72,11231,0,29.9,0.0
18,1,0,104,55,12656,0,57.0,5.4
56,1,0,114,59,11495,1,64.4,0.0
18,2,0,111,68,12540,5,5.3,0.0
49,2,0,93,54,14723,0,42.9,0.0
33,2,0,109,80,7626,1,51.4,0.0
24,1,0,123,70,15653,1,41.0,0.0
11,1,0,114,55,12348,2,42.0,4.1
8,2,0,95,60,16145,0,7.6,0.0
66,1,0,136,91,8766,0,43.7,5.6
58,1,0,113,91,8966,0,56.3,0.0
77,1,1,141,87,13431,6,31.9,3.0
33,1,0,125,53,2828,0,26.6,5.8
22,2,0,118,69,11855,0,38.2,0.0
17,2,1,117,76,13875,2,8.8,5.7
21,1,0,111,56,18243,0,66.2,0.0
12,1,0,113,72,15132,0,46.4,0.0
50,2,0,133,101,14075,0,55.9,0.0
16,2,0,87,59,12863,0,41.1,0.0
14,1,0,117,46,7209,1,7.3,0.0
53,2,0,126,69,7707,3,55.1,3.9
13,1,0,111,43,14464,0,38.4,0.0
39,1,0,117,79,9431,0,24.2,0.0
37,2,0,92,43,7164,0,30.7,0.0
69,1,0,121,71,9912,4,61.6,0.0
31,2,0,127,68,12540,0,38.0,0.0
62,2,0,126,88,16517,0,48.1,0.0
28,2,0,101,60,16285,0,28.2,0.0
16,1,0,98,73,6861,6,45.1,2.8
9,1,0,87,57,10790,0,35.7,0.0
80,1,1,145,81,8973,9,52.6,1.5
38,1,0,116,72,12807,0,54.2,0.0
20,2,0,113,76,9522,0,43.8,0.0
30,2,0,97,53,14710,0,22.0,0.0
13,2,0,117,78,10005,1,7.8,0.0
14,1,0,88,65,15899,1,9.6,0.0
20,2,0,98,71,18084,0,38.7,0.0
23,2,0,106,58,10040,0,39.8,0.0
34,2,0,109,60,9803,0,52.5,0.0
57,1,1,111,50,8276,7,7.4,0.0
55,1,1,121,55,11437,9,35.9,2.6
79,1,1,118,71,7405,11,51.2,4.5
46,2,0,118,83,16275,1,44.0,0.0
9,1,0,95,75,16870,1,15.9,3.5
28,2,0,124,55,7903,3,56.6,0.0
73,2,1,121,64,9890,8,35.4,0.0
45,2,0,99,55,7203,4,43.4,3.2
28,2,0,106,49,4103,3,47.6,0.0
70,1,0,139,84,3469,0,71.4,0.0
25,1,0,110,72,10627,0,27.7,0.0
54,1,0,102,67,7300,1,40.5,5.4
65,2,1,113,64,7998,14,44.9,3.4
62,1,0,117,49,12093,4,52.5,0.0
11,1,0,104,75,17010,0,39.0,0.0
8,2,0,91,68,15575,0,35.4,0.0
46,2,0,117,69,8110,0,58.1,4.4
77,1,0,120,76,382,0,82.1,2.1
21,1,0,126,62,10679,0,22.0,0.0
27,1,0,124,75,8114,0,33.1,4.1
15,1,0,133,66,8417,0,47.1,0.0
57,2,0,101,37,11586,0,87.9,0.0
61,2,1,117,65,6482,4,32.2,3.1
72,1,0,120,79,4265,1,73.6,2.4
34,1,0,105,63,12612,0,59.5,0.0
78,2,1,120,54,10007,3,31.6,4.4
74,1,0,138,66,8503,1,61.6,0.0
15,1,0,91,61,15706,0,46.9,0.0
59,2,0,151,77,9077,1,31.5,0.0
33,2,1,111,34,12265,3,15.5,0.0
60,1,0,151,72,10041,0,36.0,0.0
70,1,0,129,83,4370,4,43.1,0.0
39,1,0,119,65,9370,1,39.9,0.0
25,1,0,109,72,13735,0,39.0,0.0
31,1,0,128,83,10920,0,32.3,0.0
31,2,0,134,62,16911,0,55.5,0.0
11,2,0,119,63,11743,1,52.7,2.4
16,2,0,115,63,18255,0,46.4,0.0
27,1,0,129,75,10659,1,40.0,3.6
8,1,0,100,57,17965,0,32.7,0.0
10,2,0,98,45,12836,0,24.6,2.8
22,2,0,105,69,15039,0,52.4,0.0
68,2,0,169,90,9321,0,84.0,0.0
63,1,0,163,85,8918,0,56.7,2.3
62,1,0,154,90,6646,0,40.9,4.8
13,1,0,107,57,17585,0,34.5,0.0
11,2,0,120,62,11158,0,23.9,0.0
20,1,0,120,70,11310,0,44.8,0.0
18,2,0,80,69,14421,0,32.0,0.0
80,1,0,129,76,13114,8,59.9,0.0
39,1,1,143,71,15264,9,15.3,3.8
76,1,1,135,87,7549,9,27.4,3.8
28,2,0,95,56,9033,0,87.3,0.0
18,2,0,135,69,12321,0,53.7,0.0
60,2,0,124,79,11673,0,71.1,2.1
14,1,0,149,63,12538,1,24.3,0.0
15,2,0,109,50,10455,0,13.4,0.0
54,2,0,123,69,5632,2,42.3,0.0
49,1,0,135,62,10601,0,54.4,5.2
21,2,0,95,65,14742,0,36.4,0.0
30,1,0,147,67,8981,0,50.6,2.1
69,1,0,158,85,10397,2,44.5,3.3
47,1,0,142,80,10902,0,61.3,3.4
70,2,0,120,68,9727,7,68.2,0.0
10,1,0,118,64,19727,0,20.7,0.0
17,2,0,91,66,6079,0,27.4,0.0
43,2,0,135,73,7332,3,38.2,3.1
22,2,0,98,49,12461,0,48.6,0.0
13,1,0,111,58,15384,0,48.9,0.0
21,1,0,109,56,9928,0,37.8,0.0
47,2,0,147,78,5500,0,54.5,0.0
28,1,0,108,60,7637,0,62.0,0.0
60,2,0,135,67,10274,3,32.8,2.0
58,2,0,124,75,12509,0,36.8,0.0
34,1,0,114,73,7151,0,48.3,0.0
44,2,0,106,91,9898,0,54.2,1.7
20,1,0,135,65,12254,0,45.4,0.0
14,1,0,116,70,14349,1,8.2,2.8
42,1,0,111,63,9351,0,20.0,0.0
80,1,1,109,53,3008,5,64.1,7.1
79,1,1,175,81,5823,3,30.7,4.0
80,1,0,118,65,8570,6,59.6,2.5
54,2,0,99,58,10119,2,62.2,0.0
49,1,0,153,100,10331,3,47.4,5.0
57,1,0,145,70,9452,0,68.0,5.8
43,2,0,138,67,13408,4,53.4,0.0
19,1,0,90,33,19512,0,41.9,0.0
41,2,0,118,71,7608,2,51.4,0.0
40,2,0,100,53,12261,2,75.7,0.0
45,1,0,147,75,9808,1,28.5,0.0
29,2,0,102,44,5052,3,44.1,0.0
80,1,0,136,78,15215,7,70.0,0.0
31,2,0,99,73,13384,0,44.2,0.0
14,2,0,103,61,10465,0,29.7,0.0
56,1,0,132,62,14856,0,47.2,0.0
9,2,0,94,65,19817,0,39.8,0.0
51,2,0,114,67,7901,0,52.9,0.0
38,2,0,105,75,11913,3,31.7,0.0
66,2,0,127,80,10653,2,69.5,0.0
12,1,0,115,54,16781,0,46.2,0.0
16,1,0,130,71,7614,0,53.9,0.0
75,2,0,122,76,3529,2,50.6,0.0
63,2,0,127,68,6402,0,64.2,0.0
74,2,1,110,61,4810,4,35.7,0.0
66,2,1,107,62,12442,10,24.0,0.0
65,1,0,107,57,3803,1,70.2,0.0
45,2,0,98,64,10590,1,38.4,0.0
52,2,0,138,78,10484,2,34.8,0.0
8,1,0,114,79,13060,0,39.0,0.0
50,1,0,117,73,12242,2,52.0,0.0
80,1,1,140,78,5752,6,32.9,6.0
51,1,1,145,77,7176,7,1.5,6.5
14,1,0,114,55,8188,2,38.2,0.0
11,1,0,113,74,7259,0,38.5,4.1
48,2,0,130,70,8012,1,37.8,2.4
9,1,0,111,63,13502,0,37.2,0.0
41,1,0,130,73,10790,0,65.5,0.0
30,1,0,115,70,6369,6,43.8,1.5
16,2,0,105,70,12387,0,51.4,0.0
64,2,1,99,62,1766,17,20.7,4.2
60,1,0,130,91,16041,1,49.5,4.8
10,1,0,111,67,11186,0,5.5,4.3
10,1,0,101,57,13644,0,36.3,2.5
54,2,0,104,62,16008,3,36.0,4.3
13,2,0,109,43,15844,1,48.9,3.3
14,1,0,96,73,17393,0,38.7,0.0
58,2,0,118,74,16895,1,57.2,0.0
10,1,0,119,65,11459,0,45.8,0.0
31,1,0,143,70,6914,0,44.6,0.0
65,1,0,126,81,5123,0,54.8,0.0
53,2,1,117,51,5607,0,22.6,3.4
60,2,0,123,60,13789,0,44.4,0.0
54,1,0,118,62,9959,4,40.3,2.3
23,2,0,137,80,8600,0,42.8,0.0
74,1,0,118,74,17455,2,49.8,0.0
19,1,0,117,75,15951,0,28.6,0.0
31,2,0,116,65,11781,1,31.3,2.5
34,1,0,135,61,17701,0,37.8,0.0
65,1,0,136,103,14028,0,39.3,0.0
48,1,0,123,62,17603,2,67.0,0.0
18,1,0,123,66,14660,3,22.7,3.6
53,2,0,117,61,7985,0,33.9,0.0
21,2,0,111,67,18064,0,39.5,0.0
68,2,0,145,78,8792,8,50.4,0.0
64,1,0,142,76,11028,3,48.6,0.0
72,1,0,123,81,12052,3,61.6,6.9
58,2,0,111,65,10967,2,36.5,4.5
23,1,0,92,67,11911,0,41.7,0.0
67,2,0,132,60,11618,0,40.4,0.0
31,1,0,105,73,14183,0,36.2,0.0
26,1,0,129,77,17580,0,51.2,0.0
26,1,0,116,60,15799,4,52.6,0.0
60,2,0,113,68,12180,1,32.1,3.2
9,1,0,106,46,13300,0,41.0,0.0
19,1,0,119,52,8540,4,25.9,0.0
22,1,0,89,38,11948,0,45.1,3.0
54,1,0,112,88,5089,0,33.1,0.0
50,2,1,124,68,10216,5,22.6,0.0
61,2,0,107,81,7417,4,50.1,0.0
70,2,1,129,76,2385,4,19.7,0.0
51,1,0,113,73,14406,5,31.6,0.0
54,1,0,115,85,6419,1,60.7,0.0
56,2,0,116,75,13878,1,47.1,0.0
16,1,0,109,58,11627,0,42.3,5.5
78,2,0,160,74,5664,2,58.3,1.7
31,1,0,101,49,15034,3,42.1,0.0
20,1,0,95,62,11978,0,56.4,4.2
58,1,0,135,76,15645,1,42.6,0.0
11,2,0,109,59,15680,0,58.6,0.0
15,1,0,123,74,9136,0,61.8,0.0
15,1,0,107,76,13704,0,38.8,0.0
44,1,0,139,84,9238,1,35.5,5.0
80,2,0,120,59,9011,2,58.8,0.0
11,2,0,98,44,12332,0,40.4,0.0
60,1,0,140,70,6672,0,77.8,0.0
20,1,0,114,50,7704,1,24.7,3.1
40,1,0,131,60,9237,1,61.0,0.0
23,1,0,135,99,12464,0,23.6,0.0
42,2,0,129,70,12086,0,29.7,6.1
17,1,0,102,61,10206,0,31.5,0.0
13,1,0,90,45,14575,0,48.7,5.5
21,1,0,97,36,9894,0,40.7,0.0
70,1,0,142,67,4995,1,59.2,0.0
17,1,0,112,57,12394,0,67.5,0.0
43,1,0,99,54,12922,4,19.7,0.0
13,2,0,108,67,21717,0,41.1,0.0
28,1,0,104,71,10564,0,59.5,0.0
63,2,0,127,68,5606,0,62.4,0.0
53,1,0,120,70,13925,1,57.8,0.0
9,2,0,115,67,21771,0,29.1,0.0
31,1,0,100,62,12085,0,62.1,4.9
16,1,0,110,72,11342,0,49.6,5.0
28,2,0,97,59,9582,2,29.3,0.0
79,2,0,147,87,7831,0,87.6,0.0
12,1,0,112,67,15008,0,40.1,0.0
13,2,0,97,57,15789,0,54.4,0.0
9,1,0,83,45,16655,0,44.1,0.0
16,1,0,92,49,15763,0,11.8,0.0
59,2,0,144,73,9203,0,80.2,0.0
52,2,0,110,85,5027,2,48.7,0.0
73,1,0,163,80,4851,3,33.2,0.0
66,1,0,143,62,4711,0,76.6,0.0
34,2,0,126,78,6929,1,60.3,4.7
18,2,0,100,55,17551,0,34.4,0.0
80,1,1,132,77,12536,4,51.5,3.9
80,2,0,134,71,6502,0,55.4,2.8
52,1,0,123,54,11096,0,65.3,3.6
14,2,0,95,34,13804,0,47.3,3.0
17,2,0,70,37,7228,0,27.8,0.0
45,2,0,125,70,15270,1,33.2,0.0
66,1,1,126,64,9907,6,11.4,7.1
27,2,0,114,83,9672,0,72.4,4.2
21,2,0,92,72,8243,4,46.1,0.0
11,2,0,112,72,11427,0,25.8,0.0
22,2,0,101,63,10694,0,41.1,3.0
22,2,0,116,68,10041,1,21.6,2.4
30,2,0,142,69,11240,0,61.5,0.0
73,2,0,124,82,7223,10,49.1,0.0
33,2,0,150,91,13853,3,22.4,0.0
14,2,0,86,52,13799,0,34.3,0.0
16,2,0,111,57,12640,0,43.4,4.6
13,1,0,129,68,7904,0,23.7,0.0
27,1,0,117,71,6545,0,49.9,0.0
60,1,0,116,80,6445,4,36.4,0.0
63,1,0,92,53,15192,1,67.0,0.0
22,1,0,128,79,12910,0,52.3,0.0
61,2,0,149,62,12478,1,60.1,0.0
9,1,0,100,69,13625,0,39.3,0.0
14,1,0,111,59,11349,0,44.5,0.0
54,2,0,132,77,10184,10,35.3,0.0
64,2,0,130,85,5556,9,49.7,2.9
56,1,0,100,52,12863,2,55.2,0.0
63,2,0,133,81,12383,3,47.8,0.0
9,2,0,102,43,19476,0,42.8,0.0
30,1,0,134,74,7070,0,52.6,0.0
19,1,0,124,54,13765,0,38.7,0.0
30,2,0,99,38,14194,0,18.3,0.0
13,1,0,91,36,9834,1,6.5,0.0
76,2,1,132,75,11809,2,43.8,4.3
76,2,0,146,48,14823,2,51.8,0.0
31,2,0,111,48,17157,4,40.1,6.4
11,2,0,102,61,7946,0,67.8,3.3
31,2,0,109,75,10494,0,25.6,0.0
14,2,0,136,62,18063,0,56.9,0.0
8,1,0,84,56,20826,0,24.0,0.0
39,1,0,128,90,20740,0,32.8,0.0
78,2,1,131,62,8380,7,36.5,5.7
65,2,0,139,53,10271,3,51.1,0.0
51,1,0,131,71,7188,5,34.2,0.0
35,2,0,122,68,14756,4,44.7,0.0
13,1,0,113,82,11139,1,9.2,3.6
16,1,0,127,95,10125,0,22.8,0.0
61,1,0,142,83,12741,0,42.2,0.0
58,2,0,153,89,5770,2,61.5,0.0
56,2,0,120,66,9311,0,33.7,0.0
40,1,0,130,78,9222,0,53.1,0.0
64,1,0,126,60,8973,0,44.6,0.0
31,2,0,122,81,11045,1,24.8,0.0
32,1,0,93,50,13885,0,25.0,0.0
8,2,0,93,52,14513,0,35.3,0.0
54,2,0,138,74,14226,5,52.2,0.0
32,2,0,107,63,9171,0,68.5,0.0
55,1,0,114,74,13837,0,61.8,0.0
11,2,0,103,71,20631,0,22.3,0.0
61,1,0,128,76,8365,1,39.9,0.0
79,1,0,137,79,13133,0,64.6,0.0
73,2,0,113,55,10662,0,57.1,2.1
25,1,0,101,78,16138,0,25.3,0.0
27,2,0,101,68,13270,1,15.9,0.0
13,2,0,110,65,11523,0,62.8,0.0
23,1,0,106,43,7766,3,49.3,0.0
27,1,0,121,70,7490,0,27.3,0.0
10,1,0,103,69,19243,0,56.8,0.0
22,2,0,120,57,9846,1,61.0,0.0
8,1,0,89,56,13638,0,19.2,0.0
76,1,0,143,67,7112,4,75.0,0.0
42,1,0,118,66,10517,0,44.7,0.0
17,1,0,118,50,15767,0,67.6,0.0
80,2,0,156,85,8873,2,65.0,0.0
23,2,0,92,68,13174,0,26.4,4.0
12,2,0,92,49,19032,0,47.0,0.0
57,2,0,126,64,16396,4,63.4,0.0
53,1,0,128,84,12486,3,22.7,0.0
20,2,0,107,69,10609,0,32.4,0.0
57,1,1,144,70,19992,7,25.2,0.0
39,1,0,133,69,10958,0,51.7,0.0
49,1,0,118,83,20337,0,27.3,0.0
30,2,0,123,57,13573,4,23.9,2.7
66,2,0,120,61,10606,0,55.1,3.9
8,2,0,86,66,21818,0,30.5,0.0
63,2,0,143,71,11807,0,61.7,0.0
26,2,0,101,68,16936,0,58.6,0.0
61,1,0,118,92,11616,1,59.7,0.0
80,2,1,113,74,6412,3,31.5,0.0
11,2,0,108,81,12760,0,33.4,0.0
33,2,0,91,56,12356,4,53.6,4.5
51,2,0,101,62,11873,0,56.6,4.9
11,2,0,92,67,13458,1,34.4,0.0
27,2,0,96,63,6816,0,51.3,0.0
11,2,0,109,73,9467,0,27.1,0.0
80,2,1,132,70,9126,11,19.6,3.3
43,1,0,127,73,14378,0,54.1,0.0
16,1,0,107,83,7432,1,54.1,0.0
80,2,1,130,59,7330,5,51.1,5.7
68,1,0,120,48,13593,6,49.7,0.0
24,2,0,120,80,13222,1,23.2,0.0
61,1,1,127,60,4968,5,35.4,1.7
11,1,0,97,58,14068,0,51.6,1.2
48,1,0,129,59,6961,2,42.6,0.0
57,2,0,110,53,10590,0,53.8,0.0
25,1,1,138,60,11094,3,19.4,4.0
39,2,0,135,81,12596,0,27.0,2.4
45,2,1,104,69,8682,8,18.9,3.7
41,1,0,125,81,12071,8,40.9,0.0
19,2,0,114,65,9721,0,32.4,0.0
72,1,0,130,99,12878,2,70.3,1.4
12,1,0,113,67,15777,0,55.6,2.1
58,2,0,127,77,16000,5,25.8,0.0
35,1,0,125,81,7558,0,34.5,3.3
40,2,0,115,66,15310,0,57.2,0.0
28,2,0,136,74,12176,0,46.7,0.0
61,2,1,141,66,4065,4,29.4,4.7
72,1,0,118,56,6601,2,65.7,0.0
16,1,0,104,79,13167,0,27.7,0.0
11,1,0,93,62,15197,0,60.6,2.7
38,1,0,109,65,10331,0,38.9,0.0
27,1,0,114,60,10748,0,57.2,3.7
24,1,0,115,67,10157,0,45.0,0.0
80,1,1,145,85,9895,6,48.6,1.1
16,1,0,102,76,13148,0,69.6,0.0
43,1,0,107,75,11728,3,66.1,0.0
61,1,1,121,55,6234,2,24.4,0.0
62,2,0,139,73,12119,0,69.2,0.0
47,2,0,110,70,11895,1,47.0,2.7
53,1,0,132,67,5698,2,55.6,3.0
47,1,0,119,61,14185,1,42.5,4.7
54,1,0,124,65,10355,3,44.4,0.0
29,2,0,97,42,13172,0,51.5,0.0
20,1,0,124,71,7457,0,35.6,0.0
29,2,0,93,51,9593,5,63.3,0.0
25,2,0,124,82,11905,1,54.7,0.0
64,1,0,158,71,8778,8,51.8,0.0
14,1,0,111,67,13796,0,46.2,0.0
41,2,0,121,65,14749,0,68.6,0.0
72,2,0,132,71,9991,1,54.3,0.0
38,2,0,92,54,5539,1,35.1,0.0
25,2,0,109,72,17879,0,66.2,0.0
12,2,0,94,47,9725,1,26.8,0.0
11,1,0,107,51,14023,0,34.3,0.0
12,1,0,109,66,10057,1,33.5,0.0
31,2,0,119,68,14465,0,28.8,0.0
66,1,0,115,68,5587,1,42.4,0.0
54,2,0,120,71,5608,0,66.5,0.0
39,1,0,93,54,3991,0,33.4,3.6
10,2,0,117,66,12729,0,68.3,0.0
21,2,0,125,74,18493,0,38.9,0.0
32,2,0,124,79,12920,1,30.9,0.0
61,2,0,113,72,7831,0,76.8,0.0
8,1,0,107,63,20379,0,37.6,2.9
38,1,0,120,70,9072,3,35.9,0.0
14,1,0,134,73,15905,0,44.8,6.5
35,1,0,106,87,7960,0,47.3,0.0
37,2,0,97,64,11335,1,48.6,0.0
31,2,0,108,44,9505,1,59.2,0.0
71,1,0,108,82,8196,0,44.1,0.0
50,1,0,115,83,5687,0,67.7,1.8
42,1,0,114,56,6720,2,46.2,0.0
41,2,0,111,57,5983,0,43.6,0.0
11,2,0,96,81,7349,1,30.7,0.0
40,1,0,128,47,17478,1,52.5,0.0
58,2,0,122,59,9370,1,49.2,2.2
54,1,0,134,67,12473,1,50.3,0.0
39,2,1,113,67,8016,1,15.7,3.8
14,2,0,115,69,19640,0,56.0,0.0
47,2,0,121,69,12478,1,28.6,0.0
80,1,0,160,90,10667,5,62.4,0.0
45,1,0,141,71,10894,1,39.9,0.0
18,2,0,97,75,12671,0,36.7,4.7
9,1,0,79,49,14066,0,28.9,1.3
12,2,0,100,54,15381,0,9.9,0.0
16,1,0,109,59,13368,2,13.1,0.0
38,2,0,157,65,14605,3,49.6,0.0
79,1,0,162,81,14026,0,50.6,0.0
50,1,0,143,94,9080,0,29.4,0.0
57,2,0,113,74,16079,0,41.7,2.9
10,1,0,110,78,12927,0,23.4,0.0
12,2,0,111,59,15902,0,44.1,3.0
30,2,0,137,76,11486,0,50.3,2.1
28,1,0,114,83,10668,0,35.9,0.0
54,2,0,120,67,15262,4,38.8,4.0
56,1,0,136,82,14244,2,53.2,0.0
19,2,0,109,79,16806,0,44.1,0.0
62,1,0,145,80,7907,2,66.0,0.0
30,1,0,125,62,5774,3,29.9,0.0
32,2,0,165,58,14231,2,33.4,5.2
74,2,0,146,81,8522,1,71.8,2.5
12,2,0,88,56,10205,0,31.3,0.0
18,1,0,105,67,14031,0,42.9,0.0
15,1,0,91,53,10595,1,17.7,0.0
48,1,0,124,79,11184,0,51.0,0.0
39,1,0,134,77,9005,0,60.4,0.0
12,1,0,97,58,16961,1,7.3,0.0
10,2,0,99,48,15244,0,18.1,3.5
23,1,0,122,75,7519,6,24.3,2.8
53,1,0,125,80,11350,0,63.8,0.0
12,2,0,94,55,8077,0,35.1,0.0
52,1,0,110,93,3580,0,56.9,0.0
55,2,0,104,71,12491,0,57.7,0.0
15,1,0,113,68,9355,3,31.7,0.0
11,1,0,114,80,14678,0,24.3,0.0
64,2,0,135,84,6290,2,55.0,0.0
31,2,0,159,84,12050,1,42.5,0.0
48,2,0,100,57,11844,0,55.5,0.0
50,1,0,116,50,9469,5,35.3,0.0
60,2,0,111,54,14755,0,50.8,0.0
62,2,0,103,67,3554,4,37.2,2.7
53,1,0,129,78,7920,0,83.8,2.1
58,1,0,136,85,9647,0,90.4,0.0
38,2,0,107,66,7322,5,40.8,0.0
39,1,1,146,80,15643,3,30.6,5.0
36,2,0,127,59,2974,1,14.7,0.0
15,1,0,124,72,14196,1,8.8,0.0
9,2,0,95,68,10960,0,67.7,0.0
58,1,0,126,70,7374,0,40.2,0.0
17,2,0,105,77,16235,0,50.8,0.0
13,1,0,100,56,10955,0,46.1,1.7
43,2,0,120,65,15890,2,45.9,0.0
32,2,0,99,63,14617,0,16.9,4.2
50,1,0,117,76,11131,1,48.3,0.0
28,2,0,90,39,5037,0,66.7,0.0
13,2,0,107,68,10132,4,52.9,0.0
13,1,0,120,53,13775,0,38.4,2.0
80,1,1,120,52,1442,9,27.0,0.0
43,2,0,116,86,11282,3,44.3,0.0
54,1,0,129,51,4410,3,46.9,0.0
42,1,0,119,69,7955,1,48.7,3.1
63,1,0,130,70,10511,7,43.1,0.0
24,2,0,111,61,15264,0,16.7,0.0
69,2,0,126,77,8664,4,51.1,0.0
59,2,0,152,84,11164,0,48.5,0.0
16,1,0,110,45,11876,0,43.2,0.0
80,2,0,132,84,10296,5,71.5,0.0
80,2,0,160,69,46,4,79.7,0.0
11,1,0,98,74,9376,0,49.2,0.0
70,2,0,135,80,7641,1,49.9,5.3
45,1,0,121,58,5973,0,61.5,0.0
31,1,0,105,58,7556,0,56.0,0.0
44,1,0,105,49,9839,3,48.8,2.8
24,1,0,98,64,9257,1,44.1,0.0
13,1,0,101,53,9232,3,29.3,0.0
30,2,0,111,70,8590,1,62.8,0.0
39,1,0,121,65,3279,1,27.1,0.0
63,1,1,119,72,4246,8,40.6,3.9
24,1,0,132,74,5965,0,56.4,3.1
11,1,0,88,54,21657,0,39.6,0.0
60,1,0,110,63,10750,4,46.0,0.0
14,2,0,116,50,12823,0,37.4,3.8
10,1,0,106,54,11084,0,24.9,0.0
64,1,0,131,83,13138,4,50.3,0.0
13,1,0,110,70,15757,0,25.4,1.9
26,1,0,117,63,7972,3,18.8,0.0
52,1,0,126,69,10090,1,43.4,0.0
13,1,0,108,72,14837,0,29.6,0.0
36,1,0,120,80,11595,0,28.1,0.0
9,1,0,116,79,12455,0,36.2,0.0
36,1,0,119,51,5144,1,12.8,0.0
44,1,0,141,61,8948,4,35.5,0.0
32,1,0,127,64,11074,0,19.9,2.1
38,2,0,134,50,10533,5,55.8,0.0
36,1,0,104,74,13206,0,60.1,0.0
64,2,0,128,56,10841,1,55.4,0.0
37,2,0,102,61,5269,0,42.7,0.0
20,1,0,128,85,20540,1,36.9,0.0
36,1,0,154,66,8589,4,43.3,0.0
65,2,0,141,66,7736,4,31.5,0.0
47,2,0,102,62,14283,0,70.1,0.0
29,2,0,105,68,3092,0,38.2,0.0
9,2,0,96,61,14793,0,52.0,0.0
35,2,0,118,72,15859,7,22.6,0.0
45,2,0,121,71,11585,2,35.9,0.0
80,2,0,131,87,5994,0,44.3,0.0
11,1,0,107,54,6947,0,5.9,0.0
80,2,0,150,75,5267,11,52.2,0.0
47,1,0,119,74,12099,1,49.9,5.3
72,2,1,133,60,15907,6,20.4,2.9
14,2,0,102,72,15235,0,46.4,0.0
23,1,0,111,67,8458,0,26.6,0.0
70,2,0,135,73,7306,0,71.9,1.6
35,1,0,115,63,10149,2,33.6,0.0
21,1,0,125,69,9652,0,39.3,0.0
62,1,0,120,75,8009,0,37.2,3.0
80,2,0,140,80,8282,5,57.7,0.0
12,1,0,107,63,11399,0,22.0,0.0
13,2,0,95,75,16135,0,43.6,0.0
17,2,0,110,75,15681,0,46.0,0.0
51,2,0,118,89,6873,4,30.8,0.0
54,2,0,125,74,16863,0,46.5,0.0
28,1,0,84,43,4607,0,45.8,7.4
64,1,0,105,73,6129,2,39.5,4.2
39,1,0,136,67,15332,0,42.4,1.4
18,2,0,111,52,8679,6,27.7,4.9
35,2,0,103,74,17224,0,30.8,0.0
64,1,0,123,77,6245,4,44.7,0.0
39,1,0,127,53,1917,0,61.8,3.9
20,2,0,112,66,10634,0,53.7,0.0
22,1,0,115,59,15131,0,74.8,0.0
14,2,0,105,50,14655,0,38.3,0.0
20,1,0,94,49,10043,0,20.0,0.0
26,1,0,110,70,8107,0,35.8,0.0
46,2,0,116,52,15956,1,59.6,0.0
19,1,0,122,89,20278,0,64.0,0.0
28,1,0,130,76,9620,0,70.3,0.0
30,2,0,133,78,13179,0,52.7,1.9
14,1,0,100,57,15863,0,26.6,0.0
54,2,0,123,85,17671,0,83.8,0.0
8,2,0,94,48,16477,0,21.8,0.0
80,2,0,128,61,12383,4,62.1,4.1
18,2,0,95,77,9846,1,47.0,0.0
13,1,0,130,70,16263,0,54.4,0.0
70,1,1,116,72,3087,6,25.7,4.4
31,1,0,125,73,8991,1,48.3,0.0
21,2,0,109,43,15171,0,43.2,0.0
14,2,0,92,76,15942,0,70.2,0.0
44,2,0,126,93,9755,1,24.9,0.0
80,2,0,135,62,5223,4,59.0,0.0
52,1,0,96,57,5270,0,73.6,1.5
28,1,0,119,69,9259,0,46.2,0.0
29,1,0,115,68,14690,1,50.6,0.0
21,2,0,103,65,8247,1,31.3,0.0
23,2,0,139,57,15043,0,37.0,2.9
61,1,1,122,65,7460,1,45.7,6.4
67,2,0,144,85,6363,2,54.7,0.0
61,1,1,106,52,8203,13,26.0,0.0
10,2,0,99,68,13242,0,47.7,0.0
31,2,0,105,27,13490,3,38.1,0.0
19,2,0,111,89,5953,1,16.3,0.0
9,1,0,107,57,11430,0,42.2,0.0
58,1,1,134,57,9857,8,16.1,0.0
39,1,0,131,61,11699,7,16.1,0.0
36,2,0,113,62,12492,2,42.4,0.0
80,2,1,171,80,5128,5,37.8,0.0
46,2,0,122,88,12818,3,46.5,0.0
9,2,0,88,57,16657,0,56.9,2.0
16,2,0,105,50,6701,0,37.6,0.0
27,2,0,97,47,11536,3,33.9,4.9
40,2,0,100,58,11664,2,31.8,0.0
29,2,0,125,88,12467,0,55.1,0.0
15,1,0,123,63,11817,1,33.6,0.0
16,1,1,111,71,16789,3,6.6,5.8
9,1,0,100,79,12239,1,30.9,0.0
52,2,0,129,91,10082,0,48.5,0.0
62,2,0,123,74,13771,2,54.8,4.8
8,2,0,101,71,16880,0,57.6,0.0
60,2,1,109,64,5753,3,24.3,5.4
68,1,0,134,65,6671,5,50.4,0.0
55,1,0,136,77,8942,0,49.6,5.2
15,2,0,96,55,10494,0,54.2,0.0
70,1,0,134,99,11552,9,80.3,0.0
8,2,0,91,52,14222,0,47.4,4.1
42,1,0,123,64,3503,2,32.4,0.0
12,2,0,121,77,15020,0,38.7,5.8
28,2,0,121,61,9136,9,37.3,0.0
17,2,0,109,67,18506,0,35.6,0.0
46,1,0,103,64,12191,4,59.0,0.0
11,1,0,131,77,11466,0,45.3,0.0
71,1,0,169,76,7672,3,79.6,0.0
11,1,0,107,66,12643,0,39.7,0.0
70,1,0,133,86,5845,7,58.2,0.0
69,1,0,141,65,10301,4,43.7,0.0
19,2,0,103,67,11294,0,22.9,0.0
11,2,0,100,80,13586,0,37.2,0.0
36,2,0,142,74,7833,1,18.9,0.0
19,1,1,113,52,16052,0,15.7,7.1
11,2,0,112,64,15313,0,22.7,2.4
10,2,0,99,52,8674,0,27.3,3.3
54,1,0,136,85,9731,0,64.3,2.1
59,1,0,150,82,7845,0,48.9,0.0
80,1,1,140,60,5539,4,26.4,2.7
9,2,0,88,54,11284,0,50.5,7.6
19,1,0,138,94,14943,0,70.8,1.8
57,2,0,106,62,13158,0,63.4,0.0
60,2,0,145,67,14503,0,64.4,0.0
43,2,0,129,75,6195,2,34.9,0.0
27,2,0,128,84,12642,1,39.3,0.0
52,1,1,117,77,4350,9,29.1,5.7
41,2,0,122,69,6967,8,41.2,0.0
18,1,0,98,74,9658,0,40.1,0.0
17,2,0,101,68,12264,0,21.5,0.0
47,2,0,151,86,5857,0,67.2,3.1
37,2,0,135,65,14761,1,64.6,0.0
80,2,0,136,68,5590,5,56.6,0.0
10,1,0,91,52,6167,0,25.8,4.1
80,2,1,121,65,5404,2,50.1,4.9
50,1,0,100,74,5293,0,37.4,2.8
34,1,0,99,41,9943,0,37.3,5.4
77,2,1,164,80,4738,7,31.4,0.0
41,1,0,116,75,14525,0,48.0,0.0
12,1,0,112,64,9651,2,46.5,0.0
65,2,1,129,69,11205,11,47.8,4.9
53,2,0,141,70,14757,4,40.4,3.9
59,2,0,145,85,10781,4,77.6,4.1
16,2,0,105,58,17175,7,32.6,0.0
25,2,0,135,77,20344,1,16.9,1.3
40,1,0,125,64,7046,0,40.1,0.0
8,2,0,98,67,8900,0,20.6,0.0
44,2,0,97,80,6380,1,45.2,0.0
24,2,0,117,78,7871,0,71.0,0.0
28,2,0,128,84,12339,0,42.3,0.0
24,1,0,127,69,15441,0,35.0,5.0
70,2,0,140,90,8414,0,74.8,0.0
8,2,0,113,79,21202,0,25.7,0.0
23,1,0,116,53,7675,0,52.2,0.0
46,2,0,111,50,16759,2,55.8,1.8
31,2,0,99,56,10666,0,69.3,0.0
73,2,0,126,76,10043,0,58.1,0.0
14,2,0,109,53,13310,0,42.9,0.0
45,2,0,102,78,6425,5,39.0,2.5
65,2,1,131,66,6845,2,18.2,4.9
45,1,0,132,80,3790,1,47.2,0.0
8,2,0,77,50,16251,0,26.5,0.0
18,2,0,98,60,8144,1,70.3,0.0
10,2,0,117,58,15598,0,38.6,0.0
62,2,0,115,79,13341,1,43.0,1.7
12,2,0,127,71,17885,0,33.5,0.0
45,1,0,119,43,12205,0,32.7,1.8
80,1,1,131,69,5671,1,43.2,4.3
18,2,0,100,66,6998,1,43.1,0.0
70,2,0,112,53,13564,1,57.3,0.0
66,2,0,137,75,10443,4,44.1,0.0
48,1,0,127,76,9616,3,38.8,0.0
22,1,0,110,86,13338,1,36.9,3.3
63,2,1,120,52,7058,4,47.2,6.6
48,2,0,132,97,17088,3,59.6,1.5
35,1,0,124,54,10466,0,53.3,2.7
47,1,1,102,62,4950,2,23.3,4.4
44,2,0,116,69,11737,0,59.7,0.0
43,1,0,121,85,12711,0,63.0,0.0
58,1,0,119,62,4099,3,47.5,0.0
46,1,0,137,63,11945,4,31.3,0.0
53,1,0,113,50,14300,0,62.4,0.0
27,1,0,116,77,2061,0,41.0,2.3
60,2,0,120,95,15450,3,47.6,0.0
61,2,0,152,84,17555,1,57.1,0.0
46,2,0,128,69,9617,0,65.6,0.0
30,2,0,114,62,10805,1,49.0,0.0
22,1,0,123,69,11096,0,55.6,0.0
21,2,0,96,57,10135,0,51.7,0.0
35,2,0,112,82,9951,5,42.2,5.8
11,2,0,100,82,9042,0,34.5,0.0
59,2,0,115,71,16203,0,64.8,5.8
73,2,1,118,58,11158,7,34.7,0.0
23,1,0,114,57,20776,2,46.3,3.3
60,1,0,142,56,9851,0,60.3,0.0
46,2,1,117,92,10563,9,12.0,2.7
65,2,0,108,69,3687,2,48.3,2.3
47,2,0,103,63,10934,0,33.1,0.0
39,1,0,122,78,11770,0,61.9,0.0
12,2,0,102,41,10381,3,25.2,0.0
36,2,0,117,53,12300,0,57.5,0.0
29,2,0,131,57,14711,1,34.5,0.0
55,1,0,158,89,14676,1,45.0,3.8
29,2,0,125,82,16046,0,51.9,0.0
67,1,0,138,53,5659,0,37.8,0.0
43,2,0,134,75,11453,1,52.6,0.0
50,1,0,130,69,9477,3,45.5,2.7
67,2,0,107,82,9333,0,81.7,0.0
38,1,0,128,64,7320,8,44.3,0.0
58,1,0,131,66,16196,1,62.1,0.0
63,2,1,146,77,5337,7,24.0,5.0
71,1,0,125,81,6147,0,64.3,4.1
13,1,0,102,54,10083,0,7.7,1.3
64,2,1,119,53,13916,12,21.4,4.7
80,1,0,156,82,4404,3,53.1,0.0
15,1,0,116,60,14645,0,61.5,0.0
8,2,0,112,70,18378,0,45.6,0.0
70,2,0,139,55,14276,4,76.7,0.0
34,1,0,141,73,13062,0,50.3,0.0
37,1,0,133,75,13744,1,43.2,0.0
45,2,0,118,62,9392,0,43.9,6.0
12,2,0,114,62,15424,0,49.4,0.0
17,1,0,145,82,7388,6,11.9,0.0
38,2,0,108,50,14651,1,33.3,2.5
54,2,0,136,83,13570,0,64.2,0.0
32,2,0,131,55,14365,5,29.0,0.0
52,1,0,135,69,13812,3,65.1,0.0
33,2,0,115,71,4941,1,26.6,0.0
59,1,0,123,80,8603,0,34.8,4.0
10,1,0,98,49,8549,0,47.6,0.0
25,1,0,125,67,7654,0,65.8,0.0
8,1,0,94,51,11068,0,45.0,4.6
56,2,0,123,57,4656,2,50.6,0.0
59,1,1,140,80,17274,11,41.5,2.6
66,1,0,140,68,11670,1,51.6,0.0
71,2,0,136,80,7784,4,40.7,0.0
18,2,0,108,69,13491,0,27.2,0.0
10,2,0,96,58,17579,0,48.3,0.0
8,2,0,95,44,12820,0,31.2,0.0
17,1,0,122,67,17256,0,37.4,0.0
69,1,0,129,110,8265,0,66.2,0.0
42,2,0,105,78,11625,0,44.6,0.0
36,2,0,121,64,15780,6,50.2,0.0
50,2,0,128,64,14936,2,34.8,0.0
33,2,0,114,70,8150,2,25.9,0.0
80,1,0,122,95,2487,0,62.7,0.0
23,1,0,101,54,11903,0,18.3,5.2
49,1,0,139,103,10761,0,82.8,1.3
31,1,0,96,55,17449,0,33.6,0.0
18,1,0,97,70,13053,0,55.1,0.0
16,2,0,107,61,12168,1,22.6,0.0
48,1,0,133,72,8183,0,59.0,0.0
25,2,0,114,77,15161,0,40.5,0.0
63,1,0,131,88,13392,4,39.5,0.0
29,2,0,128,64,10172,1,61.9,1.9
8,1,0,82,39,14574,0,18.4,0.0
10,1,0,109,78,12387,0,43.9,0.0
11,1,0,129,66,2964,0,42.0,0.0
35,2,0,112,49,10931,2,63.5,2.7
32,2,0,109,67,7658,4,30.7,4.2
20,2,0,123,76,10601,6,37.2,0.0
27,1,0,110,74,12954,0,26.5,2.2
42,1,0,117,66,17936,0,26.0,0.0
65,1,0,140,84,9283,1,50.1,0.0
80,1,1,141,87,7876,5,28.4,0.0
59,2,0,102,66,880,0,73.0,4.2
52,2,0,110,67,8692,0,83.3,0.0
25,2,0,101,56,12658,0,58.1,0.0
13,2,0,112,52,10718,0,42.8,0.0
23,2,0,110,52,14504,0,35.4,0.0
30,1,0,96,76,9791,0,49.4,0.0
80,2,0,122,56,2076,2,38.0,0.0
50,1,0,109,52,2982,5,26.1,0.0
65,2,0,130,62,15963,2,51.1,0.0
69,2,1,136,70,12222,5,32.5,0.0
41,2,1,96,54,11956,5,30.4,5.4
14,1,0,123,69,6552,0,38.7,2.2
40,2,0,109,62,13003,0,49.5,0.0
62,1,0,115,61,1005,5,49.3,0.0
47,1,0,145,99,8677,1,64.6,0.0
14,2,0,133,69,19422,0,66.3,0.0
73,1,0,132,62,10035,0,72.6,2.2
9,2,0,98,68,17181,0,24.7,0.0
10,2,0,111,76,16102,0,13.2,0.0
64,1,0,139,80,10527,3,50.1,0.0
52,2,0,141,85,6101,0,59.9,0.0
46,1,0,139,78,9976,5,29.2,0.0
69,2,0,123,64,16906,1,61.3,0.0
12,2,0,126,66,17373,0,31.7,0.0
8,2,0,86,50,17137,0,13.3,0.0
37,1,0,125,75,5583,2,28.8,0.0
42,1,0,129,60,8991,1,44.7,4.6
59,1,0,147,72,10098,0,35.1,0.0
13,2,0,112,68,13599,0,32.4,0.0
13,1,0,110,59,16104,0,51.7,0.0
33,1,0,130,67,10187,0,59.8,0.0
60,2,0,118,63,9184,0,43.0,2.3
62,1,1,160,75,11640,0,20.6,1.8
13,2,0,114,62,9284,0,32.0,0.0
57,2,0,99,79,9276,11,54.6,0.0
51,1,0,172,58,8477,2,44.2,4.3
49,2,0,122,72,15324,1,49.4,2.9
27,1,0,112,77,8078,0,24.3,0.0
14,2,0,117,64,22863,2,43.6,0.0
80,1,1,159,84,708,10,54.2,0.0
10,2,0,79,46,11860,0,68.1,0.0
24,2,0,102,42,13403,0,60.7,0.0
80,2,1,136,63,10037,7,49.3,5.0
16,2,0,114,81,11583,0,55.4,0.0
15,2,0,130,52,11960,0,66.2,0.0
57,2,0,99,54,11856,0,57.7,0.0
11,1,0,104,73,9612,0,44.6,0.0
74,2,0,141,73,7903,0,54.9,4.9
60,1,0,121,86,11268,1,42.6,0.0
14,1,0,139,91,16646,0,50.4,2.4
70,2,0,133,54,6532,3,63.8,2.1
35,1,0,139,77,11493,7,19.7,0.0
66,2,0,118,90,11613,2,54.2,0.0
10,1,0,127,64,10526,2,29.0,0.0
79,1,0,150,73,8148,0,62.4,0.0
64,2,0,131,70,11695,1,19.4,0.0
57,1,0,116,57,6411,5,20.9,0.0
46,1,0,96,67,8028,0,38.7,0.0
9,2,0,91,62,12366,0,60.3,0.0
12,1,0,116,68,15585,0,50.9,0.0
24,2,0,135,79,11614,0,32.0,2.7
33,1,0,133,77,7094,0,65.4,0.0
62,2,0,118,62,7408,2,49.4,0.0
12,1,0,93,66,19375,0,36.7,0.0
76,1,1,118,85,6305,14,57.7,4.3
17,2,0,104,44,10509,0,47.0,1.2
59,2,0,126,82,8251,1,57.3,0.0
62,2,0,126,74,10114,0,59.4,0.0
67,1,0,160,79,8954,1,44.7,0.0
18,1,0,138,57,15105,1,33.0,0.0
79,1,0,145,83,10925,4,53.6,2.3
42,1,0,112,72,12812,0,49.9,0.0
52,2,1,129,63,10266,10,56.1,6.5
53,2,0,138,85,11667,1,31.6,0.0
43,1,0,130,57,12239,0,69.2,0.0
11,2,0,98,60,18271,1,16.9,0.0
17,1,0,108,57,9228,0,40.3,5.1
80,2,1,114,65,16020,4,58.7,5.9
8,2,0,91,63,8760,0,10.7,3.1
72,2,0,132,83,3052,1,63.7,0.0
52,1,0,134,84,5734,0,39.3,3.4
80,2,1,147,67,8642,7,59.4,0.0
44,1,0,113,62,14477,6,21.8,0.0
46,1,0,126,71,6557,3,42.3,3.2
21,1,0,114,74,9881,0,37.5,2.2
60,2,0,112,66,6950,0,28.5,0.0
70,1,0,133,78,7795,0,76.0,0.0
54,1,1,146,75,4336,12,7.4,3.3
9,1,0,116,71,15542,0,24.6,0.0
61,2,1,124,56,9166,4,32.4,2.8
61,1,1,96,79,7473,4,22.0,4.3
36,1,0,126,56,13117,3,23.9,0.0
31,1,0,88,50,13869,0,34.0,0.0
27,1,1,106,66,7312,4,5.8,0.0
53,2,0,122,90,10667,5,17.5,0.0
53,1,0,112,67,10514,0,46.6,3.2
42,2,0,124,58,17333,6,32.0,0.0
70,2,0,111,68,2525,1,77.8,0.0
40,1,1,114,78,7689,6,23.6,3.2
16,2,0,100,76,14494,0,40.5,0.0
29,2,0,114,55,13995,1,22.2,0.0
46,1,0,112,66,8768,6,50.5,1.2
37,2,0,136,72,6216,0,54.5,5.6
54,2,0,113,68,14046,0,57.1,0.0
68,1,0,141,70,3360,0,55.5,0.0
30,2,0,95,87,16577,0,55.9,0.0
36,2,0,121,65,14083,2,39.5,0.0
33,1,0,120,42,10235,0,49.2,1.8
23,2,0,109,78,8899,4,31.9,0.0
25,1,0,97,72,7471,3,30.2,0.0
19,2,0,93,46,10034,0,48.6,3.7
16,1,0,106,52,9489,0,50.7,0.0
36,1,0,124,75,5506,0,33.0,0.0
60,1,0,100,72,12192,4,61.9,2.6
62,2,0,119,69,13846,0,80.3,4.6
63,1,0,98,55,12343,3,27.3,0.0
16,1,0,118,83,20500,0,62.4,0.0
19,1,0,106,67,17150,0,42.4,0.0
71,1,0,110,79,2164,0,55.2,5.4
27,1,0,119,60,9333,0,29.6,3.7
23,1,0,123,81,10733,0,44.4,0.0
38,2,0,113,52,7369,3,36.2,0.0
12,1,0,131,80,11041,0,48.8,0.0
80,2,1,151,80,1656,4,45.4,0.0
80,2,1,147,57,11024,9,32.6,0.0
10,1,0,97,46,15723,0,16.6,1.1
48,1,0,115,70,11493,6,43.4,0.0
44,2,0,118,43,10560,1,58.9,0.0
20,1,0,102,61,12263,0,26.4,2.9
53,1,0,122,83,10517,2,56.1,0.0
25,2,0,91,54,13587,0,35.0,0.0
60,2,0,128,77,15954,0,47.0,0.0
39,2,0,101,48,16090,0,48.6,2.6
11,2,0,108,69,15481,0,50.3,0.0
8,2,0,86,34,7705,0,44.4,1.8
25,1,1,125,53,10726,4,7.5,0.0
16,1,0,112,64,9160,0,46.9,3.1
14,1,0,114,60,9974,0,50.2,0.0
36,2,0,110,75,13808,5,54.3,0.0
14,2,0,115,59,14433,0,56.0,0.0
46,1,0,115,62,11081,0,33.4,0.0
24,1,0,112,60,6206,6,54.4,4.3
70,1,1,137,72,588,4,27.5,4.3
12,1,0,92,55,16935,0,32.0,0.0
16,2,0,119,61,12223,0,50.7,0.0
16,1,0,104,61,16221,0,55.5,0.0
12,2,0,116,53,5491,0,41.4,0.0
37,2,0,111,67,7049,0,49.0,0.0
27,2,0,104,74,17425,1,22.4,0.0
60,2,1,147,70,10090,6,31.3,1.5
14,1,0,97,59,18522,2,17.8,0.0
16,1,0,111,76,16203,0,57.5,0.0
33,2,0,109,42,16692,0,41.2,0.0
36,2,0,164,74,14124,1,39.2,0.0
31,2,1,117,58,14401,8,12.4,0.0
57,1,0,132,83,9206,0,54.8,0.0
21,2,0,105,67,16867,0,48.9,0.0
33,2,0,119,52,2260,1,30.8,0.0
61,1,0,112,66,12365,1,52.9,6.2
44,2,0,127,72,8421,0,15.6,0.0
47,1,0,112,68,10102,4,25.1,0.0
15,1,0,93,43,12628,0,41.4,0.0
80,2,0,147,92,7099,8,66.0,0.0
40,2,0,102,57,3631,1,52.7,2.7
41,2,0,135,49,12477,0,21.6,0.0
41,2,0,137,84,14680,0,65.2,2.3
19,2,0,100,80,18348,1,33.7,1.9
10,2,0,95,53,4924,0,40.1,2.9
14,2,0,102,64,11889,3,14.1,0.0
46,2,0,128,61,5806,0,43.4,0.0
70,2,0,133,67,5960,1,35.8,0.0
12,2,0,100,72,4159,0,17.5,0.0
60,1,0,106,68,8806,0,59.6,0.0
68,2,0,118,62,14994,2,66.8,0.0
74,1,0,128,63,15188,0,63.8,3.8
27,2,0,107,61,16232,0,49.1,0.0
52,1,0,108,63,10693,0,45.9,0.0
47,1,0,103,63,9927,1,52.3,2.4
9,1,0,104,45,12351,0,3.1,0.0
54,1,0,119,51,4826,0,47.3,0.0
14,1,0,113,73,11257,3,33.2,0.0
39,1,0,127,78,9252,7,51.5,0.0
69,2,0,122,74,14999,4,33.6,0.0
49,1,0,113,57,7493,0,53.5,2.7
12,1,0,122,77,8886,1,18.0,0.0
52,1,1,151,80,5334,5,25.0,5.2
31,2,0,116,51,8959,0,69.2,0.0
40,1,0,138,63,13767,0,48.8,0.0
12,1,0,115,62,11935,0,44.3,0.0
10,1,0,90,52,11905,0,31.4,5.6
76,2,0,126,64,9927,5,52.1,3.0
11,1,0,85,53,12056,1,28.6,0.0
17,1,0,86,53,8482,0,33.8,0.0
29,2,0,113,51,7597,0,45.2,2.4
35,1,0,130,51,8877,0,40.2,0.0
49,2,0,121,69,7851,1,33.0,5.7
58,2,0,141,84,17785,0,65.8,2.5
25,2,0,99,57,8291,0,41.2,3.1
44,1,0,132,50,10847,1,50.9,3.1
52,1,0,138,74,10834,0,43.4,0.0
21,2,0,100,62,16769,0,15.0,0.0
12,1,0,133,58,9722,0,21.9,0.0
20,1,0,122,74,7733,1,9.4,0.0
70,1,0,127,56,6773,3,51.1,0.0
11,1,0,91,65,16338,0,38.5,0.0
9,1,0,92,65,8002,0,13.5,0.0
80,1,1,152,115,3657,4,47.6,4.9
22,2,0,99,68,13450,0,39.3,0.0
59,1,0,108,71,8297,0,42.4,0.0
30,1,0,98,51,15754,1,54.9,0.0
63,1,0,115,55,10653,4,49.1,0.0
43,1,0,135,78,13522,0,57.1,0.0
10,1,0,135,71,10222,0,29.4,3.7
56,2,0,103,58,4807,1,51.2,3.9
43,1,1,114,49,12337,4,20.8,0.0
51,2,0,115,71,10211,1,35.7,0.0
10,1,0,90,47,21737,0,29.2,0.0
33,1,0,109,76,11377,0,49.9,2.6
10,1,0,84,31,15296,0,14.7,4.6
41,2,0,127,81,6505,0,62.1,0.0
47,1,0,125,78,4924,4,36.2,0.0
39,1,0,109,75,7716,0,45.6,5.9
62,1,0,154,85,12220,0,73.4,0.0
77,1,1,108,75,2695,10,42.3,2.7
33,1,0,113,92,16162,0,51.6,0.0
32,1,0,131,61,17938,4,46.0,0.0
50,2,0,145,73,17711,3,38.1,0.0
61,1,0,137,73,10101,0,31.4,0.0
41,2,0,100,52,15042,0,47.4,0.0
19,1,0,131,81,16813,0,34.1,0.0
19,2,0,96,44,11536,0,55.8,0.0
80,2,1,163,63,4345,11,42.4,0.0
34,1,0,132,81,15055,1,53.1,0.0
45,1,0,112,65,8613,0,61.7,0.0
48,2,0,132,78,14906,5,53.5,0.0
40,1,0,132,63,16928,0,77.5,5.4
45,1,0,135,63,8594,1,65.7,0.0
54,2,0,112,46,16862,1,52.0,0.0
19,2,0,104,59,10052,1,58.0,0.0
65,1,0,139,87,10618,0,52.4,0.0
80,2,1,149,79,3208,15,36.5,3.3
38,2,0,120,79,6538,0,44.8,3.1
79,1,0,118,65,12287,2,54.8,0.0
16,2,0,101,66,16066,2,39.1,0.0
40,1,0,105,57,15130,0,45.4,0.0
12,1,0,123,63,18897,0,36.8,0.0
61,1,1,140,65,10340,6,32.1,0.0
15,2,0,109,54,11988,0,61.6,0.0
67,1,1,132,71,16339,3,43.7,6.1
19,1,0,129,92,12429,0,60.0,0.0
67,2,0,119,58,207,7,50.1,0.0
8,1,0,91,60,14741,0,28.6,0.0
80,2,0,106,68,9081,3,70.7,0.0
12,2,0,98,59,10440,4,17.7,0.0
9,2,0,98,42,9883,0,63.1,0.0
59,2,0,104,64,8348,1,61.7,0.0
58,2,0,118,74,11593,5,52.2,5.1
19,1,0,119,82,3914,3,22.9,0.0
16,2,0,95,57,14693,0,40.1,3.5
8,2,0,99,69,7498,0,19.6,0.0
34,2,0,106,60,14538,2,35.3,0.0
9,1,0,127,64,18609,0,65.5,0.0
11,1,0,111,59,16991,1,15.4,0.0
16,1,0,118,53,12561,0,35.7,0.0
8,1,0,93,33,15815,0,49.5,0.0
21,1,0,125,55,9859,0,67.7,5.7
9,1,0,138,67,12030,0,19.5,0.0
65,1,1,120,68,11808,8,38.4,2.2
56,2,0,105,44,13613,0,73.0,0.0
13,1,0,100,70,21848,0,44.3,0.0
80,1,1,155,91,10331,5,52.6,7.3
23,2,0,113,66,11704,0,19.5,0.0
76,1,0,138,89,3644,0,88.6,0.0
69,1,0,148,85,3211,1,57.9,0.0
80,2,0,123,84,5863,4,53.7,0.0
18,1,0,124,66,11897,0,66.3,1.9
60,1,0,148,67,10113,0,48.8,0.0
59,2,0,121,59,8362,3,53.0,5.2
20,1,0,141,75,12654,1,31.0,2.9
50,2,0,99,58,11168,3,33.6,0.0
17,1,0,101,56,8525,4,28.4,0.0
59,2,0,115,73,4577,3,58.7,5.4
40,2,0,122,78,9865,0,48.1,4.1
24,1,0,143,79,17226,2,40.3,1.4
46,1,0,117,70,5957,2,39.6,0.0
47,1,0,116,57,13856,0,84.4,0.0
38,1,0,122,54,10745,0,41.2,0.0
22,2,0,118,61,8098,0,54.7,3.8
69,2,0,131,75,12079,1,56.8,0.0
53,2,0,123,72,16281,0,33.1,0.0
45,2,0,123,61,12670,2,33.0,0.0
56,2,1,145,83,18542,4,19.1,3.7
28,2,0,122,55,11656,0,54.2,0.0
9,1,0,105,59,10202,0,12.9,0.0
29,1,0,119,82,8779,2,25.3,0.0
30,2,0,107,65,16666,0,49.7,0.0
8,1,0,75,47,13806,0,53.9,0.0
80,1,1,115,56,10046,6,26.3,0.0
59,2,0,117,55,9775,0,36.5,0.0
9,2,0,108,61,11762,0,1.3,0.0
24,1,0,116,59,17376,1,51.7,0.0
53,1,0,123,57,9646,1,58.5,6.4
77,2,0,125,52,5765,6,52.5,0.0
8,2,0,80,49,18619,2,15.3,0.0
74,2,1,132,74,6048,6,37.0,4.2
29,2,1,91,72,9522,7,22.8,5.9
17,1,0,106,76,11830,0,29.8,0.0
29,2,0,107,62,12401,0,59.4,0.0
40,2,0,110,66,8139,0,64.1,0.0
80,2,1,175,74,6353,11,30.3,4.6
23,2,0,115,64,14801,0,48.5,3.5
57,2,0,117,75,13745,0,57.6,2.8
68,1,1,124,80,7310,5,15.6,6.6
10,2,0,107,61,11639,0,39.5,1.7
57,2,0,145,54,1766,9,29.7,0.0
27,1,0,106,61,12254,0,42.9,0.0
65,2,0,152,89,5545,0,44.8,0.0
21,1,0,93,46,9319,0,53.7,0.0
12,1,0,103,57,6580,0,30.9,0.0
56,1,0,137,67,13018,4,37.6,0.0
67,2,1,99,59,3248,5,40.2,4.8
14,1,0,97,69,12119,0,43.5,0.0
16,1,0,110,76,8469,0,47.1,0.0
38,2,0,124,63,12105,0,68.9,0.0
47,2,0,127,75,11632,4,46.5,0.0
64,1,0,137,76,11828,3,41.0,0.0
21,1,0,124,67,9618,0,33.5,0.0
11,1,0,113,76,16332,0,25.7,0.0
8,1,0,97,63,15869,0,34.6,1.6
56,2,0,139,65,7087,2,48.6,0.0
80,2,1,126,53,7684,9,52.6,0.0
74,2,0,132,56,6755,3,39.8,0.0
80,2,0,147,70,13649,1,57.1,5.3
16,1,0,96,44,15530,0,39.7,0.0
36,2,0,134,79,16014,0,77.9,0.0
30,1,0,122,78,14788,0,37.6,6.5
24,2,0,120,64,13549,0,40.5,0.0
80,1,1,140,72,9675,8,63.4,0.0
60,1,0,137,81,10606,0,74.7,0.0
29,1,0,127,70,1543,1,26.2,0.0
60,2,0,139,62,8277,3,38.6,0.0
21,2,0,137,97,12319,1,50.5,0.0
31,1,0,112,78,17500,0,96.0,0.0
25,2,0,109,66,17977,0,79.1,0.0
10,1,0,114,73,12747,0,48.1,1.5
9,1,0,91,74,9507,0,27.2,0.0
8,2,0,96,57,15959,0,40.0,0.0
9,1,0,96,60,12757,0,28.5,1.9
40,1,0,121,68,17279,1,59.7,0.0
8,1,0,96,58,16719,0,51.9,0.0
45,2,0,138,82,5902,1,41.2,0.0
26,1,0,123,67,10337,2,30.7,0.0
21,2,0,97,47,18784,2,46.7,0.0
76,1,1,131,69,10644,4,37.6,0.0
8,2,0,118,64,19682,0,50.8,0.0
71,1,0,145,81,10025,0,73.4,4.4
40,2,0,135,82,7157,0,33.2,0.0
56,1,0,137,86,13106,0,57.3,0.0
14,1,0,113,69,14941,2,28.4,0.0
60,1,0,122,92,10026,3,41.5,0.0
11,2,0,99,46,13684,0,24.4,0.0
44,2,0,118,61,4692,6,40.4,2.8
11,1,0,119,71,7746,0,37.6,0.0
64,2,1,126,78,7053,4,29.6,2.2
11,1,0,94,37,7828,7,27.4,0.0
39,2,0,110,64,8684,0,55.0,0.0
80,2,0,109,63,10145,5,74.4,0.0
14,1,0,103,78,10017,0,58.3,0.0
15,2,0,105,86,16568,0,56.1,0.0
65,1,0,106,66,8066,5,58.5,0.0
24,2,0,111,80,9026,0,43.9,0.0
55,2,0,133,76,11342,0,36.7,4.3
54,1,0,138,40,8384,0,39.5,3.6
72,2,0,146,76,7461,3,73.6,3.3
54,2,0,106,66,16652,0,69.3,4.1
32,2,0,107,74,16873,0,50.9,0.0
40,1,0,141,91,11066,0,54.8,0.0
48,2,0,118,68,7547,0,41.1,0.0
73,1,0,133,99,5829,3,76.1,0.0
17,2,0,118,88,12687,0,30.9,2.1
70,1,0,112,74,21237,1,57.7,1.9
11,2,0,79,66,14526,0,29.0,0.0
51,2,0,141,94,6898,2,31.8,3.7
19,2,0,127,65,13440,1,29.7,0.0
14,2,0,86,55,18308,0,40.7,0.0
9,1,0,88,52,10344,0,46.4,0.0
60,2,0,114,68,13656,6,39.2,1.8
80,2,0,142,67,16049,11,66.3,0.0
56,1,0,132,79,4619,1,45.6,6.1
74,2,0,134,62,7075,0,38.5,2.3
66,2,0,123,97,9894,0,56.7,0.0
53,1,0,118,67,5857,1,39.5,0.0
65,2,0,163,79,9385,3,36.9,0.0
39,2,0,118,76,10887,0,28.4,0.0
74,1,0,128,72,14934,1,86.3,5.5
80,2,1,165,95,10173,14,49.3,0.0
18,2,0,101,30,11183,0,17.4,0.0
9,2,0,114,63,10374,0,42.9,0.0
41,1,0,119,83,8115,0,78.6,0.0
39,2,0,105,53,12588,1,62.6,0.0
67,2,0,88,47,3892,4,49.9,0.0
47,1,0,114,75,15727,0,68.7,2.5
44,1,0,126,79,7565,0,61.2,3.9
46,2,0,116,77,15585,0,39.7,0.0
32,1,0,121,76,14110,2,31.2,0.0
22,1,0,115,47,12962,0,12.7,0.0
17,2,0,120,71,11712,4,38.1,0.0
54,1,0,98,56,16382,1,47.8,0.0
48,1,0,108,66,7217,3,41.7,0.0
33,2,0,107,68,16721,0,59.4,2.1
21,1,0,122,63,17874,0,49.7,0.0
69,2,0,116,78,13410,0,57.4,0.0
75,2,0,134,86,8958,4,77.8,0.0
38,1,0,119,60,7957,3,19.3,0.0
35,1,0,111,81,13240,2,32.2,0.0
23,1,0,118,56,19199,2,34.6,0.0
61,1,1,138,75,7290,7,14.0,4.2
9,2,0,97,56,12489,0,48.4,0.0
41,1,0,101,58,12637,0,67.4,4.4
22,1,0,120,77,12439,1,22.6,1.9
30,2,0,127,53,12959,0,49.5,0.0
13,2,0,94,73,8552,0,36.9,0.0
19,2,0,112,57,10049,0,80.2,0.0
59,1,0,141,68,6000,1,70.8,2.5
10,1,0,126,68,10601,2,26.0,0.0
16,1,1,134,57,16939,5,9.4,4.9
21,1,0,104,67,17518,0,73.0,0.0
68,1,0,139,78,8548,0,38.1,0.0
19,1,0,121,57,16079,0,69.8,0.0
20,2,0,103,71,6995,0,45.5,4.6
62,2,0,134,72,6432,0,48.0,0.0
14,1,0,97,42,21790,0,58.1,4.2
26,2,0,140,82,8659,1,47.6,0.0
52,2,0,109,79,9682,0,61.8,2.3
40,2,0,115,84,16260,0,13.1,1.9
26,1,0,131,55,12222,0,55.6,0.0
8,1,0,86,65,8441,0,2.6,1.1
20,2,0,110,77,14706,0,33.2,0.0
47,1,0,136,86,7552,0,80.0,0.0
78,2,0,127,73,5610,2,65.2,3.4
10,2,0,80,49,13054,0,44.0,0.0
37,1,0,97,53,10985,1,60.1,4.2
51,2,0,141,88,9204,6,57.2,0.0
47,1,0,116,63,15404,0,42.0,0.0
40,1,0,119,74,12658,1,29.1,0.0
10,1,0,106,65,13402,0,62.7,0.0
61,2,1,120,48,10873,6,29.7,0.0
34,2,1,130,65,14834,6,19.6,3.5
17,2,0,105,65,15350,1,31.8,2.4
60,1,0,126,85,3660,0,69.0,5.7
24,2,0,87,60,9545,0,53.4,0.0
9,2,0,86,34,9681,0,14.3,0.0
49,1,0,110,78,15568,0,72.2,1.9
36,1,0,146,80,16025,0,48.7,0.0
80,1,1,148,61,2129,5,47.5,4.1
10,2,0,100,65,20048,0,24.5,0.0
62,2,0,117,51,11770,1,44.5,4.8
22,1,0,105,46,11549,0,52.0,2.8
66,1,0,127,65,4901,4,68.8,0.0
13,1,0,103,59,6656,0,9.7,0.0
22,2,0,115,69,11154,0,35.4,2.5
34,2,0,135,73,12278,0,64.1,0.0
35,2,0,127,89,6451,0,95.2,0.0
10,2,0,95,58,11884,1,19.8,0.0
35,1,0,125,80,11722,0,53.5,5.0
40,1,0,117,72,9825,0,58.4,2.6
13,2,0,98,71,13125,0,32.5,0.0
34,1,0,100,44,13429,9,41.8,1.9
23,1,0,128,54,10668,0,31.6,0.0
61,2,0,130,61,11028,1,34.2,1.4
19,2,0,100,73,11753,0,33.9,0.0
29,1,0,119,83,11460,0,13.7,0.0
11,1,0,114,64,15611,2,29.2,4.9
24,1,0,114,46,9127,2,49.3,0.0
32,1,0,136,61,13606,0,44.0,0.0
26,2,0,101,63,9655,0,35.6,0.0
27,2,0,118,73,10538,0,30.9,0.0
69,1,0,125,78,7717,5,53.3,0.0
22,1,0,109,67,8567,0,25.9,0.0
70,1,0,150,88,14971,3,50.4,0.0
54,1,0,126,68,5164,6,49.5,0.0
80,1,1,131,76,7981,9,57.3,4.4
74,2,0,128,67,8237,0,60.0,2.7
17,1,0,104,62,11183,3,26.5,2.3
20,1,0,108,62,12612,2,44.5,0.0
12,2,0,96,68,19943,0,57.3,0.0
40,1,0,132,70,14281,0,43.2,0.0
11,1,0,118,60,9780,0,39.1,0.0
43,1,0,154,85,11942,0,75.8,0.0
8,1,0,91,51,13109,0,28.6,0.0
8,2,0,108,58,9840,0,21.2,0.0
74,2,0,119,64,7919,3,81.2,0.0
42,1,0,147,56,4964,1,75.9,0.0
57,2,0,114,80,7823,0,77.0,0.0
25,2,0,105,78,9922,0,71.5,0.0
34,1,0,121,73,8133,0,30.6,5.5
29,2,0,111,84,10674,0,27.5,0.0
17,2,0,104,61,12200,1,59.5,0.0
70,2,0,152,64,6674,2,42.4,0.0
12,2,0,100,63,19282,0,42.7,0.0
17,1,0,118,73,9069,0,37.8,0.0
11,2,0,106,65,15460,0,29.9,0.0
28,2,0,90,64,11148,0,33.0,0.0
60,1,0,136,82,9466,0,50.4,0.0
59,1,0,126,83,10266,2,43.2,0.0
26,2,0,107,51,7597,1,33.3,1.7
40,2,0,117,70,10879,0,55.8,0.0
68,1,1,113,68,16534,4,34.8,4.0
57,2,0,121,59,10025,0,58.3,0.0
30,2,0,119,65,8535,0,40.5,0.0
68,1,0,147,62,10764,6,37.3,0.0
43,2,0,133,53,16281,0,57.0,0.0
13,2,0,109,53,10865,0,30.0,0.0
19,2,0,106,67,10708,0,13.0,3.0
9,2,0,110,68,14437,0,45.1,4.0
25,2,0,103,59,14659,0,63.0,3.9
57,1,0,90,59,9988,0,33.6,5.4
9,1,0,101,64,16710,1,14.4,4.4
29,1,0,114,64,11630,0,67.9,0.0
47,1,0,122,71,6745,2,63.9,0.0
30,2,0,115,58,10718,4,45.2,0.0
37,2,0,101,53,14480,0,44.6,2.7
9,1,0,119,75,12680,0,31.5,0.0
37,1,0,134,61,10842,1,42.7,2.8
55,1,0,144,67,13866,0,44.5,6.0
48,1,0,113,94,8079,5,33.4,0.0
80,2,1,125,59,8921,11,49.5,0.0
19,2,0,109,40,9795,0,39.5,0.0
60,1,0,149,66,8226,0,68.7,0.0
31,2,0,141,54,13997,1,37.8,0.0
59,2,1,127,65,8345,9,19.6,3.8
37,1,0,123,67,13527,0,49.4,0.0
33,2,0,90,52,4034,0,64.8,1.1
8,2,0,93,64,16848,0,46.6,0.0
10,2,0,93,43,12514,0,39.0,0.0
47,1,0,95,82,13889,0,40.7,0.0
36,1,0,111,55,12641,0,71.9,0.0
80,2,0,174,74,5913,3,48.9,0.0
42,1,0,124,65,6029,0,55.7,6.1
79,1,1,147,84,10417,1,32.6,2.5
43,1,0,118,49,12379,0,64.8,0.0
79,1,0,114,60,14547,3,51.7,0.0
20,1,0,108,63,12387,0,23.1,0.0
58,2,0,118,63,13604,0,81.9,4.1
69,1,0,143,66,9062,5,50.9,0.0
80,1,0,130,63,10523,3,55.4,1.2
52,1,0,152,90,11853,1,76.7,0.0
31,1,0,101,51,14618,0,46.2,0.0
24,1,0,131,97,7184,1,32.8,0.0
12,2,0,98,56,10638,0,27.7,0.0
39,1,0,141,74,15428,7,66.2,3.8
12,1,0,127,76,8439,0,34.2,0.0
37,1,0,107,72,12936,0,73.8,0.0
43,2,0,117,43,14859,1,35.9,0.0
19,1,0,115,77,10150,5,21.5,0.0
8,1,0,94,53,14340,0,15.7,0.0
18,2,0,116,71,10375,0,49.1,3.9
24,1,0,126,70,11251,1,49.9,0.0
12,1,0,93,57,12159,0,20.4,0.0
25,2,0,94,61,8897,0,69.6,0.0
10,1,0,124,57,12176,0,11.7,4.5
20,2,0,121,77,10178,1,5.1,0.0
49,1,0,140,84,15522,0,48.0,0.0
35,1,0,118,79,10608,1,54.4,0.0
15,1,0,102,80,12783,0,69.9,2.3
14,2,0,103,68,13613,0,7.2,0.0
67,1,0,133,54,7621,4,39.6,0.0
49,2,0,127,58,8278,3,44.9,4.7
9,2,0,85,54,17732,0,46.7,0.0
60,1,0,113,78,12504,0,78.3,4.4
65,2,0,113,58,8864,6,39.7,0.0
48,2,1,103,55,13829,5,17.1,4.1
19,2,0,91,56,3640,0,42.0,0.0
42,1,0,122,65,17168,2,46.6,3.1
57,2,0,119,60,9541,1,50.4,2.7
39,2,0,105,70,10638,0,26.5,1.9
75,2,1,122,65,12909,7,42.2,2.2
69,2,0,128,66,11689,1,31.8,0.0
70,1,0,131,104,10215,0,47.6,6.1
30,1,0,119,60,9301,0,20.9,0.0
79,2,0,111,67,12252,12,80.3,0.0
21,1,0,112,63,19302,0,49.7,0.0
47,1,0,121,51,2387,0,32.8,3.5
21,2,0,78,55,17166,0,45.0,0.0
59,1,0,117,56,6498,4,49.3,0.0
53,2,0,130,68,21158,3,18.9,0.0
14,2,0,103,48,13062,0,35.2,3.6
80,1,1,151,81,10165,5,80.4,5.9
21,1,0,115,63,8970,1,21.5,0.0
59,1,0,126,71,6538,0,39.7,0.0
17,2,0,133,66,13132,0,47.9,0.0
55,1,0,116,63,11799,0,48.0,5.1
80,2,1,164,72,2459,11,29.3,3.1
29,1,0,120,59,13695,0,57.6,0.0
28,1,0,107,64,11851,3,24.1,3.3
79,2,1,115,56,10758,0,46.0,4.5
15,1,0,127,73,13628,0,42.1,0.0
8,2,0,87,27,16112,0,17.6,0.0
66,2,0,127,62,8137,3,58.9,3.9
80,1,0,161,102,8387,0,55.9,2.2
14,2,0,128,73,11392,1,18.8,5.1
38,1,0,132,62,11937,0,60.6,0.0
56,1,0,113,78,6243,0,54.5,0.0
12,2,0,84,48,15259,0,51.5,1.8
24,1,0,113,75,11665,0,50.9,0.0
18,2,0,99,70,14036,0,55.5,0.0
65,1,1,128,73,10174,7,23.4,0.0
57,2,0,128,58,22327,3,67.6,0.0
19,1,0,103,53,6651,0,39.8,0.0
51,2,1,136,52,10838,7,4.4,0.0
51,2,0,133,79,15367,2,61.0,0.0
12,2,0,99,54,12512,3,51.6,0.0
29,2,0,115,74,9306,6,60.2,0.0
17,2,0,133,79,12495,0,52.5,0.0
32,2,0,98,53,837,0,39.8,3.8
12,1,0,120,83,13297,0,22.7,0.0
80,2,1,142,69,6788,6,55.3,1.4
64,2,0,112,59,10996,0,59.2,0.0
57,1,0,137,79,9380,0,56.4,0.0
60,2,0,105,82,11294,0,70.3,1.9
80,1,1,123,84,10290,14,50.5,4.7
12,1,0,95,66,13374,0,52.6,0.0
42,2,0,110,84,15455,0,51.9,0.0
30,1,0,130,78,9856,3,41.3,4.6
24,2,1,142,64,10116,1,15.2,4.3
20,2,0,90,71,7831,0,19.9,0.0
15,1,0,110,73,21551,0,68.3,0.0
33,2,0,115,88,10108,0,51.5,3.7
9,2,0,104,83,13646,0,36.8,0.0
80,2,1,159,75,10684,9,37.3,0.0
71,1,0,132,89,3550,17,51.5,0.0
73,1,0,126,62,9866,2,48.9,0.0
54,1,0,139,78,6320,1,54.3,0.0
16,1,0,102,67,14547,0,49.1,0.0
57,2,0,107,62,5693,3,43.2,0.0
10,2,0,101,51,7937,0,35.7,0.0
25,1,0,115,61,16961,0,68.3,0.0
43,1,0,121,78,4125,0,75.4,2.7
76,1,0,152,88,8367,0,65.8,4.9
10,2,0,95,60,9737,0,26.8,0.0
80,1,0,143,89,8878,8,54.0,0.0
8,2,0,82,59,11532,0,41.6,0.0
14,1,0,120,75,7935,0,33.0,0.0
51,2,0,95,73,11489,1,55.6,1.8
36,2,0,106,58,13332,0,42.2,4.2
49,2,0,119,66,10163,2,53.5,3.6
17,2,0,109,58,6718,0,58.8,0.0
10,2,0,76,48,15558,0,61.9,0.0
63,1,1,153,71,10994,7,42.0,5.7
17,1,0,90,20,14939,1,31.0,0.0
9,1,0,96,65,9914,0,33.1,1.4
26,1,0,119,75,12621,0,49.7,0.0
10,2,0,97,67,6242,1,52.1,2.3
8,2,0,115,43,17551,3,16.7,0.0
61,2,0,107,75,7237,3,62.4,3.1
63,1,0,135,66,5500,0,60.0,4.4
54,1,0,133,80,9750,0,54.7,0.0
71,2,0,130,91,13961,9,50.4,0.0
41,2,0,112,79,10624,0,32.4,0.0
80,1,1,205,90,7983,13,61.7,0.0
21,1,0,110,50,9081,4,23.6,0.0
50,2,0,116,78,9933,5,41.0,0.0
14,1,0,93,57,14406,0,30.4,0.0
13,1,0,132,72,11604,0,30.5,4.3
12,2,0,93,56,16959,0,48.1,0.0
51,1,0,114,72,13028,4,44.1,3.1
69,1,1,172,76,5697,8,35.1,0.0
42,1,0,111,67,11144,7,45.1,2.7
11,2,0,98,48,16055,0,45.2,0.0
42,2,0,108,44,11457,0,43.5,0.0
62,2,0,117,83,16446,0,77.9,1.4
68,1,1,125,63,7936,2,11.7,0.0
64,2,0,132,66,11778,2,73.0,0.0
31,1,0,100,55,10028,0,43.5,0.0
12,2,0,109,64,14731,0,67.2,0.0
38,1,0,128,63,7025,0,50.5,0.0
36,1,0,98,79,9100,0,27.4,2.2
62,1,0,110,73,13784,2,70.4,0.0
80,2,1,124,79,9497,10,51.9,5.3
33,1,0,121,72,11964,1,56.3,0.0
15,2,1,113,55,13359,4,15.9,4.8
49,2,0,140,87,14012,3,63.4,5.4
15,2,0,136,86,19963,0,50.1,2.3
9,1,0,93,51,16994,1,34.7,5.9
23,1,0,102,42,18771,0,70.7,4.8
23,1,0,126,78,15017,1,61.9,0.0
21,2,1,125,60,12565,5,1.2,7.1
36,1,0,114,51,8920,0,32.9,0.0
64,2,0,146,69,13465,0,78.1,0.0
9,1,0,127,56,13253,0,29.1,0.0
75,2,1,131,73,12315,6,40.6,3.0
20,1,0,131,93,7483,0,47.1,0.0
41,1,0,99,70,12387,0,47.9,0.0
60,2,0,113,54,11375,2,64.7,0.0
25,2,0,118,67,11559,0,15.2,0.0
14,1,0,109,56,14262,0,42.1,0.0
58,1,1,124,65,11186,7,35.2,5.1
57,1,0,122,87,5229,0,49.0,0.0
24,2,0,113,47,8397,1,64.4,0.0
27,2,0,114,61,15832,0,69.1,0.0
16,1,0,111,51,15153,1,31.5,0.0
8,1,0,88,46,15743,0,55.3,0.0
15,2,0,91,66,8029,2,19.3,3.5
80,1,0,148,82,10278,4,79.8,0.0
41,2,0,105,73,8052,1,47.1,0.0
80,2,1,151,70,8026,12,47.1,3.2
24,2,0,121,47,17013,0,39.8,0.0
53,2,0,117,68,16325,10,44.9,0.0
34,1,1,106,32,11433,7,24.7,2.6
60,2,0,133,50,10128,0,39.9,2.6
65,2,0,125,81,3574,1,51.0,5.0
8,2,0,102,56,20316,1,33.3,3.6
40,1,0,125,80,10105,0,59.3,0.0
15,1,0,121,56,16159,0,38.9,0.0
8,2,0,78,42,16913,0,29.2,0.0
19,1,0,103,52,10758,0,39.3,0.0
70,2,0,121,81,15293,2,42.5,0.0
41,1,0,134,63,19749,0,29.1,0.0
80,1,0,153,81,10314,2,63.4,0.0
8,2,0,80,65,10673,0,2.2,0.0
12,1,0,98,36,14384,0,43.2,0.0
64,1,1,118,58,14007,9,43.1,2.1
14,2,0,104,83,13875,0,14.0,3.2
39,2,0,98,69,9793,5,68.3,0.0
69,2,0,127,75,1827,9,14.4,0.0
9,1,0,90,24,14280,1,39.9,0.0
75,1,0,121,63,14549,2,65.6,1.6
12,2,0,108,64,8070,2,32.8,4.0
9,2,0,100,71,18643,0,43.0,0.0
74,2,1,141,72,8927,13,23.9,0.0
18,1,0,103,62,9523,0,25.2,5.2
8,1,0,108,81,17811,0,53.5,0.0
36,2,0,134,66,5663,1,29.8,0.0
61,1,0,117,84,8748,0,58.8,0.0
36,2,1,108,56,8435,0,24.9,7.3
23,1,0,115,54,10065,1,49.7,0.0
49,1,0,127,60,6036,0,57.6,0.0
69,1,0,129,97,10209,0,64.3,0.0
16,2,0,97,69,8996,0,18.4,0.0
68,1,0,108,59,5410,0,92.2,0.0
12,1,0,112,82,11166,1,63.8,0.0
24,1,0,110,73,5916,0,41.3,0.0
80,1,0,113,58,1635,2,61.9,0.0
27,2,0,100,41,13717,3,67.4,4.3
74,2,0,134,72,10926,2,45.3,0.0
52,1,0,132,79,12828,1,49.1,1.2
8,2,0,109,60,8404,0,37.2,0.0
32,1,0,126,55,10286,0,69.6,0.0
64,2,0,118,60,12163,0,56.4,0.0
79,2,0,135,95,11172,0,49.8,0.0
74,2,0,120,72,9646,0,55.5,0.0
70,1,0,142,68,7716,0,82.6,0.0
80,2,1,143,97,11428,7,39.9,5.0
28,1,0,148,66,9294,0,55.5,0.0
22,2,0,129,64,13619,0,18.6,0.0
35,1,0,113,51,16486,0,73.6,0.0
12,2,0,127,63,11671,1,48.5,0.0
80,1,0,140,79,11793,4,91.1,4.0
67,2,0,140,68,7314,4,63.4,4.5
8,1,0,100,42,14017,0,22.7,3.9
34,2,0,108,74,14012,0,33.2,1.5
11,2,0,101,53,14747,0,63.5,2.8
10,1,0,96,38,10108,0,16.0,0.0
34,2,0,121,64,7562,0,35.2,0.0
41,1,0,91,73,15495,0,48.9,0.0
12,1,0,123,64,13894,0,28.2,0.0
68,2,1,144,78,14097,3,40.6,4.6
8,2,0,75,46,12115,0,18.1,0.0
67,1,0,152,68,9180,1,44.8,0.0
51,2,0,128,50,18543,0,54.0,6.4
42,1,1,131,65,7532,4,10.3,5.1
57,1,0,142,73,11466,5,23.0,0.0
28,2,0,85,44,14249,1,37.8,3.3
70,2,1,118,63,6305,8,29.0,2.1
17,1,0,88,29,12272,0,35.0,1.6
53,1,1,139,54,8334,9,24.9,0.0
74,1,1,122,36,12665,6,44.6,3.1
13,2,0,103,62,18267,1,31.4,0.0
55,1,0,145,90,11872,0,75.8,4.2
27,1,0,109,88,9874,0,49.5,4.9
60,2,0,111,65,5787,2,55.0,2.8
13,1,0,110,48,9669,0,31.4,0.0
79,2,0,157,85,10236,3,45.6,0.0
19,1,0,111,59,8487,1,32.7,0.0
8,2,0,106,56,17135,0,20.7,0.0
65,1,0,163,59,12511,0,69.0,0.0
46,2,0,111,75,9564,1,62.1,1.3
9,1,0,100,58,14374,0,28.3,0.0
22,1,0,114,55,17842,0,42.5,0.0
23,2,0,112,74,10049,0,29.0,0.0
63,2,0,107,62,9585,0,39.2,0.0
57,1,0,122,75,10738,1,42.7,1.1
19,2,0,107,48,13513,0,42.5,0.0
32,1,0,121,61,4893,1,29.9,0.0
52,2,0,134,77,9006,2,37.5,0.0
33,2,0,103,75,7252,0,31.6,0.0
77,1,0,135,90,8557,0,90.9,0.0
14,1,0,122,72,6051,0,44.3,0.0
14,1,0,102,64,12135,0,21.7,0.0
13,1,0,110,48,10331,0,28.3,0.0
27,1,1,130,73,7341,7,23.8,4.1
9,1,0,104,51,12114,0,6.7,0.0
74,2,0,149,89,11786,3,54.0,0.0
61,1,0,133,68,12951,0,64.3,0.0
22,1,0,112,56,11306,0,43.0,0.0
53,1,1,146,55,1754,4,15.3,0.0
49,2,0,144,86,12949,2,46.7,0.0
28,2,0,92,67,4992,0,36.2,0.0
13,2,0,102,51,13207,0,28.5,0.0
11,2,0,136,83,13016,0,25.3,0.0
16,2,0,101,60,12980,0,48.8,0.0
80,2,1,138,66,7796,8,63.4,5.2
75,1,0,144,75,8372,0,62.8,3.8
10,1,0,87,41,17454,0,40.3,0.0
35,1,0,116,48,13137,0,53.7,0.0
51,1,0,141,64,13200,0,68.8,2.0
8,2,0,106,63,10542,0,42.4,3.2
47,2,0,99,49,12732,0,56.0,0.0
35,1,0,118,72,16709,1,59.4,4.9
16,2,0,92,81,10132,0,31.0,0.0
63,1,1,128,65,14656,3,40.6,3.5
60,2,0,134,97,13248,0,68.4,0.0
14,2,0,132,66,6973,0,22.4,0.0
56,2,0,113,62,10259,10,29.8,0.0
25,1,0,84,37,16095,0,69.5,0.0
33,2,0,126,67,12765,4,21.7,1.7
68,1,1,130,55,6328,3,24.8,2.6
18,1,0,121,65,13219,0,46.6,0.0
18,1,0,130,68,9265,0,33.1,0.0
10,1,0,92,45,9721,0,22.5,0.0
11,1,0,93,62,11112,0,55.3,0.0
77,1,0,126,76,13552,3,69.1,0.0
9,2,0,102,40,10329,0,41.1,2.4
18,1,0,154,87,8732,8,40.6,0.0
80,1,0,153,82,8250,3,73.0,0.0
46,1,0,110,38,8083,2,68.4,0.0
10,2,0,115,50,9804,3,13.6,0.0
9,1,0,101,62,9051,0,28.1,2.2
44,2,0,110,89,16303,0,64.2,0.0
50,1,0,115,72,3734,8,31.8,0.0
17,1,0,129,71,4344,0,62.8,6.1
64,1,0,121,74,8282,5,60.3,0.0
61,2,0,115,46,14455,4,47.5,0.0
29,2,0,102,56,13446,0,58.8,0.0
75,1,1,194,77,9410,5,56.3,6.4
45,2,0,130,73,12531,1,41.7,0.0
54,2,1,151,69,10291,3,21.8,0.0
60,1,0,122,54,9640,0,54.1,0.0
49,2,1,111,52,12168,3,35.1,5.7
80,1,0,143,81,10666,3,71.1,0.0
32,1,0,116,76,3555,0,54.5,3.9
64,2,0,128,81,6514,0,45.5,0.0
23,2,0,105,62,10248,0,33.3,0.0
36,2,0,85,57,14475,0,83.5,0.0
57,2,0,116,66,6288,0,48.8,2.3
17,2,0,106,59,13646,1,38.0,0.0
29,1,0,122,77,14429,0,55.7,0.0
47,2,0,118,80,7461,1,53.1,2.7
16,2,0,115,64,14649,0,67.9,0.0
59,1,1,129,88,5744,4,30.3,6.1
17,2,0,115,70,7332,0,44.6,0.0
41,1,0,123,63,15677,1,77.3,0.0
24,1,0,117,72,16239,0,33.6,0.0
77,1,1,134,63,9296,10,49.0,0.0
11,1,0,100,62,5228,0,46.6,0.0
53,2,0,89,70,6305,1,58.7,0.0
9,1,0,86,61,14356,0,73.4,0.0
11,2,0,93,54,15407,1,13.9,0.0
80,2,1,145,68,7991,4,46.9,0.0
14,1,0,105,56,5029,1,38.6,0.0
49,1,0,117,57,11764,5,59.8,2.5
36,1,0,113,78,18031,0,35.1,0.0
63,2,1,141,63,6652,2,24.6,2.9
78,2,0,119,69,9401,0,60.8,4.3
62,1,0,117,63,11852,2,34.4,0.0
49,2,0,118,58,9430,2,34.2,4.4
70,1,0,125,52,5005,1,63.2,0.0
16,1,0,106,70,7536,0,37.2,0.0
9,1,0,110,70,19532,0,38.2,0.0
30,2,0,114,52,13308,2,51.6,2.2
32,1,0,118,81,15079,1,61.3,3.3
22,1,0,101,43,11001,0,60.6,0.0
44,2,0,113,73,11802,0,53.4,0.0
57,1,0,137,80,7461,4,26.5,0.0
38,1,0,105,65,16905,0,37.1,1.3
15,2,0,116,70,12533,0,48.9,0.0
10,1,0,88,57,10700,0,83.1,0.0
17,2,0,117,66,15744,3,14.7,0.0
20,2,0,99,72,13368,3,43.0,0.0
67,1,1,117,72,1977,5,19.0,0.0
13,1,0,102,66,9659,0,27.7,0.0
49,2,0,128,49,8812,1,53.7,4.2
8,1,0,76,58,8965,0,28.9,0.0
28,1,0,103,66,9315,0,31.8,0.0
30,2,0,127,85,5900,0,77.2,0.0
56,1,1,119,66,9699,11,25.7,2.7
34,1,0,118,58,13307,0,78.0,0.0
65,2,0,159,82,5418,0,52.4,0.0
66,2,0,147,73,10852,1,40.2,2.2
8,1,0,89,46,17821,0,13.9,0.0
65,1,0,143,77,11234,3,48.8,0.0
14,2,0,102,46,13216,0,33.6,0.0
9,1,0,126,66,7643,0,42.4,1.6
67,2,0,160,59,12394,3,36.1,0.0
79,2,0,119,85,9551,1,64.4,0.0
11,1,0,96,52,10333,0,47.9,0.0
21,2,0,101,55,9862,1,34.1,0.0
40,2,1,120,63,11606,1,5.5,0.0
66,2,0,133,55,12343,0,64.0,0.0
80,1,0,162,70,4417,2,52.6,0.0
20,1,0,106,55,9374,0,43.0,0.0
60,1,0,121,67,14344,0,32.6,0.0
21,2,0,98,64,7834,1,19.5,0.0
36,1,0,129,70,15163,0,73.4,0.0
75,2,0,119,76,11276,3,25.4,0.0
12,2,0,99,54,18464,0,46.0,0.0
36,1,0,105,70,7970,3,55.7,4.2
71,2,0,130,82,12011,1,71.3,0.0
41,1,0,103,57,8481,0,37.0,0.0
26,1,0,110,80,16271,0,57.2,0.0
18,1,0,122,79,12267,1,56.5,0.0
45,1,0,122,71,12901,0,56.5,0.0
41,2,0,91,50,9565,0,60.7,0.0
59,2,0,112,58,11752,2,29.7,2.8
40,2,0,104,71,12529,0,62.0,0.0
45,2,0,121,70,15180,2,59.4,0.0
9,1,0,116,79,9998,0,37.6,2.8
9,1,0,119,77,11015,0,45.4,0.0
72,1,0,127,81,8898,7,56.8,4.7
33,1,0,105,81,16054,0,81.4,0.0
58,2,0,110,62,15226,0,29.2,2.6
71,2,0,137,81,10731,1,58.9,0.0
80,2,1,143,86,2459,2,45.0,4.9
69,1,0,124,74,10476,6,30.3,0.0
34,1,0,122,62,19652,0,56.1,0.0
10,2,0,97,59,14920,1,54.7,3.9
11,2,0,110,70,15477,0,66.6,0.0
43,1,0,152,80,10868,4,39.7,0.0
20,2,0,105,56,15306,0,22.7,2.8
27,2,0,102,74,9790,0,75.1,0.0
13,2,0,103,65,10381,0,61.0,0.0
50,1,1,125,57,9931,5,34.6,2.7
60,1,0,115,77,10193,6,27.9,0.0
29,2,1,102,55,11380,6,24.3,4.5
39,1,0,119,53,11281,0,44.8,4.4
80,2,1,126,88,2867,9,46.3,6.5
11,2,0,98,40,14741,0,35.1,0.0
23,2,0,110,74,13713,3,7.5,0.0
56,1,0,122,69,13495,0,61.5,1.7
9,2,0,89,66,14968,0,56.3,0.0
11,2,0,104,62,13709,0,44.1,0.0
8,2,0,80,44,19772,0,40.3,0.0
45,2,1,156,82,11402,1,36.8,7.5
27,2,0,86,62,16659,0,49.3,0.0
42,2,0,119,85,12496,1,49.2,1.9
63,1,0,118,78,12135,0,54.7,3.0
29,2,0,98,59,15693,0,37.4,4.3
18,1,0,100,58,12568,0,44.2,0.0
53,1,0,101,60,10522,2,51.4,0.0
39,1,0,115,61,10902,0,62.8,0.0
51,2,0,119,74,19366,0,45.9,0.0
36,1,0,121,63,4623,3,56.2,0.0
15,2,0,118,74,16106,0,27.2,1.9
14,2,0,122,69,10348,2,5.7,0.0
17,2,0,113,75,9794,0,40.7,0.0
58,2,0,128,54,6071,1,42.2,2.4
47,2,0,105,79,13963,0,58.9,0.0
75,2,1,132,72,11035,14,33.0,4.0
37,1,0,121,84,9329,2,48.5,0.0
57,2,0,136,83,17365,9,40.0,1.5
49,1,0,113,76,16663,0,29.0,3.8
9,1,0,110,62,7467,0,14.0,0.0
13,2,0,109,51,11269,0,41.5,5.3
54,2,0,101,52,8730,0,42.9,0.0
15,2,0,113,65,15318,0,60.6,0.0
25,2,0,101,74,2706,0,29.8,0.0
65,1,1,138,73,2946,7,25.6,6.3
41,1,0,100,77,14578,1,55.3,0.0
70,1,1,127,59,8154,2,17.7,0.0
53,2,0,150,91,12915,4,49.2,3.3
22,1,0,108,94,9015,1,24.4,0.0
11,1,0,113,65,20777,0,77.7,0.0
70,2,0,150,71,10316,2,49.1,0.0
59,1,0,100,48,7737,3,49.9,3.1
54,1,0,129,65,8675,3,59.2,4.7
12,1,0,109,65,17293,0,47.1,0.0
53,2,0,114,58,6261,3,45.4,2.6
68,2,0,130,81,10008,0,79.2,2.1
8,1,0,119,71,13579,0,33.2,0.0
57,1,0,128,60,3487,2,46.5,0.0
37,1,0,134,82,10502,0,88.7,0.0
24,2,0,110,52,10710,4,34.4,3.6
40,1,0,129,59,15673,2,36.3,1.5
36,1,0,135,70,9490,0,67.4,2.0
24,2,0,100,54,16884,5,46.7,0.0
32,1,0,108,64,11765,0,48.8,0.0
29,1,0,137,68,13687,0,48.0,0.0
67,1,0,118,82,17243,2,53.2,0.0
14,1,0,113,64,10202,1,33.6,0.0
11,2,0,93,53,19330,0,63.0,0.0
43,2,0,117,81,13628,3,29.5,0.0
25,2,0,96,34,7882,0,42.0,4.2
45,2,0,139,70,16968,0,57.4,0.0
43,2,0,117,58,13285,2,39.8,0.0
9,1,0,99,53,12125,0,58.3,0.0
19,2,0,85,66,17983,4,37.9,0.0
35,1,0,106,58,11753,0,50.2,0.0
75,2,0,132,65,12269,2,52.0,0.0
11,1,0,106,52,22104,0,27.7,0.0
51,1,0,126,74,9637,0,59.6,0.0
27,1,0,110,66,12040,0,23.6,3.4
48,1,0,121,57,14096,1,36.5,5.4
24,1,0,125,57,11620,3,29.2,0.0
65,2,0,106,50,7386,0,35.4,0.0
53,1,0,101,74,3128,2,29.4,0.0
70,1,0,146,83,9014,3,47.8,0.0
9,2,0,106,69,15799,0,27.5,0.0
27,2,0,119,46,9361,0,23.9,0.0
36,2,0,99,56,13067,1,58.2,0.0
11,2,0,129,54,13179,0,16.8,0.0
25,1,1,112,69,7734,12,14.6,3.3
19,2,0,104,48,11236,0,44.1,2.4
8,2,0,81,65,18546,0,4.7,0.0
11,1,0,104,80,14981,0,50.8,0.0
11,1,0,103,59,12188,1,66.8,0.0
80,2,0,131,76,7828,2,53.9,2.3
41,1,0,124,66,4781,0,48.1,1.1
54,2,0,128,64,11749,0,71.9,5.4
25,1,0,123,68,3754,0,57.1,0.0
57,1,0,165,60,5636,0,70.7,3.9
44,1,0,121,70,14904,2,30.7,0.0
80,2,1,123,79,10382,8,54.4,3.3
62,2,0,121,76,9481,2,50.4,1.1
44,2,0,112,41,9188,3,43.3,3.2
53,2,0,110,55,11688,8,39.9,0.0
11,1,0,104,46,12333,0,54.3,0.0
19,2,0,144,86,12362,0,27.0,0.0
53,1,0,133,67,11367,5,45.7,0.0
46,2,0,103,66,12132,6,35.5,0.0
11,1,0,109,58,17146,1,16.1,0.0
9,2,0,114,67,12765,0,53.4,5.6
55,1,0,136,59,12059,0,50.3,0.0
76,2,0,144,89,7799,4,74.3,0.0
18,1,0,104,62,11587,0,78.2,0.0
35,1,1,106,49,12081,4,28.3,6.9
34,2,0,106,70,10023,2,26.8,2.8
23,2,0,97,70,12398,0,65.4,0.0
39,2,0,110,61,8948,0,25.7,0.0
15,2,0,92,53,20400,0,51.9,0.0
10,2,0,86,47,12979,0,34.6,0.0
14,2,0,103,70,9578,0,71.5,0.0
50,1,0,139,75,11863,0,39.1,6.7
65,2,1,113,54,17258,1,23.6,1.9
38,1,0,132,70,9613,1,31.8,0.0
46,2,0,91,51,14054,0,50.0,3.5
36,1,0,139,86,13810,0,64.8,0.0
18,2,0,113,57,7443,2,38.4,4.8
65,1,0,113,60,11832,3,58.2,0.0
13,2,0,108,60,11935,0,46.5,0.0
25,2,0,121,75,8594,1,14.1,3.8
66,1,0,148,81,9218,2,41.7,0.0
9,2,0,111,73,18412,0,21.2,0.0
17,1,0,107,64,8937,0,39.9,0.0
12,1,0,108,73,14000,0,46.3,0.0
45,2,0,99,55,11723,1,32.7,0.0
49,2,0,102,72,8170,0,45.2,0.0
43,2,0,118,77,6140,0,22.3,0.0
52,1,0,143,69,11385,0,59.6,3.3
10,1,0,113,92,6306,0,61.0,0.0
23,1,0,130,101,15759,0,31.0,2.8
17,2,0,125,75,13043,0,17.8,0.0
24,1,0,134,55,10405,0,30.8,1.3
10,1,0,104,65,13638,1,39.5,2.6
62,2,1,116,59,4884,5,16.4,6.3
53,2,0,118,58,7946,1,52.7,0.0
55,2,0,115,60,15596,0,70.2,2.5
50,2,0,116,62,9928,6,40.1,0.0
58,1,0,106,77,13640,2,31.2,0.0
12,1,0,128,77,10331,0,35.5,0.0
34,2,0,86,50,13260,1,43.2,0.0
8,2,0,100,64,18873,0,23.7,0.0
17,1,0,115,83,11228,0,9.7,2.5
12,2,0,94,72,10943,0,37.6,0.0
80,2,0,131,54,8669,2,65.6,0.0
36,2,0,103,61,11238,7,43.4,0.0
37,2,0,128,90,8608,0,16.9,0.0
15,2,0,128,55,16730,0,54.7,0.0
53,2,0,144,78,16555,0,81.0,0.0
43,2,0,108,31,7938,1,42.1,0.0
10,2,0,117,76,14542,0,41.5,0.0
58,2,0,116,61,6478,5,22.8,0.0
8,1,0,113,47,12704,1,23.9,0.0
33,1,0,117,80,11913,0,66.8,0.0
33,1,0,124,62,6769,0,46.7,0.0
12,2,0,102,77,13302,0,44.8,2.6
13,1,0,110,57,15964,0,35.7,2.4
25,1,0,121,80,9409,2,38.0,0.0
29,2,0,115,67,18037,0,64.8,0.0
43,1,0,96,64,6868,0,32.5,0.0
52,2,0,108,65,7798,5,42.0,0.0
65,2,0,104,52,16156,0,83.1,3.6
12,2,0,111,68,9782,1,27.9,0.0
40,2,0,91,65,13813,1,36.4,2.1
8,1,0,97,52,16658,0,44.7,0.0
73,2,1,112,66,5890,19,37.8,2.4
51,1,0,119,66,11363,0,34.8,0.0
21,2,0,107,63,5809,2,30.5,0.0
71,2,0,122,76,10376,2,48.4,0.0
16,1,0,108,61,19003,0,52.0,1.5
39,2,0,128,59,13616,1,27.3,0.0
11,1,0,89,54,13246,0,35.3,0.0
33,1,0,114,79,8505,0,63.8,0.0
37,2,0,110,52,10075,1,47.0,0.0
63,2,0,146,86,12383,1,78.7,0.0
74,1,0,131,72,9073,1,76.9,2.4
15,1,0,105,57,8440,0,41.4,0.0
52,2,0,147,102,12402,0,49.0,0.0
15,1,0,97,67,9531,0,53.0,0.0
25,2,0,130,78,16253,0,27.7,0.0
54,1,0,135,53,13296,1,52.3,0.0
24,2,0,123,70,4878,0,30.5,0.0
54,2,0,136,55,11269,0,66.4,0.0
40,1,0,126,72,9127,1,36.3,3.9
10,1,0,103,61,12652,0,30.8,0.0
16,1,0,108,67,11566,0,42.5,0.0
12,2,0,95,48,9436,3,4.7,1.9
57,1,0,104,60,8341,1,39.8,0.0
28,2,0,115,59,15332,3,30.9,0.0
22,2,0,111,69,10940,3,48.2,0.0
29,1,0,125,54,11509,2,33.4,0.0
33,1,0,135,74,11984,0,54.7,0.0
47,2,1,115,79,6424,8,16.3,4.3
36,1,0,109,65,13154,5,41.4,3.1
18,1,0,97,62,9736,0,52.2,0.0
28,1,0,129,77,12733,0,19.2,0.0
76,2,1,126,81,6691,7,34.2,2.0
63,1,1,173,77,8265,8,35.6,0.0
80,1,0,149,64,6843,1,75.0,1.9
9,1,0,99,48,15529,0,49.0,0.0
14,2,0,109,56,8463,4,28.9,2.1
17,2,0,101,52,9193,0,63.6,0.0
51,2,0,125,63,7061,6,39.8,0.0
63,1,0,120,75,5907,1,41.3,0.0
49,1,0,105,86,7991,4,40.2,0.0
12,2,0,109,61,13572,0,34.0,0.0
17,2,0,113,62,13521,0,36.4,0.0
69,1,0,139,59,14099,2,65.6,2.3
50,1,0,131,60,3487,1,35.8,0.0
45,2,0,127,71,14624,0,48.8,4.8
31,1,0,120,82,9376,0,64.0,6.5
24,2,0,117,58,13966,4,17.2,0.0
46,2,0,137,71,10669,1,44.7,0.0
43,2,0,117,33,15424,1,43.9,0.0
74,1,0,130,76,8398,3,47.1,3.1
9,1,0,84,58,13439,0,51.9,0.0
50,1,0,128,93,9842,3,35.1,0.0
36,1,0,127,65,13943,2,35.7,0.0
51,1,0,149,70,5343,0,63.4,0.0
80,1,1,160,75,10376,0,64.3,6.8
18,2,0,94,47,16541,1,26.0,3.5
62,2,0,99,67,12257,0,32.2,0.0
43,1,0,128,81,8524,0,47.3,0.0
42,1,0,104,85,10427,0,54.4,0.0
33,2,0,100,70,9149,0,33.5,0.0
45,2,0,95,49,9556,0,47.6,0.0
36,1,0,146,90,8335,2,40.9,0.0
42,2,0,107,69,16486,4,46.0,4.1
55,2,0,109,56,12912,1,33.0,4.3
30,2,0,103,63,7692,1,52.8,0.0
15,2,0,124,85,11404,0,62.5,0.0
38,1,0,111,57,17082,1,36.3,0.0
62,2,0,133,80,3738,0,65.4,0.0
11,1,0,99,54,12761,0,61.5,1.9
71,1,0,145,80,12007,0,68.9,0.0
22,1,0,124,63,12735,1,42.5,2.2
80,1,1,142,61,5120,10,42.6,4.2
16,1,0,89,33,11168,0,59.4,0.0
11,1,0,118,73,11721,0,29.3,0.0
34,2,0,104,52,10064,0,32.2,1.7
51,2,0,100,47,8228,3,52.2,0.0
80,2,1,152,82,8536,3,26.9,3.4
40,1,0,94,63,10815,1,46.4,3.1
29,2,0,90,45,11642,0,53.6,0.0
11,2,0,111,55,6018,0,32.0,0.0
29,1,0,93,65,11137,0,48.1,0.0
38,2,0,136,67,15856,0,48.9,0.0
19,1,0,123,75,16536,0,66.9,0.0
64,1,0,140,101,12299,4,43.1,0.0
33,2,0,131,57,16784,0,53.3,2.1
56,1,0,140,66,11473,6,28.1,0.0
13,1,0,120,76,6860,0,41.3,0.0
22,1,0,125,58,10388,0,49.9,3.6
17,1,0,119,80,16684,0,43.1,0.0
76,1,1,144,86,12611,1,34.8,2.2
41,1,0,133,87,6207,0,66.9,0.0
20,1,0,92,57,13977,0,45.5,0.0
57,1,0,107,60,6469,1,23.1,0.0
11,1,0,113,45,11499,0,3.7,0.0
36,2,0,112,56,15492,2,55.5,0.0
9,2,0,96,61,14604,0,28.5,0.0
39,2,0,115,78,15052,0,56.4,0.0
69,1,0,127,65,9198,3,59.9,0.0
36,1,0,108,61,14030,0,52.6,0.0
21,2,0,95,48,10815,1,42.2,0.0
30,1,0,94,57,9264,0,61.4,6.4
37,1,0,104,57,7129,3,27.9,0.0
33,2,0,129,59,14557,0,36.3,2.6
10,1,0,103,56,13650,0,39.5,0.0
42,2,0,121,71,11687,1,39.8,4.0
8,1,0,97,56,12329,0,15.3,0.0
55,1,0,123,68,6846,1,37.0,0.0
9,2,0,104,55,16875,0,46.7,0.0
60,2,0,135,62,2550,0,48.0,0.0
23,1,0,89,59,10910,0,59.5,2.9
38,2,0,114,79,11521,0,56.4,0.0
8,1,0,107,71,16176,0,5.1,1.5
74,2,0,128,77,6966,5,43.3,0.0
13,1,0,130,62,14378,0,48.2,0.0
9,1,0,88,56,14904,0,44.7,0.0
33,1,0,142,82,15884,0,27.8,0.0
76,2,0,125,78,8716,0,61.0,0.0
13,2,0,103,72,12733,0,35.0,0.0
61,1,0,126,74,11306,0,48.0,1.3
66,2,0,161,93,9864,3,48.2,0.0
55,2,0,103,65,12871,0,45.3,1.3
12,1,0,109,52,12159,2,17.9,0.0
44,2,0,115,54,12178,1,32.9,0.0
70,1,0,115,65,9759,3,46.8,0.0
38,2,0,81,39,13376,0,34.5,0.0
22,2,0,100,67,7310,1,38.0,0.0
13,2,0,103,69,14781,0,42.1,0.0
62,2,0,121,81,10532,2,60.0,0.0
40,2,0,139,54,12492,0,34.5,0.0
28,1,0,91,70,17955,2,39.5,0.0
13,2,0,110,64,13699,0,46.0,6.5
23,2,0,110,79,14424,1,28.6,0.0
13,1,0,108,69,15199,0,24.7,0.0
36,2,0,108,54,9545,0,76.6,0.0
80,1,0,124,86,8752,3,60.5,0.0
15,2,0,112,47,13289,0,45.0,0.0
20,2,0,128,88,9885,0,48.7,0.0
26,1,0,140,66,12202,0,56.5,0.0
24,2,0,134,64,14759,0,38.2,0.0
13,2,0,81,72,13397,0,46.4,3.4
27,1,0,107,75,7880,0,19.9,0.0
33,1,0,146,84,11494,0,52.0,4.9
30,1,0,100,65,16417,0,31.9,0.0
21,1,0,108,79,15750,1,53.5,0.0
15,2,0,91,44,8028,0,34.3,2.7
16,2,0,101,77,6769,0,40.9,1.4
18,1,0,116,66,9565,0,32.7,0.0
77,2,1,147,64,6146,7,47.6,0.0
64,2,0,125,64,7481,0,63.1,0.0
49,2,0,119,83,11648,1,35.9,3.7
13,1,0,107,55,7602,0,14.4,0.0
36,1,0,142,85,8479,1,27.5,3.5
20,1,0,131,68,13869,0,30.0,0.0
12,1,0,110,79,13891,0,54.8,0.0
52,1,0,142,70,12236,6,29.9,0.0
39,1,0,136,71,11705,4,38.0,0.0
19,1,0,116,71,11898,1,50.7,4.2
48,2,0,117,73,11084,2,61.3,1.3
8,2,0,95,65,20131,0,40.6,0.0
43,2,0,111,53,1854,5,41.0,3.5
8,1,0,120,63,18230,0,25.4,0.0
69,1,1,129,56,4589,4,30.9,4.7
16,2,0,99,53,11016,0,82.9,0.0
69,1,1,143,61,15350,8,44.1,6.9
45,2,0,137,95,2734,3,39.5,0.0
53,2,0,127,78,7854,3,42.9,3.5
38,1,0,103,70,5658,1,44.5,0.0
10,1,0,123,67,15393,0,53.0,0.0
17,2,0,133,83,13413,0,51.5,0.0
52,1,1,115,67,6422,3,5.3,0.0
20,2,0,111,47,14136,0,23.4,0.0
11,1,0,104,38,8450,0,30.2,4.1
11,2,0,104,56,20965,0,43.0,0.0
24,1,0,130,60,16433,1,37.3,3.0
60,2,0,170,77,11442,1,65.5,0.0
38,1,1,117,72,10869,6,29.7,3.8
9,1,0,101,38,13928,0,69.6,0.0
63,2,0,124,62,10742,0,60.4,3.8
41,2,0,98,53,12264,8,31.1,0.0
80,2,1,121,73,3554,4,37.3,6.1
22,2,0,105,62,11466,2,39.1,0.0
12,2,0,92,53,16617,0,37.5,0.0
10,2,0,97,60,10616,0,21.3,5.1
54,1,0,154,83,7564,1,54.0,0.0
76,2,0,130,77,6703,8,48.7,0.0
80,2,0,127,71,4343,6,32.1,0.0
59,2,0,124,52,13219,0,70.2,3.2
44,2,0,112,69,10146,0,54.1,0.0
80,1,0,142,96,13263,11,67.4,0.0
13,1,0,112,67,13991,0,59.1,0.0
28,1,0,118,71,14447,1,76.7,0.0
73,2,0,108,72,7906,5,59.7,0.0
12,1,0,96,59,11025,2,62.0,0.0
33,2,0,155,79,9385,0,52.2,0.0
67,1,0,150,104,8975,4,47.5,0.0
13,2,0,109,76,10441,0,27.6,0.0
67,2,0,121,54,10492,5,68.7,4.4
45,2,0,110,58,8451,1,40.8,6.0
34,2,0,113,57,16883,0,34.0,0.0
80,1,1,141,78,10413,1,34.2,3.2
40,2,0,107,73,13499,2,37.0,3.3
19,2,0,119,59,19728,2,29.9,5.6
66,1,0,122,90,8191,1,40.9,3.4
36,1,0,138,53,7339,1,27.7,0.0
80,1,1,119,71,5127,11,16.9,0.0
52,1,0,152,81,13619,0,38.3,0.0
10,1,0,103,63,15265,0,21.5,0.0
24,2,0,115,76,12447,2,15.1,0.0
70,1,1,119,92,7431,4,24.6,4.3
34,1,0,106,80,8661,0,53.4,0.0
16,1,0,123,76,20606,0,46.8,0.0
49,1,0,130,51,7665,2,54.1,4.2
20,1,0,86,43,16409,1,23.3,0.0
61,2,0,131,75,10180,0,39.7,0.0
54,2,0,133,70,15296,0,49.5,0.0
61,1,0,121,72,9411,0,46.8,1.6
80,1,0,150,72,3878,0,60.1,0.0
11,1,0,109,63,12712,0,74.2,0.0
51,2,0,127,61,15537,0,53.7,0.0
59,1,0,117,50,10395,1,38.7,0.0
14,2,0,105,50,13097,1,33.4,3.8
22,2,0,120,73,11808,0,54.3,0.0
14,1,0,91,44,10086,1,34.4,0.0
13,1,0,116,55,16544,0,59.9,0.0
80,2,0,179,94,14497,3,86.1,3.7
80,1,1,160,84,11470,13,23.5,8.4
41,2,0,126,62,11050,0,42.1,5.9
43,1,0,114,66,12426,2,44.4,3.8
42,2,0,108,69,6898,1,32.4,0.0
21,1,0,129,82,10393,0,31.0,4.3
40,1,0,135,71,12817,2,29.6,0.0
13,2,0,95,61,13494,0,23.4,3.1
63,2,0,118,74,9428,1,37.3,0.0
59,1,0,133,72,17695,0,76.8,5.9
63,2,0,102,66,4437,2,39.8,0.0
63,1,0,128,72,6129,0,39.6,1.3
73,1,1,144,72,5477,12,19.6,4.0
61,2,1,133,59,2169,5,35.6,3.3
33,2,0,122,76,7996,0,27.5,0.0
35,1,0,115,54,15556,1,47.9,2.8
51,1,1,140,71,10432,6,28.2,0.0
25,2,0,131,61,8742,0,46.1,0.0
59,1,0,155,95,10469,0,72.8,4.9
45,2,0,108,68,12291,0,71.7,0.0
79,2,0,130,85,9789,0,70.6,6.1
80,2,0,110,78,2173,6,80.9,4.1
59,1,1,129,69,13500,5,26.5,0.0
10,2,0,85,42,13749,0,57.0,0.0
46,1,0,114,46,13426,6,28.2,0.0
54,2,0,137,59,9360,0,43.7,0.0
48,2,0,132,74,9184,0,31.3,0.0
65,2,0,111,48,13803,4,70.6,2.4
58,1,1,135,53,8748,0,18.4,0.0
18,1,0,113,64,13122,0,36.3,1.9
31,2,0,126,72,14321,2,44.0,1.6
13,1,0,131,70,13696,0,42.1,0.0
8,2,0,83,65,16648,0,44.0,0.0
42,1,0,108,42,13550,1,30.7,3.2
17,2,0,132,64,10316,1,35.6,0.0
77,1,0,115,85,10555,0,65.3,0.0
8,2,0,103,49,16014,0,60.5,0.0
34,1,0,117,65,5517,0,40.1,0.0
41,2,0,148,76,9269,1,44.9,4.8
15,2,0,120,53,12412,0,33.6,0.0
33,1,0,111,56,14705,1,72.1,0.0
25,1,0,118,64,10299,3,34.0,0.0
42,1,0,117,75,9667,1,52.4,0.0
11,2,0,123,76,13691,0,46.0,0.0
15,2,0,90,70,7991,0,5.2,0.0
9,1,0,105,51,7404,0,31.8,2.6
80,1,0,143,84,8696,0,46.5,0.0
54,2,0,128,77,12528,3,33.0,0.0
18,1,0,101,70,8736,1,33.5,0.0
18,1,0,108,56,8753,0,25.8,2.4
31,2,0,99,58,9432,2,40.4,0.0
17,1,0,109,49,13899,0,57.4,0.0
44,1,0,121,67,9908,3,56.8,0.0
8,2,0,114,50,21349,1,3.1,4.8
27,1,0,117,62,11547,0,33.1,3.0
50,1,0,124,61,11222,2,50.8,0.0
27,2,0,102,46,12351,0,72.0,0.0
17,2,0,132,86,13020,0,13.9,0.0
9,1,0,90,37,9366,6,14.0,0.0
42,1,1,131,67,15912,2,22.4,3.3
66,2,0,113,62,5639,7,34.1,0.0
70,1,0,123,77,14051,5,53.6,0.0
69,1,0,155,92,13605,11,59.2,0.0
72,2,0,123,61,10977,4,53.9,0.0
22,1,0,107,44,13799,1,37.6,4.9
9,2,0,111,69,12330,0,9.9,4.0
62,1,0,108,73,8310,0,68.7,4.3
47,2,1,99,50,9192,1,22.0,3.0
63,1,0,130,78,1177,3,43.9,0.0
12,2,0,108,50,9991,1,26.9,2.2
35,2,0,111,73,12272,3,55.2,0.0
55,1,0,131,55,11528,0,41.1,0.0
36,1,0,123,88,11371,3,23.1,0.0
56,1,0,155,88,11579,3,35.2,0.0
19,1,0,130,57,16736,1,48.2,0.0
30,2,0,115,69,18378,0,47.7,0.0
17,1,0,106,53,9464,0,36.5,4.6
27,2,0,105,46,16260,2,45.6,0.0
80,1,0,150,67,8658,1,77.1,0.0
69,1,1,123,75,4978,4,51.1,5.0
69,1,0,132,82,2749,3,49.2,0.0
53,2,0,102,54,8904,2,43.4,0.0
65,2,1,124,104,10999,7,48.8,5.8
18,2,0,110,79,11383,4,34.2,4.9
51,2,0,108,80,11798,0,48.5,0.0
10,2,0,121,63,18562,0,31.8,0.0
80,1,1,146,77,9309,10,55.2,2.8
28,1,0,142,76,10926,0,68.2,0.0
69,1,1,124,75,8526,2,15.5,0.0
64,1,0,138,56,6055,1,46.1,2.1
66,1,0,108,63,6400,1,60.4,0.0
22,1,0,134,79,13796,1,58.3,0.0
55,2,0,111,77,9999,0,32.3,0.0
14,1,0,96,60,18363,5,20.3,0.0
24,1,0,97,62,10264,5,36.2,3.9
33,2,0,86,61,16805,2,35.5,4.9
44,2,0,117,60,11549,6,41.1,0.0
47,2,1,106,52,8233,3,19.0,3.1
15,1,0,116,67,11745,0,34.5,0.0
27,2,0,133,80,12426,1,21.7,0.0
45,2,0,124,62,14086,1,35.2,2.5
34,1,0,141,52,6548,7,38.6,0.0
23,1,0,129,71,13799,2,42.8,0.0
65,1,0,162,78,13087,2,63.8,4.5
39,1,0,112,64,6625,0,57.5,0.0
18,2,0,85,36,13337,0,31.5,0.0
80,1,1,166,94,4210,17,48.4,0.0
36,1,0,103,39,10135,0,45.0,2.8
37,2,0,96,56,15595,0,38.6,2.6
80,2,1,153,60,3544,10,62.0,0.0
38,1,0,104,59,6446,0,51.5,3.6
55,2,0,110,62,10966,2,54.2,0.0
10,2,0,111,71,7489,0,60.8,0.0
16,2,0,119,69,10446,2,40.5,1.6
16,1,0,125,65,10761,0,17.9,3.4
41,2,0,118,81,12344,0,55.6,0.0
45,1,0,128,55,12422,5,22.5,0.0
13,1,0,97,61,2043,1,20.3,0.0
9,1,0,92,41,23315,0,58.3,0.0
12,2,0,115,49,16979,1,30.8,0.0
46,1,0,118,69,13974,0,40.2,0.0
16,1,0,118,70,12716,0,60.4,4.5
65,2,1,135,60,9981,7,34.2,4.9
70,2,1,137,74,9505,7,57.6,5.1
53,2,0,94,65,9738,0,45.5,0.0
9,2,0,94,57,13903,0,26.7,0.0
26,2,0,100,60,9606,0,51.6,0.0
17,1,0,88,60,14044,0,34.3,3.0
63,1,0,154,75,8162,0,63.8,0.0
62,1,0,115,60,13796,4,60.5,0.0
52,1,0,108,53,9645,0,30.6,0.0
68,2,0,134,68,2500,1,47.2,0.0
33,1,0,121,55,14377,0,69.9,4.1
22,1,0,121,69,15486,0,48.9,0.0
69,2,0,135,61,18550,4,54.4,2.3
8,1,0,87,43,13345,0,43.2,0.0
19,1,0,115,70,10213,0,43.7,0.0
9,1,0,85,62,6451,0,7.7,2.8
37,1,0,124,66,10619,0,63.2,0.0
15,1,0,111,76,13332,0,50.0,1.9
17,2,0,121,61,8838,0,50.3,1.5
39,2,0,126,54,13599,2,26.8,0.0
31,1,0,115,68,13066,0,33.0,0.0
60,2,0,143,63,10236,0,56.7,0.0
61,2,0,124,63,12002,2,54.5,0.0
67,2,0,132,68,10260,5,42.7,0.0
42,2,0,117,81,11410,1,47.0,0.0
10,2,0,116,50,18466,4,36.3,1.6
60,1,0,115,59,10460,3,45.7,1.1
31,2,0,126,70,9726,2,31.2,0.0
50,1,0,138,82,18359,1,62.4,0.0
47,1,0,127,79,17769,0,39.5,5.3
80,2,1,152,89,13072,4,40.4,3.4
8,1,0,97,73,15705,0,22.5,0.0
68,2,0,120,74,10425,1,58.5,4.5
38,2,0,126,78,10418,0,73.5,3.3
14,2,0,107,72,3293,0,43.1,4.7
23,1,0,121,83,12598,0,39.9,2.0
62,2,0,117,56,5429,4,51.1,1.3
54,2,0,131,62,10343,0,47.1,2.4
39,2,0,109,61,15241,2,36.0,0.0
43,1,0,102,73,10223,1,37.7,0.0
40,1,0,140,56,11589,0,60.8,3.2
13,1,0,147,51,8334,1,27.3,0.0
22,1,0,109,76,16486,0,40.3,0.0
61,2,0,147,69,14056,4,40.6,0.0
46,1,0,101,54,9723,0,38.8,0.0
33,2,0,124,66,9316,1,52.8,2.9
51,2,0,120,58,10454,2,52.6,0.0
59,2,0,135,75,9123,3,48.3,0.0
41,2,0,122,92,7800,0,80.5,4.8
70,1,0,130,77,3362,3,46.2,0.0
67,1,1,148,58,12618,4,15.9,3.3
15,1,0,126,53,12895,0,29.3,4.2
9,1,0,113,51,18645,0,38.9,5.1
70,2,0,142,87,8696,2,38.1,2.8
19,2,0,115,75,14335,5,16.4,0.0
17,1,0,116,87,14955,0,39.0,0.0
41,2,0,115,61,7943,1,67.9,0.0
23,1,0,111,56,15603,0,54.1,0.0
17,2,0,95,58,13067,0,28.7,2.7
14,2,0,107,60,14601,0,46.4,0.0
24,1,0,109,60,17831,0,63.4,0.0
30,2,0,103,52,10805,0,72.8,0.0
8,1,0,115,59,12530,0,24.8,0.0
29,1,0,113,55,12654,0,42.3,0.0
56,1,1,112,70,2350,0,15.2,3.9
59,1,1,124,69,8243,2,23.2,2.8
49,1,0,168,78,11665,1,59.4,2.5
28,2,0,106,74,9483,1,49.7,0.0
64,1,0,122,72,13166,1,67.6,0.0
61,1,0,127,66,13258,4,59.0,2.3
48,2,1,100,56,9313,10,9.5,0.0
74,1,0,158,69,13101,0,56.4,0.0
15,2,0,107,75,12696,4,1.6,0.0
52,1,1,118,45,12147,1,20.7,5.6
52,1,0,142,63,13264,6,62.4,0.0
31,1,0,118,76,17300,0,25.6,0.0
38,2,0,115,86,12446,0,30.3,0.0
16,2,0,92,60,17791,1,31.6,0.0
74,1,0,130,87,4413,1,48.3,4.3
72,2,0,148,62,5806,1,23.2,0.0
74,2,0,133,73,14881,10,43.8,0.0
70,2,0,134,57,3614,6,39.3,0.0
8,1,0,104,68,12595,0,34.0,0.0
19,2,0,109,62,18523,0,67.2,0.0
20,2,0,136,52,14651,0,49.4,0.0
64,2,1,129,58,8784,8,35.5,0.0
56,2,0,119,68,10554,1,55.2,0.0
20,2,0,99,41,15048,3,24.3,3.8
32,1,0,101,59,6471,0,36.5,0.0
55,2,0,139,72,9039,0,66.3,0.0
54,1,0,123,81,8370,0,37.9,0.0
11,1,0,115,74,8786,0,13.4,5.4
21,2,0,111,67,5100,0,51.0,0.0
17,2,0,123,66,13865,0,63.8,0.0
51,1,1,112,65,14865,1,24.5,5.8
80,1,0,131,67,9514,7,90.5,0.0
37,1,0,116,68,8012,0,36.1,1.9
19,1,0,119,86,16469,0,26.6,1.1
9,2,0,89,62,18760,0,15.6,5.8
49,2,1,113,76,3579,7,27.9,4.1
21,2,0,86,47,8206,2,41.6,3.7
13,2,0,102,59,15456,0,55.6,0.0
45,1,0,111,55,5691,2,46.1,0.0
27,1,0,117,53,8966,3,33.7,2.1
29,1,0,122,70,5872,0,26.1,0.0
51,1,0,145,78,12356,1,26.0,0.0
15,2,0,116,60,6981,2,25.4,4.4
65,2,0,123,53,7907,2,51.3,2.7
67,2,0,116,63,10231,1,46.6,0.0
41,2,0,104,63,4021,1,50.7,0.0
50,1,0,144,63,3098,1,54.0,0.0
49,2,0,109,62,7629,3,49.3,0.0
65,1,0,118,66,7391,1,43.9,1.8
63,1,0,126,71,11212,0,52.2,0.0
27,2,1,133,68,5608,1,20.8,6.6
31,1,0,135,88,9184,2,35.8,0.0
36,1,0,122,61,10870,1,28.6,4.2
16,2,0,107,65,9702,0,40.7,0.0
28,1,1,106,71,12552,0,8.4,5.2
38,2,0,108,62,18374,0,45.9,0.0
10,2,0,89,45,8172,0,61.2,0.0
61,1,0,142,94,5198,10,40.3,0.0
39,2,1,133,71,13793,5,13.0,2.0
39,1,0,120,52,6703,3,38.7,4.1
52,1,0,120,66,9628,0,50.5,2.6
11,1,0,111,41,14710,0,23.6,0.0
11,2,0,99,58,16595,0,60.0,0.0
33,2,0,102,48,12569,7,32.2,0.0
13,2,0,104,48,16646,0,38.0,0.0
69,1,1,143,58,9299,12,32.2,0.0
49,2,0,116,86,13242,1,44.1,2.0
40,2,0,104,52,11531,0,33.1,0.0
69,1,0,117,62,6921,2,34.5,0.0
36,2,0,129,62,12923,3,36.3,1.9
60,2,1,125,67,12274,4,33.2,4.3
8,2,0,86,64,18502,0,35.0,0.0
28,2,0,97,55,13955,2,35.9,6.4
27,1,0,83,49,15661,0,21.7,0.0
70,1,1,143,84,5071,13,26.5,0.0
52,1,0,124,71,8176,1,90.1,0.0
43,1,1,129,75,13789,5,12.2,4.7
60,1,0,122,84,15229,6,53.6,0.0
24,1,0,114,77,9277,3,24.7,0.0
13,2,0,102,53,13524,0,8.4,2.8
23,1,0,125,78,16433,1,44.0,0.0
17,1,0,108,55,15280,0,38.7,0.0
59,1,0,138,93,12045,9,37.4,0.0
74,1,0,125,78,4979,1,69.6,3.1
8,1,0,113,50,8078,0,7.6,5.1
80,1,0,130,76,3111,2,49.0,0.0
21,1,0,136,94,13156,0,43.3,4.5
62,1,1,138,62,6322,5,13.6,0.0
18,1,0,95,70,4415,0,37.1,0.0
37,1,0,109,74,12369,4,38.8,0.0
38,1,0,104,59,8229,4,22.3,0.0
38,2,0,108,50,8107,1,53.8,0.0
80,1,1,165,74,8239,7,24.6,6.5
18,1,0,103,59,8421,0,50.7,0.0
8,1,0,119,65,18117,0,43.3,1.0
52,2,0,154,71,15345,6,41.5,0.0
32,2,0,100,68,13403,0,56.3,4.4
9,2,0,104,53,15047,0,17.3,0.0
45,2,0,127,75,13870,0,65.1,0.0
9,1,0,86,71,13164,0,46.8,0.0
80,2,1,137,89,528,19,22.1,0.0
69,2,0,130,81,10689,0,76.5,0.0
31,2,0,105,77,16462,0,34.7,0.0
33,2,0,134,97,11562,6,44.0,0.0
57,1,0,120,50,3359,2,43.4,1.5
42,2,0,107,66,10340,2,36.5,0.0
11,1,0,94,59,11448,0,64.2,0.0
60,2,1,122,89,5763,2,13.7,0.0
9,2,0,102,41,11617,0,23.9,0.0
10,1,0,102,66,12630,0,48.7,0.0
80,1,1,124,72,8132,12,47.2,0.0
46,2,0,120,44,11827,0,87.4,0.0
27,2,1,116,69,8855,9,17.1,5.1
60,2,0,123,81,6282,3,37.2,2.7
14,2,0,108,68,8254,1,50.8,0.0
25,2,0,99,49,14017,2,41.1,0.0
61,1,0,151,86,7330,1,60.6,0.0
44,1,0,123,49,9263,1,9.6,0.0
65,1,0,129,65,6446,1,46.1,5.2
27,1,0,108,64,5194,0,34.3,0.0
78,1,0,145,78,9881,0,53.0,0.0
29,2,0,106,43,12612,0,69.7,0.0
8,1,0,111,58,14135,0,25.1,4.8
51,1,0,144,67,12899,0,40.6,0.0
64,1,0,147,68,3822,2,53.0,4.2
65,1,1,168,90,2847,0,21.8,6.0
52,1,0,137,99,8350,1,88.5,2.8
31,2,0,132,68,11550,0,43.1,0.0
48,1,0,114,83,14467,3,17.2,0.0
15,1,0,109,51,8829,0,22.2,3.6
40,2,0,98,64,17001,0,63.7,0.0
26,1,0,126,63,10044,0,42.7,2.2
64,1,0,152,83,9486,1,59.6,0.0
19,2,0,126,63,14826,0,54.3,0.0
59,1,1,142,62,1479,6,38.3,5.7
77,1,0,135,78,11235,8,72.6,4.0
57,1,0,135,75,6543,1,51.3,3.2
37,1,0,115,63,8940,0,53.6,0.0
67,1,1,140,59,6769,1,13.0,2.3
17,2,0,109,67,4866,2,42.6,0.0
51,1,0,122,76,9229,0,43.6,2.8
9,2,0,103,51,9920,0,52.1,0.0
51,2,0,104,66,14137,2,46.5,0.0
29,2,0,98,67,19019,4,31.1,4.6
21,1,0,97,57,14967,0,44.8,0.0
27,2,0,108,74,13432,4,37.1,0.0
30,2,0,111,86,6840,1,42.0,0.0
14,1,0,115,76,6175,0,45.8,0.0
10,2,0,110,53,8631,0,34.7,0.0
24,2,0,98,59,12987,0,73.5,0.0
52,1,0,143,93,12959,0,63.7,0.0
13,2,0,102,68,8436,0,13.4,6.6
70,2,0,147,69,6439,6,44.9,0.0
70,2,0,142,65,7305,3,62.3,0.0
80,1,0,147,60,12466,1,55.0,2.2
10,1,0,106,27,11322,0,20.4,0.0
36,1,0,126,74,15859,6,34.3,0.0
59,1,0,120,90,6103,0,66.7,0.0
44,1,0,102,74,7759,1,40.9,0.0
77,2,1,121,54,15389,10,30.0,6.4
19,2,0,117,77,11262,0,68.5,0.0
58,1,1,126,62,15478,2,24.3,9.4
20,1,0,109,70,14444,0,53.4,0.0
80,2,0,152,88,13179,5,53.3,0.0
50,1,0,154,70,6685,2,44.5,2.6
68,2,1,120,53,7641,1,38.4,4.1
22,1,0,108,66,16776,0,56.2,0.0
36,1,0,145,80,10438,3,66.1,0.0
10,1,0,101,62,12232,0,51.2,0.0
16,2,0,108,52,10180,0,53.8,0.0
12,1,0,95,72,8072,0,64.0,1.5
50,1,0,127,84,9503,5,33.3,0.0
31,1,0,131,89,7246,0,41.2,3.5
10,1,0,114,60,11803,0,29.1,0.0
63,1,0,114,77,6258,0,47.3,0.0
54,1,0,136,75,12843,0,45.5,3.2
69,2,0,122,87,1280,4,50.2,0.0
26,1,0,104,62,12558,0,37.2,3.4
16,1,0,113,66,17451,0,41.9,0.0
14,1,0,77,57,16038,0,64.4,2.6
25,2,0,106,54,10951,0,58.4,3.2
16,1,0,124,80,10748,1,39.0,0.0
46,2,0,117,94,17479,2,32.7,1.5
35,2,0,109,75,15672,0,48.1,0.0
15,1,0,115,62,11953,1,25.2,0.0
58,1,0,133,55,7331,0,62.3,1.1
19,1,0,123,89,11412,2,26.6,5.9
45,1,1,134,67,12505,1,15.4,3.9
38,2,0,125,55,15666,0,42.1,0.0
27,2,0,126,72,9078,2,34.9,0.0
53,1,0,143,80,12416,0,84.2,0.0
31,2,0,118,88,13348,0,62.0,0.0
70,1,0,136,78,6062,7,52.3,1.2
12,1,0,125,54,14758,0,2.3,0.0
36,2,0,131,76,11911,7,8.8,0.0
12,1,0,121,58,14644,0,27.9,0.0
80,1,0,144,77,10686,9,59.3,0.0
80,2,0,170,102,14606,5,97.9,2.4
16,1,0,111,60,8166,0,43.0,0.0
19,2,0,75,50,10484,0,46.2,0.0
14,1,0,85,32,21940,0,71.4,0.0
32,2,0,100,54,12116,0,41.6,6.1
8,1,0,109,78,11767,1,33.3,0.0
54,2,0,154,81,6654,0,55.6,4.9
10,1,0,113,56,7081,0,48.7,3.9
65,2,0,119,69,11569,4,75.9,3.1
61,2,0,138,81,12589,1,38.1,0.0
48,1,0,111,56,8668,0,40.0,0.0
74,2,0,145,82,8656,4,67.7,1.6
21,1,0,129,64,10024,0,53.8,0.0
79,1,0,111,64,3610,1,35.7,0.0
34,1,0,112,61,11189,0,51.6,0.0
23,2,0,111,75,11896,0,30.5,0.0
14,1,0,124,57,15833,0,28.7,0.0
48,1,0,140,58,15151,0,50.0,2.5
79,1,0,142,95,13294,1,76.5,0.0
55,2,0,107,74,12161,0,85.6,0.0
48,1,1,104,68,3358,9,17.7,1.5
8,2,0,104,68,14803,0,19.0,0.0
69,1,0,117,80,8680,1,57.5,0.0
45,2,0,123,87,11677,0,70.3,0.0
61,2,0,119,59,11104,1,66.8,2.8
60,2,0,110,72,10436,6,43.2,0.0
55,1,0,120,54,15688,6,64.1,0.0
11,1,0,122,104,10446,0,29.1,0.0
48,2,0,140,84,13377,1,50.3,0.0
53,2,0,102,64,8884,1,42.1,4.3
80,2,0,141,65,12090,6,65.5,0.0
60,1,0,129,67,7034,1,65.2,1.4
58,2,0,140,57,11960,2,57.8,0.0
35,1,0,133,76,12087,2,45.5,1.5
10,2,0,85,50,17120,0,34.6,5.2
31,1,0,118,55,6578,0,44.8,1.7
8,1,0,97,71,10988,0,25.7,0.0
8,2,0,94,54,11335,0,47.3,0.0
55,2,0,112,53,10710,0,51.0,3.6
56,1,0,152,80,13698,0,58.7,0.0
10,2,0,88,56,17967,0,23.8,0.0
51,1,0,135,74,7617,2,56.4,4.9
70,1,0,145,93,13250,1,53.1,5.7
19,1,0,116,62,7488,2,36.8,0.0
40,1,0,115,80,11888,0,72.2,3.4
43,2,0,155,87,11592,0,34.9,3.5
33,1,0,105,70,9195,0,25.9,2.6
54,2,0,122,67,9639,0,62.7,0.0
80,1,0,136,77,11132,3,46.0,0.0
11,2,0,92,67,11244,0,45.6,0.0
11,2,0,96,62,12664,0,50.1,0.0
18,2,0,111,77,14566,0,46.0,1.8
19,1,0,117,74,9887,0,30.9,0.0
80,2,1,125,61,414,10,30.1,0.0
21,2,0,83,53,8703,5,6.5,0.0
65,1,0,135,83,9096,3,51.8,0.0
11,1,0,123,66,12335,2,23.1,0.0
33,2,0,100,74,17911,0,54.5,0.0
47,1,0,110,62,7798,1,30.6,3.4
38,2,0,137,68,8955,3,33.8,5.3
8,2,0,91,54,13360,0,58.3,0.0
14,2,0,98,63,12225,0,21.4,0.0
57,1,0,136,79,8768,5,54.1,2.1
10,2,0,113,57,8278,3,19.6,0.0
80,1,1,134,65,7691,9,54.1,4.5
17,1,0,117,65,458,0,39.8,0.0
14,2,0,108,69,15082,0,43.2,0.0
10,1,0,107,61,14842,1,17.4,0.0
80,1,1,158,76,5136,13,51.2,0.0
62,1,0,142,75,2443,6,45.1,0.0
11,1,0,107,53,20422,0,51.2,0.0
64,1,0,126,68,11160,1,59.6,0.0
80,2,0,155,94,12557,2,79.9,0.0
40,2,0,115,71,14112,4,39.2,6.9
19,2,0,138,77,12721,3,29.6,0.0
58,1,1,132,73,6276,13,13.0,4.0
33,1,0,127,54,14772,0,50.5,0.0
44,1,0,102,53,9986,0,57.2,0.0
35,1,0,105,76,18659,0,35.9,0.0
27,2,0,109,62,10401,2,43.7,2.1
8,1,0,107,64,16653,0,41.7,0.0
9,1,0,103,69,13751,0,18.1,0.0
48,1,0,100,60,5153,0,37.4,5.0
12,2,0,116,75,10743,0,37.1,0.0
11,1,0,122,63,12888,0,35.1,0.0
47,1,0,118,63,12955,1,22.0,0.0
18,2,0,98,40,13696,0,55.4,5.2
14,2,0,102,59,12360,7,4.5,0.0
63,2,0,146,80,10284,4,50.5,0.0
16,2,0,111,85,8380,0,44.9,0.0
14,1,0,104,56,19653,0,32.9,0.0
50,2,0,100,62,10439,0,62.7,3.4
41,1,1,106,53,8259,4,27.4,4.1
17,2,0,104,65,9009,0,54.4,0.0
74,2,0,126,91,6566,3,45.3,0.0
80,2,0,145,65,7106,11,71.3,0.0
65,1,1,108,63,1417,2,27.0,6.8
70,1,0,120,66,14141,7,59.2,0.0
12,2,0,112,84,9801,0,34.2,0.0
38,2,0,124,66,10706,2,31.8,0.0
12,2,0,111,65,13297,0,33.6,0.0
8,2,0,88,35,12635,0,32.1,0.0
