age,sex,diabetes,systolic_bp,diastolic_bp,activity_mims,n_medications,adherence_pct,pain_score
66,1,0,120,83,7896,2,65.1,0.0
33,1,0,103,87,12848,2,44.5,4.1
61,1,0,131,72,7996,1,48.7,0.3
26,1,0,92,55,17904,1,36.1,0.0
80,1,1,138,71,4997,5,29.2,0.1
24,1,0,107,68,9914,1,22.9,0.0
45,2,0,145,80,6968,1,54.7,0.0
39,1,0,155,80,5824,2,43.6,0.0
16,1,1,102,36,8490,10,7.0,0.9
30,2,0,121,80,9473,4,34.1,0.0
30,1,0,112,66,5451,1,59.8,0.0
12,2,0,103,52,19417,1,27.9,6.1
38,1,0,106,43,14536,1,39.9,0.0
38,2,0,113,59,15606,2,38.7,0.0
80,2,1,130,57,12593,1,11.4,0.1
66,2,0,86,54,9936,2,37.3,0.0
16,2,0,103,59,8364,2,26.9,0.0
13,2,0,96,66,12898,1,64.2,0.4
53,1,0,102,56,4446,1,36.0,0.0
9,2,0,93,67,8937,1,22.2,0.0
24,2,0,112,53,5829,2,56.3,4.3
11,2,0,92,55,15025,1,66.1,0.0
79,1,1,129,71,12815,4,78.6,0.1
15,1,0,97,72,17376,1,11.3,0.0
25,1,0,120,74,10495,1,43.3,0.0
15,1,0,100,56,7071,2,19.7,8.4
80,1,1,113,71,12003,2,39.2,0.2
58,1,0,114,65,6551,1,49.3,0.0
80,2,0,148,85,8166,4,65.3,0.0
20,2,0,114,65,19509,2,34.6,0.0
31,1,0,134,70,14186,1,5.0,0.0
70,1,0,108,50,6214,2,63.4,0.0
17,1,0,118,74,13115,1,27.7,0.0
26,1,0,109,61,13430,2,42.9,0.1
30,2,0,105,66,5232,1,5.0,0.1
77,1,1,155,70,5058,4,11.0,0.0
50,2,0,115,59,12198,1,37.5,0.0
61,2,0,105,59,10065,1,60.8,0.0
27,2,0,98,59,6423,1,32.7,0.0
32,2,0,94,51,4500,1,43.1,0.0
51,1,0,106,66,11748,2,43.6,0.0
60,1,0,128,93,10561,1,29.7,0.0
11,1,0,115,51,16121,1,44.8,0.0
79,1,0,123,77,11791,5,23.2,0.7
80,2,1,131,64,12490,13,5.1,1.6
52,1,0,117,73,14113,1,30.0,0.0
37,2,0,105,41,11709,2,27.1,0.0
15,1,0,87,47,15298,1,40.4,0.0
29,2,0,90,70,6688,1,29.8,0.0
80,2,1,141,70,13073,10,9.9,0.1
23,1,0,105,69,9977,1,38.3,0.1
53,1,0,115,81,8334,2,36.9,0.0
62,2,0,128,71,12690,3,51.4,4.0
31,2,0,106,58,11295,5,33.1,0.1
15,1,0,125,51,3790,1,28.6,0.0
58,2,0,125,84,8547,2,63.7,1.9
21,1,0,107,62,8431,2,29.2,0.0
49,1,0,122,61,8778,2,20.4,0.0
14,2,0,101,56,13445,1,25.3,0.0
13,1,0,84,60,4682,1,61.7,0.0
72,1,0,114,59,10989,3,64.3,0.0
59,1,0,109,92,10378,1,63.1,0.0
44,2,0,106,50,12130,2,22.9,0.1
35,2,0,104,69,9104,2,52.5,0.0
41,1,0,114,67,15230,1,34.7,0.0
45,2,1,116,83,14803,1,81.8,0.0
80,1,1,137,61,6395,7,21.6,0.1
24,2,0,119,75,9193,1,42.0,0.0
28,1,0,127,74,8093,1,52.9,0.0
39,2,0,123,63,9620,1,32.6,1.0
9,2,0,116,67,25725,1,29.5,0.0
16,1,0,92,77,11155,1,59.8,0.0
67,2,0,109,82,9168,4,63.2,0.0
42,2,0,108,75,8935,1,66.2,0.1
80,2,0,126,77,7895,3,51.0,0.1
58,1,0,134,94,15380,2,48.0,4.9
16,1,0,113,65,12076,1,31.3,0.1
69,2,0,117,67,14314,2,29.3,0.0
43,2,0,105,80,12774,1,54.6,0.0
43,2,0,92,34,9969,2,25.1,0.0
70,2,0,120,82,13196,2,66.7,1.7
38,2,0,95,70,11747,1,54.5,0.0
19,2,0,102,80,6033,2,59.8,0.0
36,1,0,93,64,13628,1,63.8,0.0
72,2,0,100,84,6701,1,55.9,0.0
62,1,0,126,81,6379,1,30.6,0.1
11,1,0,90,58,7880,1,26.7,0.1
38,1,0,130,66,10569,1,23.2,0.0
39,1,0,137,88,10182,2,46.8,2.0
79,2,1,129,67,5026,8,5.3,0.6
26,1,0,111,86,15868,1,72.4,0.0
52,1,0,128,83,7838,1,62.0,0.0
10,1,0,94,51,6147,5,5.0,0.0
49,1,0,100,47,12590,2,75.6,0.0
23,1,0,107,81,8064,1,61.7,0.0
70,1,1,122,66,5730,5,16.0,0.1
80,1,0,120,61,10867,1,55.4,0.0
44,1,0,94,58,8407,3,44.4,0.0
33,2,0,122,74,16857,2,42.1,0.0
60,1,1,103,80,11328,1,6.6,0.1
20,2,0,112,54,9252,2,38.2,0.0
75,2,0,112,59,16062,1,68.4,0.1
55,2,0,92,59,9804,1,62.5,0.0
71,1,0,133,76,6772,3,47.1,0.0
33,2,0,105,57,8630,1,42.0,0.1
15,1,0,110,67,13072,1,15.5,0.0
18,1,0,107,43,15095,1,54.5,0.0
50,1,0,108,55,5544,3,42.6,4.1
47,2,0,133,82,12751,3,47.4,0.0
80,1,1,113,81,8368,1,41.6,0.1
70,1,0,128,77,7096,2,56.7,0.0
21,1,0,135,92,10253,1,38.8,0.0
20,2,0,96,79,8730,1,65.2,0.7
11,2,0,95,68,14984,1,26.1,0.0
60,1,0,140,90,7198,5,73.8,0.0
49,2,0,121,85,6284,1,39.7,0.5
24,2,0,103,68,7584,1,45.9,0.0
47,2,0,129,95,6263,1,58.7,0.0
45,1,0,110,93,7832,1,45.7,5.0
10,1,0,103,44,11036,1,38.0,0.0
45,2,0,118,85,11117,1,38.2,1.7
65,2,0,124,70,7625,1,28.7,7.2
34,2,0,90,65,8956,1,33.6,0.0
11,1,0,97,64,15088,1,28.0,0.0
14,2,0,81,46,11798,1,31.4,5.8
44,1,0,129,73,12899,1,35.5,0.0
47,1,0,120,75,7521,4,25.6,9.0
59,2,0,118,67,6379,1,64.4,0.1
26,2,0,104,77,6009,1,54.7,0.0
80,2,1,134,57,4928,8,10.5,3.6
32,1,0,104,92,9302,2,43.9,0.0
24,1,0,114,58,13573,2,69.0,0.0
11,2,0,91,46,18144,1,41.6,0.0
28,1,0,106,49,11907,2,9.4,0.0
24,2,0,108,70,12526,1,29.4,1.9
9,1,0,94,47,23403,1,35.0,0.0
79,1,1,127,78,9100,11,29.8,0.1
62,2,0,134,70,1585,3,53.5,0.0
10,1,0,90,62,9546,2,41.9,0.0
80,2,1,169,69,10795,1,48.9,0.0
50,2,0,93,55,5523,1,41.5,0.1
51,2,0,120,108,12346,1,47.4,0.0
48,1,0,139,83,12970,1,67.3,0.0
24,2,0,100,54,8289,2,43.0,0.0
22,1,0,108,46,9083,1,76.6,0.0
57,2,0,110,59,9683,1,60.4,0.0
18,1,0,115,76,7050,1,34.8,0.0
61,1,0,114,69,10903,2,41.1,0.0
10,2,0,100,58,12311,2,19.0,0.0
17,2,0,99,51,7277,1,77.3,0.0
62,1,0,124,79,8727,1,54.8,4.1
38,1,0,103,63,7568,2,54.1,0.0
77,2,0,106,58,8429,5,48.1,0.0
62,2,0,125,65,6613,1,29.4,0.0
56,2,0,105,68,8649,2,37.9,3.2
67,1,0,125,63,10897,4,47.1,0.0
75,1,0,104,74,6843,3,49.3,0.5
13,1,0,102,68,15736,1,32.0,0.1
77,2,0,125,78,10179,6,73.5,0.0
12,1,0,119,78,12309,1,41.2,9.1
9,1,0,99,57,16604,1,29.5,0.0
25,1,0,104,76,6813,1,23.9,0.0
35,1,0,121,70,19495,4,16.3,0.0
15,2,0,117,48,7200,1,31.7,0.1
73,2,1,109,61,12391,2,31.2,0.7
21,2,0,114,74,8988,1,58.3,1.3
58,1,0,131,71,7201,2,56.7,0.0
27,1,0,119,78,20406,1,30.1,0.0
45,1,0,115,80,7580,2,64.9,0.0
78,2,1,129,68,8944,13,9.5,1.9
28,1,0,117,89,13066,3,60.1,0.0
64,1,0,122,100,12555,3,35.8,0.1
50,1,0,116,84,7038,2,42.7,0.0
20,1,0,111,80,3609,1,39.7,0.0
9,2,0,90,48,24290,2,27.5,0.0
34,1,0,108,58,13570,1,30.9,0.0
62,2,0,110,63,12255,3,40.8,0.0
44,2,0,91,69,2950,1,59.0,0.0
65,2,0,110,60,12004,1,48.2,0.1
14,2,0,132,69,13382,2,34.6,0.0
22,1,0,112,62,19716,1,38.7,0.0
76,1,0,113,79,15872,1,38.7,0.0
80,1,1,162,81,7562,2,21.8,0.0
14,1,0,120,73,10310,1,18.9,0.1
29,1,0,118,49,13144,3,46.5,0.0
45,2,0,109,74,8818,4,64.5,1.0
19,2,0,102,45,19208,1,5.0,0.0
78,2,0,120,52,9024,3,20.3,0.0
38,2,0,91,47,10456,1,47.9,0.0
17,1,0,87,45,16085,1,56.9,0.0
79,2,1,110,61,9656,13,15.1,8.1
26,1,0,122,90,6060,4,8.8,0.6
73,1,0,94,47,5793,6,55.2,2.8
9,1,0,98,62,18270,1,37.5,0.0
20,2,0,111,64,17431,1,71.2,0.0
76,2,0,120,63,8445,1,78.4,0.0
21,2,0,99,23,18664,1,81.1,0.0
42,1,0,107,58,12521,1,52.7,0.0
33,2,0,101,69,13977,1,37.0,0.9
19,2,0,102,74,11459,2,39.6,0.0
80,2,1,163,40,9956,7,14.1,7.3
50,2,0,103,66,13684,1,17.2,0.0
19,1,0,114,27,9798,1,38.7,0.0
74,1,0,121,58,4739,3,70.5,3.5
57,2,0,110,54,17573,1,55.6,0.0
74,2,1,133,77,14278,3,13.6,0.1
24,2,0,105,78,18754,2,78.1,0.0
33,1,0,102,73,3685,1,31.6,0.0
23,2,0,98,64,11456,2,32.6,0.0
22,1,0,106,61,12502,1,41.3,0.0
79,1,1,118,55,8841,10,14.7,4.6
33,1,0,121,72,14946,3,50.9,0.0
54,2,0,102,83,15489,1,74.2,7.2
69,2,0,94,38,6368,4,46.8,0.0
79,1,0,120,83,6070,1,55.9,0.0
40,2,0,116,71,22283,1,53.3,0.0
21,2,0,104,52,9504,3,37.7,0.0
80,2,1,122,80,7428,4,26.1,0.0
47,1,0,97,68,13746,2,59.3,8.5
75,2,0,118,94,3811,1,44.9,0.1
21,1,0,106,55,16187,1,48.5,0.1
74,1,0,134,89,7967,1,72.6,0.0
16,2,0,123,60,9587,1,48.9,0.0
80,1,0,123,80,10841,1,71.4,0.0
41,2,0,113,68,7820,4,46.2,0.0
46,1,0,109,77,7703,1,43.6,0.0
65,1,0,107,75,8721,1,41.6,8.4
65,2,0,104,67,15404,2,52.9,4.8
32,1,0,110,72,8425,2,37.4,0.1
40,1,0,136,86,23179,1,62.1,0.0
23,2,0,108,61,8312,1,47.0,0.0
36,2,0,108,78,3899,1,67.0,0.0
12,1,0,104,74,8552,1,36.1,0.0
10,2,0,92,49,16071,1,56.4,0.0
72,1,0,137,82,4701,2,71.3,0.0
49,1,0,122,80,10957,1,51.0,0.0
12,1,0,94,64,13631,2,55.2,0.0
57,2,0,106,64,11945,1,46.9,0.0
63,1,0,134,60,5984,3,79.0,0.0
29,1,0,106,57,6898,1,43.9,0.0
63,1,0,95,74,5416,2,43.3,2.6
74,1,0,140,87,6780,1,38.8,0.2
22,2,0,108,61,3681,1,48.0,1.5
51,1,0,95,59,10581,1,50.2,0.0
17,1,0,91,60,10806,1,55.4,0.0
49,1,0,157,86,9887,5,44.0,0.2
63,2,1,139,65,12940,1,10.5,0.7
61,2,0,94,84,7392,2,42.3,0.1
25,1,0,104,57,6971,2,52.5,3.2
80,1,1,157,55,6303,1,67.7,0.0
27,1,1,143,83,12042,8,22.1,0.1
26,2,0,118,66,6344,3,21.2,0.0
26,2,0,111,71,18117,1,38.8,3.0
14,2,0,94,66,4203,1,13.8,0.0
18,1,0,107,49,17214,1,38.0,0.0
67,1,0,139,76,14703,1,63.8,0.0
38,1,0,108,36,10419,1,49.5,0.0
9,2,0,94,53,13285,1,41.2,0.1
9,1,0,100,49,24494,2,22.3,0.0
16,2,0,118,71,14544,2,10.9,0.0
80,2,0,109,80,13140,3,60.4,0.0
48,1,0,133,87,14451,1,83.7,0.1
9,1,0,110,67,15678,1,30.2,0.0
30,1,0,96,50,13396,1,48.6,0.0
80,1,1,129,48,9892,3,43.2,0.0
13,2,0,118,68,6474,1,62.8,0.0
41,1,0,108,75,7865,7,53.3,0.0
29,2,0,110,78,13483,1,33.4,0.0
20,2,0,96,67,7549,1,37.2,0.0
80,2,0,160,96,15202,3,47.5,0.0
21,2,0,105,57,8497,1,42.7,0.0
20,1,0,108,77,7538,1,32.8,9.2
31,2,0,115,62,10071,3,23.8,3.0
12,1,0,100,39,10567,1,40.6,0.1
10,1,0,99,57,14438,2,25.3,0.0
33,1,0,116,61,5867,1,51.9,0.0
22,1,0,104,57,9210,1,21.3,0.0
42,2,0,110,50,11481,3,47.9,0.0
79,1,1,119,56,11900,2,36.9,3.4
20,1,0,137,59,4799,1,53.9,7.4
10,2,0,114,61,11901,2,27.9,8.4
16,2,0,102,59,10688,1,37.5,0.0
73,1,1,161,78,5470,3,11.8,0.0
52,2,0,111,74,9315,2,9.5,0.0
29,1,0,115,67,10921,1,56.6,0.0
80,1,1,117,43,8814,9,21.5,7.0
64,1,0,131,73,4915,1,30.3,0.0
27,1,0,99,78,8391,8,42.4,0.0
42,1,0,124,60,22581,2,72.5,0.0
51,1,0,112,71,8603,1,39.2,0.0
59,2,0,117,59,8721,5,35.9,0.0
64,2,0,133,98,10603,1,78.8,0.0
80,1,0,159,97,4730,2,78.1,0.0
20,1,0,115,73,8564,1,50.2,0.0
9,2,0,78,45,14276,1,47.4,0.0
40,2,0,114,84,13879,1,54.2,0.0
18,2,0,106,72,20919,1,62.6,0.0
16,2,0,93,42,10435,2,47.6,0.0
24,2,0,93,63,11527,1,36.5,0.0
34,1,0,116,68,11803,1,43.6,0.0
33,2,0,99,56,11070,4,39.7,0.0
20,1,0,100,53,13196,2,8.2,0.0
24,2,0,105,61,12692,1,56.8,0.0
17,2,0,110,60,18783,1,55.7,0.0
52,2,0,118,84,10459,1,37.2,0.0
66,2,0,105,56,16939,1,60.6,0.0
30,2,0,101,61,8524,3,48.3,0.0
44,2,0,106,45,18720,1,12.8,0.0
20,1,0,115,55,8256,4,26.1,0.1
14,2,0,97,50,7709,1,36.1,0.0
9,2,0,97,48,19691,1,47.6,0.0
39,1,0,115,56,13067,3,66.0,0.0
58,1,0,127,71,17949,2,62.0,0.0
43,2,0,89,45,11592,1,67.6,3.4
55,2,0,127,68,7783,1,47.3,3.0
57,1,1,147,82,13049,3,29.1,0.0
57,2,0,100,57,16627,1,39.0,0.0
10,2,0,97,46,6027,1,48.9,0.0
10,1,0,105,58,10016,1,43.7,0.0
18,2,0,107,73,6612,1,38.4,0.0
35,2,0,111,64,11343,4,50.5,0.0
44,1,0,112,54,4468,1,41.8,8.4
80,2,1,140,68,10124,7,45.6,0.0
63,1,0,120,86,9832,1,48.7,0.0
12,2,0,122,59,15235,1,40.4,3.5
80,1,1,181,74,7559,11,39.9,0.1
36,1,0,115,62,11960,2,68.0,0.0
62,1,0,117,55,16340,5,34.5,0.0
10,1,0,94,74,15609,1,56.0,0.0
23,2,0,124,81,11234,2,50.2,0.0
10,2,0,99,77,9411,1,43.9,0.0
52,2,0,112,65,13887,1,70.1,0.0
19,1,0,107,44,13531,1,37.6,0.0
16,2,0,98,62,11861,2,27.3,0.0
11,1,0,119,57,11530,1,37.6,0.0
43,1,1,142,84,12606,2,37.9,0.1
74,2,0,139,96,13807,4,73.3,0.1
36,1,0,123,67,7537,1,69.1,0.0
11,1,0,110,54,11640,1,23.1,0.0
73,2,0,114,75,10801,2,82.9,2.7
80,1,1,126,41,3782,11,11.5,0.0
38,2,0,124,58,11684,1,24.5,0.0
21,2,0,105,83,13417,1,40.1,0.0
79,2,1,118,63,9556,9,6.6,1.1
13,2,0,97,63,15402,1,72.5,0.0
32,2,0,106,73,4307,2,40.8,0.0
70,1,0,118,59,5783,1,33.4,0.0
74,1,0,127,96,13409,4,60.6,0.0
16,1,0,85,57,10348,1,21.1,0.0
70,2,0,153,81,4663,2,38.1,0.0
44,1,0,141,76,3003,1,57.1,0.0
31,2,0,120,77,12569,1,56.6,0.1
18,1,0,109,60,4328,1,55.1,0.0
38,2,0,100,40,5179,1,39.8,0.0
37,2,0,94,60,11671,1,71.5,0.0
22,2,0,105,72,3148,3,26.4,0.0
34,2,0,101,77,8622,2,23.3,0.0
18,1,0,98,57,11138,9,46.8,0.0
9,2,0,85,60,10991,3,5.0,0.1
12,2,0,115,62,9809,1,36.0,0.0
51,2,0,127,76,10122,1,48.9,0.0
63,1,0,104,71,8533,1,23.3,0.0
20,2,0,95,64,8024,1,27.1,0.0
24,1,0,105,67,6143,1,31.3,0.0
43,2,0,118,77,9157,1,27.7,0.1
57,2,0,116,54,2027,3,42.4,0.0
16,1,0,94,63,14928,2,54.7,0.1
19,2,0,98,48,6500,1,45.6,0.0
44,2,0,103,79,19022,1,55.6,0.0
48,2,0,120,70,11663,1,58.9,0.0
43,1,0,109,69,8850,1,58.6,0.0
10,2,0,90,48,19170,3,50.0,0.0
15,1,0,128,72,13694,1,61.1,0.0
11,2,0,93,41,10905,1,27.4,0.0
56,2,0,101,45,4419,1,5.0,0.0
60,2,0,123,65,6209,1,48.0,0.0
67,1,0,126,75,7185,1,52.5,8.4
57,1,0,126,61,3706,1,45.7,0.0
51,2,0,116,60,13951,2,61.4,0.0
79,2,1,141,87,6203,7,13.9,7.7
75,2,1,106,79,6948,2,29.1,0.1
12,2,0,100,60,7667,1,50.2,0.0
20,2,0,94,67,11893,1,42.0,0.0
48,2,0,120,81,15093,1,43.0,0.1
69,1,0,114,84,5548,1,30.9,0.0
47,2,0,102,92,4044,1,37.5,0.0
65,1,0,114,76,12103,2,24.6,0.0
80,2,1,108,64,7084,8,19.3,7.0
52,1,0,143,68,4845,3,32.3,0.0
23,1,0,124,81,12451,2,36.9,8.5
47,1,0,97,75,5647,3,33.3,0.1
80,2,1,128,79,8971,5,13.7,0.3
16,2,0,102,80,13690,1,28.9,0.0
49,2,0,144,72,5866,1,67.0,0.0
9,2,0,105,69,10905,1,33.1,0.0
38,2,0,122,76,4368,4,42.7,0.0
67,2,0,127,55,4237,1,44.7,0.1
9,1,0,88,54,10176,1,24.8,0.0
10,1,0,109,65,10129,1,57.4,4.3
38,1,0,120,84,6066,1,56.7,0.0
23,1,0,99,73,23305,1,61.5,0.0
16,1,0,103,43,11037,2,21.6,0.1
68,2,0,98,69,8733,1,66.2,0.0
52,1,0,122,67,7459,2,32.9,8.3
74,2,0,101,59,11234,1,56.0,0.0
23,1,0,99,51,6763,3,48.7,5.0
62,1,0,107,62,12612,1,46.7,0.1
14,2,0,109,53,12386,1,37.7,0.0
9,1,0,89,54,17145,1,8.6,2.6
19,2,0,101,67,8758,1,40.8,0.0
79,1,1,141,55,5809,6,23.7,0.1
24,1,0,112,73,12150,1,50.0,6.7
31,2,0,92,63,19398,1,55.3,4.7
19,2,0,98,56,11269,2,19.2,0.0
18,2,0,91,56,13166,1,48.8,0.0
79,2,1,138,77,8166,8,10.2,0.1
58,1,1,104,90,11363,3,8.1,0.0
10,1,0,105,51,9716,1,40.7,0.0
39,1,0,101,58,16832,2,63.9,4.9
14,1,0,91,48,13160,1,43.8,0.0
53,1,0,97,57,19737,1,51.4,0.0
39,1,0,105,87,16713,1,31.2,0.1
77,1,0,134,84,10437,3,93.0,1.8
56,1,0,112,74,3645,5,35.7,0.0
51,1,0,99,70,7213,1,57.0,0.0
79,2,0,133,63,14769,4,42.8,0.0
80,2,1,95,55,7588,3,34.3,1.9
10,1,0,93,62,11408,1,51.8,8.3
13,2,0,98,58,9566,1,42.7,0.0
42,2,0,117,80,12203,1,26.2,0.0
45,2,0,93,66,7696,1,46.3,0.0
77,1,1,142,85,6906,5,51.2,0.0
33,1,0,116,64,14990,1,73.4,0.0
69,1,0,141,84,17719,3,49.1,0.0
68,2,0,123,75,9232,2,51.4,0.0
40,2,0,108,42,10908,1,49.4,0.0
10,1,0,86,46,18764,1,17.9,0.0
19,1,0,96,62,8759,2,30.2,0.0
58,1,0,102,69,10212,2,44.7,0.0
27,1,0,112,88,11275,1,40.9,0.0
35,1,0,133,81,6460,1,24.9,0.0
61,2,0,98,48,9402,6,29.8,0.0
21,1,0,108,52,13797,2,35.8,0.0
20,2,0,118,81,12739,1,56.0,0.0
18,2,0,101,53,5826,1,22.6,0.0
65,2,0,122,63,14799,2,59.1,0.1
66,1,0,138,82,7969,1,65.3,8.4
13,2,0,123,64,13244,2,40.0,0.0
66,2,0,109,55,6395,2,55.2,0.0
68,2,0,118,66,9562,2,65.9,0.0
38,2,0,109,59,4173,1,40.4,7.8
16,1,0,95,50,19864,2,77.3,0.0
10,2,0,93,75,6860,1,31.9,0.0
80,1,0,126,106,9536,4,53.7,0.0
14,2,0,81,49,12242,1,46.0,0.0
72,2,0,108,80,5525,3,57.4,0.0
9,1,0,92,53,23555,1,32.7,7.4
41,2,0,111,83,9102,1,47.4,0.0
24,1,0,93,67,9729,1,67.5,0.0
22,2,0,112,75,10129,1,44.1,0.0
9,2,0,103,60,8991,1,9.2,0.0
45,2,0,103,67,6639,2,25.7,0.0
80,1,1,129,71,6490,4,6.6,0.0
15,2,0,105,46,14213,1,41.8,0.0
12,1,0,115,78,9608,2,26.3,6.0
67,2,0,121,85,12237,2,59.9,6.4
73,2,0,115,69,1828,6,46.4,0.0
75,1,0,124,90,11391,1,42.2,0.2
11,2,0,101,52,13452,1,62.3,0.3
22,1,0,101,72,16212,3,11.9,8.8
21,1,0,93,36,9499,2,21.1,0.0
32,2,0,105,81,10103,3,44.8,1.6
12,1,0,94,72,11792,1,50.6,0.0
48,1,0,110,48,8059,3,38.3,0.0
31,2,0,103,64,4131,1,70.4,0.0
46,1,0,103,57,11640,3,57.7,9.1
74,1,0,116,67,7654,1,77.2,0.0
21,2,0,103,61,14945,1,33.4,0.0
10,2,0,101,64,8905,1,31.6,6.6
40,2,0,135,86,3857,1,57.1,0.0
63,2,0,135,75,10129,2,56.3,0.0
29,1,0,107,78,18123,1,20.9,0.0
26,2,0,127,49,10522,1,51.8,0.0
31,1,0,113,96,7972,2,43.9,0.0
13,2,0,99,55,17706,1,52.4,0.0
79,1,0,139,77,10383,4,59.0,5.3
57,1,0,109,71,7523,2,30.3,0.0
22,2,0,103,49,14940,1,30.5,0.0
13,2,0,104,82,18336,1,61.5,0.1
39,1,0,98,72,2802,1,16.7,9.0
44,2,0,109,70,5117,1,31.8,0.0
15,2,0,102,66,14025,1,47.8,0.2
23,1,0,99,66,15083,1,50.4,0.0
74,2,1,132,84,9543,1,9.5,0.1
57,2,0,121,72,19284,3,40.8,0.0
18,1,0,100,62,9107,1,63.0,0.0
71,1,1,129,79,14838,2,9.7,0.1
70,2,0,125,56,12590,4,48.7,0.1
28,1,0,116,45,14380,1,57.5,0.4
66,2,0,134,67,13174,2,37.5,1.1
55,2,1,120,73,5146,8,6.3,0.1
51,1,0,112,83,5899,1,73.1,0.0
67,1,0,101,53,17533,1,63.6,0.0
16,2,0,89,56,9964,1,34.9,0.0
30,2,0,117,92,10817,2,54.5,0.0
13,1,0,122,91,10414,1,19.3,0.0
12,1,0,101,66,15126,1,47.8,0.2
68,2,0,134,97,8854,1,61.7,1.1
9,2,0,114,55,21771,2,14.5,3.2
13,1,0,92,51,12461,1,57.3,0.0
31,1,0,123,86,8122,1,28.1,0.0
21,2,0,97,51,9387,1,23.5,0.0
27,2,0,106,74,2663,1,53.3,6.1
10,1,0,98,55,19787,2,8.6,0.0
20,2,0,115,58,23335,1,36.2,0.0
73,2,1,142,86,8068,8,7.1,0.1
53,2,0,106,79,14389,1,71.3,0.0
64,1,0,107,97,22441,1,53.0,0.0
58,2,0,136,74,9729,2,83.9,0.1
39,2,0,105,78,8903,3,10.6,0.0
41,1,0,104,72,13042,2,25.1,0.0
65,2,0,109,77,1836,1,32.5,0.0
18,2,0,93,50,7258,1,49.6,1.0
12,1,0,99,51,20456,1,38.2,5.2
24,2,0,93,50,9678,1,48.3,0.0
21,1,0,112,40,11255,1,27.6,0.0
68,1,1,136,70,6910,6,5.7,0.3
49,1,0,130,80,19072,3,66.3,0.0
72,1,0,140,79,20077,3,47.4,0.0
40,1,0,106,62,11151,1,55.1,0.1
41,1,0,113,83,5751,1,9.7,0.0
24,2,0,106,66,9133,1,57.8,1.0
63,1,0,98,69,2844,1,60.8,8.7
51,1,0,148,97,7458,4,57.9,0.1
38,1,0,96,74,1571,1,22.9,0.0
44,2,0,124,63,9721,2,60.3,9.0
56,2,0,124,55,13749,1,27.4,0.3
80,2,1,174,85,11707,5,57.3,0.1
39,2,0,103,49,20090,3,22.6,0.0
14,1,0,83,50,5960,1,51.6,0.0
32,1,0,113,74,3052,2,30.7,0.1
63,1,0,96,34,530,4,33.4,0.0
68,1,0,105,67,11045,2,35.4,0.0
40,1,0,101,76,8983,2,19.8,0.0
40,2,0,130,58,10235,1,46.5,0.0
45,2,0,108,74,8717,4,42.2,0.0
12,2,0,100,75,6853,3,32.4,0.0
10,1,0,94,60,17606,1,19.6,0.0
21,2,0,114,71,7654,2,20.5,0.0
36,2,0,111,81,12290,1,59.1,0.1
63,1,0,119,75,9708,7,25.8,0.5
19,1,0,109,70,10418,1,45.1,0.1
19,1,0,97,74,6839,1,36.3,0.0
15,1,0,131,72,13345,1,30.5,2.3
79,1,0,119,78,5886,1,63.0,0.2
66,2,0,112,77,14090,1,56.2,0.0
15,1,0,120,59,15131,3,27.7,0.0
33,1,0,114,76,9076,1,33.7,0.0
22,2,0,95,41,10752,1,35.4,0.0
79,1,1,133,66,6697,10,13.3,0.1
27,2,0,117,92,14044,1,73.7,0.0
10,2,0,113,49,15995,1,37.3,0.0
13,2,0,110,57,10789,3,28.8,0.0
78,2,1,131,67,11434,4,11.0,1.4
18,2,0,94,47,7811,1,51.2,0.0
43,1,0,136,73,2135,4,17.8,0.0
55,1,0,111,76,5786,1,77.0,0.0
53,2,0,109,72,8501,2,58.6,0.0
50,1,0,121,77,18734,1,46.9,0.0
19,1,0,98,38,15113,1,34.8,0.0
25,1,0,99,74,14447,1,27.4,0.0
67,2,0,100,70,11894,3,63.9,6.1
11,1,0,111,59,6384,1,29.9,0.0
40,2,0,101,72,6170,4,50.1,0.0
42,1,0,108,63,9495,1,42.1,1.4
63,2,0,102,45,9831,1,38.6,1.0
61,1,0,130,79,11465,4,62.3,0.0
17,2,0,113,66,15856,1,50.1,1.1
9,1,0,90,64,12621,1,26.7,2.3
17,2,0,96,48,10101,1,33.7,0.0
45,2,0,113,85,14484,2,69.3,0.0
10,1,0,87,70,13455,1,70.6,1.2
57,1,0,100,57,6459,2,20.6,0.0
42,2,0,100,76,16662,1,70.8,0.1
75,2,1,126,68,10434,7,23.5,0.1
56,2,0,109,67,8946,1,44.8,0.0
52,2,0,117,60,6085,1,29.2,0.0
24,1,0,95,59,15670,1,31.3,0.0
68,2,0,107,54,10355,1,39.0,0.0
40,2,0,111,51,6618,2,40.7,0.0
19,1,0,108,64,14392,1,25.6,0.0
80,1,1,111,57,6619,13,7.4,0.0
48,2,0,112,46,17105,1,52.4,0.0
80,2,1,122,65,2364,10,5.8,0.0
38,2,0,95,72,14925,1,63.3,5.5
79,1,0,112,74,5379,4,51.3,0.0
80,2,1,110,59,12665,10,15.1,0.1
9,2,0,86,56,11133,2,28.5,0.0
12,2,0,98,52,14323,2,51.8,0.0
37,1,0,108,60,15861,2,48.3,0.0
32,1,0,105,64,10864,1,67.1,0.0
10,2,0,91,43,20401,1,16.9,0.0
24,1,0,99,77,8081,5,35.7,0.0
14,1,0,114,74,17071,2,32.0,0.0
36,1,0,134,67,12151,1,69.9,0.0
80,2,0,106,73,13008,2,73.0,0.4
42,1,0,114,88,5564,1,69.3,0.0
51,1,0,105,64,8936,4,40.1,0.0
57,2,0,117,68,13591,2,51.4,0.0
50,1,0,120,88,18177,1,38.1,0.0
35,2,0,108,73,14752,2,12.8,0.0
80,1,1,131,56,5021,8,9.5,0.1
51,1,0,128,104,12935,1,64.8,0.0
42,1,0,115,64,12604,1,41.2,0.0
23,1,0,88,56,6733,1,36.6,0.1
35,1,0,104,36,10237,4,17.3,0.0
41,1,0,110,44,11086,2,65.7,0.0
23,1,0,112,90,14306,1,47.7,0.0
78,1,1,129,58,6054,6,8.1,0.0
54,2,0,132,58,8113,4,71.5,0.0
18,2,0,117,69,3857,2,36.7,0.0
60,2,0,134,84,7846,2,52.8,0.0
53,2,0,114,76,14148,1,59.2,0.0
75,2,0,116,76,9949,1,66.2,0.1
38,2,0,116,50,11411,1,39.2,0.0
28,2,0,112,64,9812,1,48.7,0.0
76,2,1,105,64,7778,0,85.4,0.1
79,2,1,145,59,7362,4,13.7,9.4
30,1,0,129,63,8276,4,34.4,0.0
26,2,0,114,54,10645,1,59.3,0.0
9,1,0,96,72,16567,1,46.3,0.0
66,1,0,117,85,8621,2,72.8,0.1
80,2,1,134,78,7846,5,64.6,0.1
45,1,0,124,62,8530,1,44.5,0.0
69,2,0,111,82,21967,1,62.4,0.0
66,2,0,109,81,14108,3,58.9,0.0
10,1,0,99,83,11993,1,18.8,0.0
10,1,0,95,66,13056,1,61.0,8.9
80,1,1,129,74,3786,2,17.0,6.0
29,2,0,100,88,12130,1,55.4,0.0
35,2,0,90,65,10730,1,38.4,0.0
79,2,1,138,72,9472,3,22.7,1.0
31,2,0,116,63,9767,6,37.8,0.0
28,2,0,118,97,24779,1,40.8,0.0
20,1,0,106,74,11109,3,33.5,0.0
33,2,0,115,73,16969,2,7.7,0.1
33,2,0,110,83,10697,1,61.2,0.0
24,1,0,98,60,18420,1,40.2,0.0
70,1,0,135,88,7697,1,21.6,0.1
49,2,0,120,72,11387,1,76.3,0.0
57,2,0,128,62,9595,5,35.9,0.0
38,1,0,137,77,11563,3,55.3,0.0
11,2,0,101,58,13818,1,44.1,0.0
53,1,0,103,59,4103,2,46.7,0.0
79,1,1,158,97,8393,4,9.2,0.1
32,1,0,127,75,10628,1,62.3,0.0
77,2,0,110,89,7950,3,52.0,0.0
76,1,0,122,77,8475,4,40.1,0.0
29,2,0,99,60,16168,1,46.0,4.3
10,1,0,95,36,13108,1,54.7,0.0
25,2,0,108,49,5544,2,17.2,0.0
47,1,0,97,52,14718,1,44.1,2.7
33,1,0,118,68,16726,3,41.7,0.0
60,1,0,136,89,12582,1,21.3,0.0
10,2,0,94,76,12738,1,20.7,0.0
29,1,0,103,80,17978,1,42.6,0.0
13,2,0,106,77,18390,1,31.1,0.0
46,2,0,96,63,14244,1,17.0,0.0
73,1,0,121,75,11623,2,43.8,0.0
70,2,0,114,44,8372,4,54.5,0.0
19,1,0,111,69,9500,1,53.0,0.0
17,2,0,129,75,16845,1,58.4,0.0
34,1,0,112,84,19623,1,71.3,0.0
80,2,1,154,52,8465,6,17.3,0.0
10,1,0,115,78,23251,1,26.6,0.0
75,2,0,124,91,12760,3,76.5,0.0
55,2,0,127,89,8681,1,32.1,0.0
15,1,0,82,40,12648,1,49.3,0.0
45,2,0,98,64,16490,1,31.1,0.0
41,2,0,97,68,9090,1,35.0,0.0
39,2,0,116,62,14827,2,39.8,2.9
20,2,0,133,86,13000,1,55.1,0.0
80,2,1,136,65,6807,5,10.3,0.6
9,2,0,103,66,14620,1,52.3,0.0
65,1,0,134,88,7257,1,54.1,0.1
10,2,0,103,66,10722,1,46.4,0.0
31,2,0,99,71,15338,2,35.8,0.0
27,1,0,110,60,19839,1,39.9,0.0
79,2,1,135,70,6160,6,6.7,0.0
26,2,0,97,67,5601,1,28.5,0.0
18,2,0,104,58,12516,1,38.9,0.0
21,1,0,108,43,16591,1,46.9,0.0
24,2,0,108,62,22803,3,39.2,0.0
17,1,0,106,49,11421,1,57.1,0.0
36,1,0,119,74,16709,1,66.0,0.0
79,1,0,129,93,9243,3,56.5,0.0
44,2,0,115,73,19427,2,27.3,0.0
79,1,0,151,99,12060,2,83.4,0.0
11,2,0,92,62,21186,1,43.1,0.0
19,2,0,102,55,11509,1,61.7,0.0
11,2,0,86,36,12897,1,57.4,6.9
18,2,0,98,59,17305,2,30.9,0.0
60,1,1,136,69,10633,2,62.7,0.1
14,1,0,94,52,17310,1,42.7,0.0
11,2,0,86,45,7724,1,32.5,0.1
32,2,0,121,59,10392,2,43.0,1.9
79,1,1,142,75,8253,3,9.6,0.1
16,1,0,95,66,7226,1,34.7,0.1
37,1,0,100,66,8057,2,29.9,0.0
66,1,0,116,63,15882,2,52.5,5.3
33,2,0,110,81,11250,3,55.2,0.0
17,2,0,98,51,15342,1,41.4,0.0
19,1,0,88,65,12399,1,49.9,0.0
49,1,0,105,75,18188,5,37.0,0.0
67,1,0,116,89,6801,1,73.9,0.0
55,2,0,100,63,8313,1,35.1,0.1
37,2,0,124,74,6436,2,30.3,1.6
22,1,0,105,46,17846,1,13.7,0.0
23,1,0,90,52,6358,6,5.0,0.0
16,1,0,130,64,13048,1,57.9,0.1
9,1,0,90,64,4779,1,19.2,5.2
21,1,0,95,77,14264,1,37.0,0.0
14,1,0,105,51,12941,1,29.6,0.0
9,2,0,101,52,16819,1,39.0,0.0
52,1,0,141,82,10867,1,56.2,0.0
47,2,0,105,50,7579,1,38.5,3.2
41,2,0,102,67,7954,2,50.3,0.0
19,2,0,99,54,8614,4,62.5,1.5
30,1,0,109,66,12969,2,21.4,0.0
78,2,0,123,65,6189,2,49.2,0.0
62,2,0,106,84,7342,1,49.9,0.0
71,1,1,120,70,11261,0,43.9,0.1
50,2,0,139,74,10689,2,50.6,0.0
34,2,0,128,75,11299,1,45.5,0.0
76,1,0,123,57,2172,3,41.9,0.0
48,2,0,109,81,13387,7,47.3,0.7
27,2,0,105,77,16177,1,36.9,0.0
18,2,0,87,50,16036,2,9.5,0.0
80,2,1,142,56,8176,4,15.9,0.1
68,1,0,119,76,8864,2,62.8,0.0
80,2,1,127,55,7991,4,8.6,0.2
11,1,0,102,50,8189,1,5.0,0.0
21,2,0,109,45,13099,2,46.5,0.0
55,1,0,119,75,14971,2,37.3,0.0
20,1,0,96,48,14156,1,64.3,0.0
50,1,0,118,71,12092,1,38.2,0.2
22,2,0,101,67,6913,2,33.3,0.0
61,2,0,105,58,9297,1,54.8,0.0
67,2,0,123,63,18349,4,39.8,0.1
20,1,0,145,74,19907,1,45.6,0.0
24,2,0,126,77,9741,1,45.1,0.0
16,2,0,110,56,15068,2,33.2,5.8
11,1,0,84,58,7283,1,57.0,0.0
16,1,0,109,64,11328,1,30.3,0.0
25,1,0,101,61,10839,3,49.5,0.0
15,2,0,102,67,13926,1,34.8,0.0
22,2,0,102,71,15148,5,49.4,0.0
62,2,0,96,52,8665,1,51.0,0.0
65,2,0,130,75,9095,2,60.6,9.0
9,1,0,96,56,20234,1,44.1,0.1
10,1,0,101,80,12817,1,51.9,0.0
35,2,0,102,71,16909,1,74.7,9.2
18,2,0,108,70,17102,1,49.2,0.0
43,2,0,103,46,7018,4,35.0,0.0
21,1,0,122,74,19482,1,50.9,0.0
58,2,0,134,88,10014,7,46.5,0.0
20,1,0,116,64,18131,1,46.7,0.0
11,1,0,124,83,15273,1,33.3,0.0
59,2,0,110,65,11092,3,47.1,0.0
13,2,0,92,52,21926,3,42.7,0.0
14,1,0,112,75,25392,1,45.7,0.0
41,1,0,97,65,4950,2,44.5,8.2
74,1,0,155,106,13010,1,54.5,0.0
9,1,0,91,52,19183,1,35.9,0.0
17,1,0,104,71,6827,1,36.0,1.9
14,2,0,98,40,10566,1,22.5,0.0
9,2,0,91,45,9737,1,21.4,0.0
29,2,0,125,80,11633,1,17.9,0.0
66,2,0,102,92,11512,3,79.3,0.0
66,2,0,125,94,10778,1,59.9,0.1
21,1,0,102,50,14772,1,49.7,0.0
73,2,0,130,78,9981,1,62.3,0.0
29,2,0,109,60,13655,1,76.7,0.0
53,2,0,102,65,2088,1,31.1,0.0
14,1,0,112,55,15625,3,39.7,0.0
64,1,0,112,73,12399,2,39.5,0.1
80,2,1,122,71,4647,9,8.6,0.0
47,1,0,126,84,7212,1,66.7,0.0
42,1,0,118,78,9018,1,18.3,0.0
13,2,0,91,64,10177,1,18.3,0.1
37,2,0,113,78,8741,1,47.8,0.0
48,2,0,114,80,7738,1,48.4,0.0
10,2,0,94,48,17215,1,28.0,0.0
67,1,0,122,77,5509,2,19.6,0.0
80,2,0,150,83,5993,4,57.4,0.0
56,1,0,136,67,12879,2,43.0,0.0
15,2,0,120,54,14970,2,36.3,6.3
18,1,0,103,73,13486,2,22.8,0.0
65,1,0,105,79,9080,1,51.0,0.3
26,2,0,128,75,14812,1,61.6,0.0
61,1,0,110,78,11841,1,63.2,0.0
31,2,0,134,83,12856,2,62.6,0.0
25,1,0,124,77,9808,2,30.4,0.0
77,2,1,112,60,5727,7,54.6,0.1
31,2,0,104,72,8444,2,44.1,0.0
30,2,0,116,87,4636,1,45.8,0.0
79,2,0,139,88,3550,2,53.4,0.1
18,1,0,108,67,15910,1,50.2,8.0
12,1,0,91,67,16443,1,25.0,0.0
58,2,0,130,75,9546,5,51.9,0.0
61,2,0,106,68,3975,1,65.3,0.2
80,2,1,120,51,5145,10,7.0,0.4
10,2,0,85,65,12372,1,15.7,0.0
72,1,0,135,95,8914,6,68.9,5.1
71,1,0,100,64,8004,1,51.0,0.0
42,1,0,95,63,9268,1,40.3,0.0
15,2,0,95,74,16535,1,19.7,0.0
43,2,0,110,63,5034,1,75.7,0.0
74,1,0,113,100,8323,1,29.8,0.0
46,1,0,98,58,9623,1,31.6,0.0
48,2,0,114,62,4468,1,59.6,0.1
41,1,0,116,70,13828,1,58.9,0.0
16,2,0,98,75,11454,1,20.2,0.0
53,1,0,114,89,5513,1,51.2,0.0
27,1,0,139,76,6584,2,26.5,0.0
26,2,0,123,79,7390,1,69.0,7.0
41,2,0,134,65,20648,3,43.3,0.0
22,2,0,109,78,12045,1,73.7,0.0
62,2,0,124,84,21769,1,78.4,0.0
70,1,1,112,76,7703,3,20.5,0.1
16,1,0,123,70,9686,3,29.9,0.0
37,2,0,114,66,10779,2,47.6,0.0
22,2,0,107,70,3995,1,33.5,0.0
9,1,0,111,52,13786,1,45.5,0.0
26,1,0,102,68,17711,1,45.0,0.0
9,2,0,95,56,16608,2,29.6,0.0
26,1,0,105,78,13922,1,22.9,3.4
10,2,0,80,48,9709,1,41.8,0.0
31,2,0,128,71,8447,2,21.6,0.0
38,2,0,105,74,8127,2,31.8,0.0
23,2,0,117,71,9835,3,31.8,4.4
10,2,0,108,54,16403,2,36.3,0.0
73,1,1,119,83,9079,7,6.6,0.9
40,2,0,142,85,11029,6,30.0,6.0
44,1,0,122,80,6906,1,38.5,0.0
13,2,0,146,103,3091,3,52.2,1.9
24,1,0,125,55,10849,1,59.5,0.0
37,2,0,88,75,9738,1,39.0,7.1
14,1,0,107,69,5379,2,33.3,0.0
32,2,0,99,67,8144,1,36.0,0.0
17,2,0,109,67,8320,1,56.3,0.0
23,2,0,88,58,15331,2,29.6,0.0
14,1,0,118,62,12758,1,64.2,0.0
75,2,0,123,68,12279,3,95.0,0.0
53,2,0,101,62,4046,2,14.5,0.0
13,1,0,119,63,18507,1,37.8,0.0
65,1,0,127,82,6798,3,44.7,0.0
80,1,1,146,48,11225,9,37.8,0.1
18,1,0,108,75,15281,2,53.8,0.0
15,2,0,84,63,17939,1,50.1,0.0
75,2,0,150,87,3216,2,49.3,3.8
47,2,0,109,65,16780,4,57.8,0.0
56,2,0,100,78,14155,2,45.7,0.0
22,1,0,104,77,19233,3,24.6,0.0
47,1,0,109,80,7033,1,72.8,0.0
63,1,1,113,73,8509,4,48.8,0.1
36,1,0,95,74,8406,2,35.9,0.0
10,2,0,96,54,22671,1,39.3,0.0
27,2,0,84,71,10257,2,43.9,0.2
61,1,0,88,62,10085,1,31.6,2.7
10,2,0,109,57,8551,1,48.4,0.0
61,1,1,144,58,9408,3,12.9,0.7
70,2,0,113,66,6825,1,21.1,9.0
28,1,0,112,83,17242,1,27.5,0.0
23,2,0,106,83,13353,1,65.0,0.0
10,2,0,94,33,15868,1,37.3,0.0
17,1,0,81,43,18445,1,64.3,0.1
10,2,0,92,67,7947,1,29.6,0.0
41,1,0,115,86,19059,1,74.5,0.0
25,2,0,100,53,9618,1,55.1,0.0
43,1,0,107,50,10650,2,38.7,0.0
80,1,1,141,64,8286,6,8.7,0.0
67,2,0,132,79,14773,2,48.3,0.0
22,1,0,103,83,11304,4,32.5,0.0
10,1,0,107,52,12764,1,24.1,0.0
18,2,0,108,56,15421,1,50.7,0.0
19,2,0,100,59,12932,1,42.3,0.0
30,1,0,114,64,5093,1,60.5,0.0
70,1,1,144,78,7018,3,13.9,7.9
80,2,1,128,75,10083,7,10.7,6.3
54,2,0,117,78,7125,1,46.4,0.0
79,2,1,172,77,3308,6,40.8,0.1
14,1,0,100,57,5580,3,35.5,0.8
38,1,0,109,76,8170,1,76.4,0.0
73,1,0,98,51,9312,1,76.4,0.0
18,1,0,100,63,6335,2,51.7,0.0
31,2,0,126,59,14140,1,23.4,0.0
59,2,0,107,67,13398,4,78.7,0.1
76,1,1,114,58,5695,13,5.9,0.4
11,2,0,99,48,9588,1,21.7,0.0
60,1,0,120,92,3293,1,49.2,0.0
33,1,0,126,67,6732,3,67.6,0.0
39,2,0,100,48,14152,1,24.7,0.0
60,1,0,138,85,6750,2,75.5,0.0
53,1,0,130,83,12844,1,56.1,0.3
43,2,0,118,79,17096,1,65.1,5.9
79,1,1,126,60,6411,11,26.7,0.1
18,1,0,98,67,13784,2,55.7,0.0
28,1,0,111,65,10640,1,59.9,0.0
22,1,0,120,86,8971,1,60.3,0.0
74,2,1,110,50,9428,14,9.4,0.4
11,1,0,114,55,25897,2,47.2,0.0
59,2,0,133,65,10311,1,46.0,0.0
66,2,0,110,72,4058,2,44.3,0.0
9,1,0,87,51,8685,1,29.2,0.6
80,2,1,121,66,13836,2,58.7,0.1
19,2,0,106,63,10182,1,48.9,0.0
70,1,0,126,87,10809,2,42.6,0.0
75,2,1,115,82,9958,2,69.3,1.8
44,2,0,101,78,5549,1,43.7,0.0
77,1,0,108,60,4995,1,56.1,0.0
11,2,0,99,40,14924,1,29.8,0.0
53,1,0,136,86,16316,1,59.3,0.1
11,1,0,95,69,7302,1,34.5,2.1
28,2,0,100,49,16482,1,43.7,0.0
48,2,0,109,42,8938,1,62.4,0.0
10,1,0,96,54,18285,1,69.3,0.0
10,1,0,94,61,14120,1,28.2,0.0
19,1,0,106,52,15239,1,40.4,0.0
56,1,0,128,100,13045,4,50.5,0.0
33,2,0,114,75,15199,3,20.1,0.0
55,1,0,118,76,3839,1,48.5,0.0
54,2,0,108,73,9454,2,75.5,0.1
25,2,0,91,53,12538,1,69.9,0.0
30,2,0,104,67,12990,2,25.9,0.0
78,2,0,143,84,1242,1,63.8,9.1
46,1,0,127,93,2699,1,52.5,0.0
79,2,0,106,70,1410,7,60.2,5.3
78,2,1,133,95,7575,7,30.4,0.1
28,1,0,91,52,12845,1,27.0,0.0
70,1,0,126,84,7757,3,76.0,0.0
71,1,0,117,70,9227,1,59.9,0.0
20,2,0,125,64,9408,1,31.0,0.0
12,2,0,87,49,17168,1,38.4,2.9
73,1,0,135,72,7430,3,51.6,0.0
18,2,0,113,42,10996,2,68.4,0.0
22,2,0,101,47,20093,1,30.7,0.0
9,1,0,108,65,17503,2,18.5,4.9
55,2,0,111,77,12420,4,62.0,8.2
9,1,0,102,69,16061,1,21.5,0.0
24,1,0,109,75,13217,1,59.3,0.1
69,1,0,134,88,11668,4,36.3,0.1
45,1,0,116,70,14978,1,62.8,0.0
80,1,1,157,67,5976,5,11.8,0.1
51,2,0,96,67,20031,2,53.1,0.0
46,1,0,122,64,14896,1,63.9,0.0
10,2,0,95,51,10666,1,48.5,1.3
29,2,0,119,59,9815,1,60.3,0.0
11,1,0,96,49,6758,2,56.0,0.0
40,1,0,113,56,6968,1,46.8,0.0
13,2,0,113,74,10980,2,62.8,0.0
29,2,0,105,79,15639,1,70.4,3.6
45,2,0,107,46,12215,1,35.7,0.0
79,2,0,146,79,10080,2,70.8,0.0
53,2,0,101,74,17463,1,25.2,0.0
37,2,0,111,58,11906,1,64.8,0.0
42,1,0,116,75,9003,2,36.1,0.0
33,1,0,114,66,10665,1,58.2,0.0
38,2,0,99,51,5884,3,33.7,0.0
28,2,0,112,59,5597,1,37.4,0.0
77,1,0,134,100,7712,2,44.3,0.0
35,2,0,117,75,17894,3,22.5,2.5
36,2,0,97,71,8056,3,54.1,0.0
66,1,0,134,78,3013,3,52.9,0.3
75,1,0,120,75,10254,3,59.5,0.0
27,2,0,120,68,25135,1,40.4,0.0
66,1,0,119,95,11068,1,69.3,0.0
19,2,0,101,60,7977,1,12.3,0.0
75,1,0,116,69,8408,2,31.8,0.1
61,1,0,113,73,6584,4,40.6,0.0
80,1,0,137,80,20273,2,92.8,0.0
80,2,0,164,116,7217,6,83.4,8.1
46,1,0,101,49,3419,2,45.2,0.0
26,1,0,87,73,9577,1,14.2,0.0
69,2,0,123,69,6213,2,47.6,0.3
20,2,0,95,57,14732,4,52.1,0.0
80,1,0,120,62,2702,2,78.0,0.0
51,1,0,104,58,13079,2,43.5,0.0
48,1,0,105,75,8051,3,48.7,0.0
75,2,0,123,78,5160,5,40.4,0.0
10,2,0,106,56,9349,1,20.1,0.0
32,1,0,101,73,15303,1,49.7,0.0
26,1,0,126,66,13360,1,50.9,0.0
45,2,0,113,81,12265,1,33.9,0.0
70,2,0,143,68,10102,1,71.8,0.0
10,1,0,121,55,13853,1,28.3,0.0
67,1,0,138,77,6905,1,53.3,0.1
29,1,0,90,75,11451,1,58.3,0.0
45,2,0,102,57,10909,1,56.2,0.2
41,2,0,121,55,10158,1,55.3,0.0
34,2,0,111,75,7281,1,49.0,0.0
42,2,0,128,73,18087,2,39.4,0.0
78,1,0,113,84,7010,2,54.9,0.1
69,2,0,130,54,8955,1,36.6,0.0
35,1,0,128,48,8004,2,16.9,0.0
69,1,0,149,79,3168,1,72.6,0.1
15,2,0,100,56,7048,4,14.6,0.1
13,1,0,112,74,14275,1,60.2,0.1
32,2,0,101,63,8033,1,50.9,0.0
33,1,0,116,67,12050,1,40.1,0.0
64,2,0,120,90,7499,1,40.7,0.0
31,1,0,115,74,12185,1,54.7,0.1
12,1,0,117,67,5384,1,15.6,0.8
17,2,0,111,58,16116,1,44.9,0.1
9,2,0,92,56,9976,2,7.4,0.0
13,1,0,117,51,9712,1,49.3,0.1
80,2,1,161,73,6857,11,53.7,0.0
34,1,0,104,66,13114,4,48.8,0.0
21,1,0,99,67,18800,1,34.5,0.1
20,2,0,88,51,16651,2,17.2,0.0
55,2,0,107,89,6493,2,35.5,0.0
72,1,1,112,59,6370,11,5.1,2.0
29,1,0,109,54,12190,4,15.7,7.8
22,2,0,116,69,8640,1,54.6,9.0
41,1,0,112,68,9063,1,63.7,0.1
9,1,0,86,27,14805,1,44.2,0.0
50,2,0,110,72,17471,1,34.7,0.0
58,2,0,112,80,10283,3,61.6,4.6
26,1,0,111,77,6702,1,78.1,0.0
10,1,0,126,79,17424,2,32.7,0.1
28,2,0,112,59,6956,3,46.9,0.0
76,2,0,112,70,8449,1,86.8,8.2
80,2,1,97,58,17024,2,13.8,1.3
11,1,0,106,60,15056,1,40.4,0.0
80,2,1,136,76,5863,3,7.6,1.3
12,1,0,107,75,7579,3,24.1,2.2
51,2,0,141,91,13151,2,75.3,0.0
20,1,0,103,51,23928,1,59.6,0.1
79,1,1,123,55,14008,5,9.1,8.3
12,1,0,111,62,15216,1,37.0,0.0
51,1,0,99,52,3171,2,60.6,0.0
58,2,0,109,65,5054,3,37.9,0.0
10,1,0,92,76,16650,1,18.5,0.0
22,1,0,96,85,11877,1,15.8,0.0
34,2,0,98,55,12804,1,53.6,0.1
27,1,0,100,69,9291,1,62.7,0.0
56,2,0,129,85,15309,1,40.1,0.0
39,1,0,120,79,10687,1,23.6,0.0
46,2,0,103,59,6368,3,23.3,2.0
11,1,0,103,54,4112,1,42.2,0.0
20,1,0,106,50,8192,2,52.6,0.0
72,1,0,107,83,13414,2,67.3,0.0
42,2,0,115,80,11979,4,49.7,6.0
26,2,0,111,54,8681,2,28.3,0.2
14,2,0,97,70,11619,1,59.8,6.7
77,1,1,124,60,10239,6,37.3,6.8
10,1,0,84,54,12470,1,43.0,3.7
19,1,0,104,74,10922,1,35.4,0.0
80,1,1,121,68,8806,4,10.5,4.0
22,2,0,129,68,15614,2,58.7,0.0
66,1,0,111,64,12933,2,43.9,0.1
10,1,0,94,48,8968,1,5.1,0.1
79,1,1,161,97,12143,0,40.8,0.1
72,1,0,109,85,12456,1,46.1,0.0
68,1,0,109,67,4310,2,59.1,0.0
77,1,1,122,55,5046,3,18.9,0.0
39,2,0,108,50,5357,1,84.0,0.0
10,1,0,101,62,9314,1,24.9,0.0
44,1,0,107,59,10449,1,68.0,0.0
75,1,0,129,79,5338,1,66.8,0.0
58,1,0,110,79,12871,3,49.3,0.0
57,1,0,135,69,8625,1,65.3,0.0
25,2,0,92,56,9686,1,55.6,0.0
22,2,0,104,45,6328,3,48.7,0.0
9,1,0,90,48,18348,1,28.8,3.7
16,2,0,118,76,5802,1,20.3,0.0
42,1,0,118,63,10225,1,55.7,0.0
10,1,0,109,62,21027,3,51.9,0.0
30,2,0,126,99,10123,2,59.4,0.0
16,2,0,95,52,9528,1,49.6,1.4
67,2,0,113,73,5448,2,73.1,0.1
54,2,0,121,70,6563,3,38.9,0.0
52,1,0,111,62,7892,1,27.2,0.0
29,1,0,93,54,11899,2,55.0,0.0
53,2,0,116,81,13105,1,49.6,8.4
78,2,0,127,95,10683,1,60.4,0.1
80,2,0,132,73,4732,2,67.6,0.0
41,1,0,99,55,6372,1,62.8,0.0
36,2,0,106,79,5907,1,47.3,2.6
26,2,0,115,66,7303,1,65.1,0.0
68,2,0,114,70,17632,1,34.4,4.4
12,1,0,120,68,24895,1,22.0,0.0
61,1,0,102,75,8680,1,47.6,0.0
10,2,0,109,41,10341,1,16.9,0.0
74,1,1,119,66,6531,9,10.8,6.7
61,2,0,121,64,5204,2,42.1,0.0
50,1,0,139,83,3903,2,44.4,0.0
29,2,0,96,46,5604,2,37.3,0.0
20,1,0,111,64,14755,4,15.8,0.0
48,2,0,93,64,8371,1,74.9,0.0
73,2,0,105,71,4520,1,47.9,0.0
61,1,1,139,88,9669,5,49.8,6.9
76,1,0,131,91,13238,1,50.7,8.9
79,2,1,95,69,6680,7,8.0,0.0
76,2,0,124,94,10175,3,69.7,9.1
78,1,0,141,64,4460,2,81.5,1.0
72,2,0,148,75,3615,1,79.2,3.0
54,2,0,114,74,6022,5,63.8,0.0
29,2,0,118,65,2714,1,72.4,0.0
78,2,0,124,64,13984,2,82.5,0.0
71,2,0,128,89,6500,1,56.8,2.8
23,2,0,90,70,8895,1,41.3,0.0
22,2,0,101,70,11852,2,39.8,0.0
9,2,0,88,67,15402,1,16.8,0.0
45,1,0,110,87,9124,1,35.2,0.0
9,1,0,96,61,11830,4,12.1,0.0
33,2,0,98,58,8176,1,30.3,0.0
27,1,0,108,61,12686,2,52.0,0.8
12,1,0,99,89,17042,2,39.7,0.0
24,1,0,106,96,10775,1,26.4,0.0
80,1,1,133,73,9331,7,12.8,0.0
80,1,1,115,63,5323,3,23.5,0.0
57,2,0,96,60,11171,1,37.6,2.4
12,2,0,116,46,10223,1,48.6,0.0
63,1,0,98,72,12216,2,72.0,3.3
11,1,0,105,79,7711,1,22.9,0.0
9,2,0,101,54,16228,1,34.0,0.0
12,2,0,100,68,15161,1,44.6,0.0
60,1,1,127,60,9057,9,5.6,0.0
59,2,0,87,41,4524,1,63.4,0.0
49,1,0,118,78,9231,1,58.9,0.0
14,2,0,132,64,9112,1,64.0,0.0
45,1,0,136,88,8315,2,62.8,0.0
55,1,0,122,71,5013,1,71.6,0.0
49,1,0,134,71,8455,1,62.9,0.0
20,1,0,99,55,17733,1,57.6,0.0
27,1,0,100,74,4334,1,39.8,0.0
40,2,0,110,69,8679,2,14.4,0.0
19,1,0,113,96,9863,2,23.8,0.0
67,2,0,119,76,9432,8,59.9,0.0
25,2,0,94,57,4081,1,47.2,0.0
11,2,0,100,69,14212,1,35.9,0.0
46,1,0,113,61,15997,1,72.6,8.7
80,2,1,133,55,3641,14,9.8,0.0
64,1,0,114,63,7409,3,38.0,0.0
58,2,0,99,77,11730,1,66.3,8.6
26,1,0,115,65,10462,3,44.2,2.5
29,2,0,102,65,6807,1,13.1,0.0
50,2,0,114,58,13546,1,53.9,8.0
27,2,0,120,69,18746,2,40.2,8.4
80,2,1,133,75,3112,15,5.0,0.0
59,2,0,123,78,7025,1,86.1,7.0
76,2,0,102,82,16060,6,26.0,0.0
26,1,0,98,65,6546,2,21.9,0.0
64,2,0,92,45,14097,1,22.7,0.0
11,2,0,85,61,17573,1,36.0,0.0
58,2,0,101,68,12528,1,49.2,0.0
13,1,0,106,72,10539,1,55.9,0.1
17,1,0,96,55,5958,1,41.2,4.3
12,1,0,86,58,17594,1,10.4,0.0
16,2,0,112,63,7909,1,20.1,0.0
14,2,0,93,44,10678,1,46.7,0.0
80,2,1,115,70,4706,2,69.3,0.1
47,1,0,103,58,9437,1,34.2,0.0
79,2,1,131,74,9602,2,74.8,0.1
58,1,0,124,77,8575,1,46.8,4.4
35,2,0,104,69,15253,1,51.6,0.0
67,1,1,107,53,10164,7,19.0,0.1
80,1,0,121,85,9719,3,77.6,0.0
19,1,0,115,80,10878,5,50.2,0.0
18,2,0,97,64,12448,1,30.6,0.0
64,1,0,103,88,10791,1,37.2,4.6
51,1,0,126,67,23486,3,63.3,0.0
75,1,0,119,74,5070,1,58.3,0.0
14,2,0,95,53,16311,1,46.4,8.6
30,1,0,117,74,11460,1,25.8,0.0
21,1,0,120,47,13988,1,66.7,0.0
22,2,0,97,49,11579,2,19.4,0.0
74,1,1,100,66,8905,8,16.3,0.2
75,2,0,133,63,6962,2,26.1,2.7
65,2,0,139,79,9420,4,36.3,1.8
66,2,0,118,75,17114,1,65.5,0.0
67,1,0,116,67,4975,2,44.4,0.1
18,2,0,115,62,13355,1,24.3,8.0
68,1,0,110,93,8806,2,70.6,0.0
53,2,0,119,67,17627,4,52.9,0.1
60,2,0,85,55,21238,4,71.8,0.0
36,2,0,110,91,11732,2,37.2,0.0
39,1,0,118,71,12833,2,14.7,0.0
62,1,0,138,69,11967,3,53.5,0.0
30,2,0,125,73,9710,1,50.5,0.0
33,2,0,119,69,8043,2,53.6,0.0
54,1,0,116,66,1233,3,42.1,0.0
15,2,0,88,60,15675,1,33.8,0.0
11,1,0,102,55,9295,1,39.6,0.0
40,1,0,114,68,7923,1,38.9,0.2
66,1,0,122,76,13171,2,38.0,1.0
56,1,0,117,77,12960,2,41.2,4.7
68,1,0,118,75,14185,2,87.7,7.4
45,1,0,109,75,7516,1,72.9,0.0
77,2,1,131,74,13030,2,27.9,0.1
62,2,0,103,59,16990,3,27.1,9.0
10,2,0,106,84,9212,5,27.2,0.0
43,1,0,119,78,16527,4,13.1,0.0
74,1,0,104,79,16656,5,27.6,0.0
52,2,0,100,78,20605,2,54.2,0.0
16,1,0,115,74,20243,1,29.7,0.0
50,2,0,91,45,3508,6,42.9,0.0
23,1,0,102,65,14155,3,53.6,0.0
19,2,0,126,56,17821,1,57.4,2.3
30,2,0,111,77,8638,1,29.9,0.0
50,1,0,130,77,14157,2,39.4,0.0
46,2,0,132,66,8662,3,58.6,0.0
33,2,0,90,58,16256,1,42.2,1.5
51,2,0,93,64,11383,1,58.6,0.0
61,1,0,130,94,13748,3,30.8,1.1
16,2,0,116,59,13150,1,52.3,0.0
31,1,0,104,47,11670,1,17.2,0.0
78,2,0,112,53,9149,2,38.5,0.0
71,1,0,135,114,8904,2,31.7,0.0
9,1,0,100,69,10814,1,31.8,4.5
26,2,0,112,61,13404,4,26.4,0.0
45,1,0,108,65,7664,2,42.7,0.0
32,1,0,116,77,12980,1,64.3,1.7
25,1,0,110,68,8726,5,51.8,0.0
59,2,0,88,61,2850,1,59.1,0.0
40,2,0,141,74,9002,1,34.5,0.0
63,1,1,133,92,13132,5,62.9,0.0
29,1,0,128,94,8648,1,57.1,0.2
31,2,0,84,46,16241,2,37.3,0.0
18,1,0,110,48,9875,1,11.7,6.4
13,2,0,87,52,18894,1,59.6,8.2
80,2,0,126,76,7303,2,74.9,4.9
79,1,0,116,59,5657,1,84.9,0.1
36,1,0,124,63,11280,1,68.5,0.0
49,2,0,130,75,21292,2,69.1,0.0
65,1,0,119,71,7117,1,44.1,0.1
71,1,0,123,104,16101,3,62.8,0.0
44,1,0,121,71,11078,1,51.5,0.4
78,2,0,101,84,2617,1,49.4,0.0
54,2,0,110,65,10923,1,41.3,0.4
36,1,0,121,79,6015,2,44.0,0.0
80,2,1,112,66,3978,12,9.3,0.0
9,1,0,78,25,19178,1,5.0,5.4
16,2,0,109,70,10807,1,51.6,0.0
51,2,0,112,75,16022,2,61.6,0.0
51,2,0,126,77,10449,1,36.2,0.0
67,1,0,106,94,7805,2,49.4,0.0
35,1,0,121,71,12134,1,34.0,0.1
15,2,0,96,54,17449,1,38.6,0.0
79,1,1,144,72,14191,1,11.0,0.1
52,1,0,142,88,14158,1,58.2,0.0
62,2,0,133,81,14030,2,37.9,0.0
59,1,0,110,69,18825,3,51.5,0.0
44,2,0,105,52,7026,2,35.6,1.6
60,1,0,122,88,8594,2,34.8,0.0
75,2,1,144,82,12300,1,9.2,0.3
73,2,1,113,59,8778,7,11.3,5.3
13,1,0,122,52,11926,1,58.0,0.0
78,2,0,158,96,1617,3,51.7,0.0
66,1,0,110,71,13782,3,54.7,0.0
21,1,0,95,32,7649,2,44.3,0.0
25,1,0,102,64,4582,1,45.4,0.0
70,1,0,116,98,5594,1,54.5,0.4
38,1,0,110,64,10709,3,42.6,0.0
80,2,1,168,81,6898,15,6.1,0.0
11,2,0,126,94,9666,2,35.4,0.0
69,2,0,144,77,6879,2,75.5,0.0
50,2,0,116,81,11014,1,71.4,0.0
10,1,0,94,57,5793,1,40.6,0.0
13,2,0,86,38,13052,3,36.2,8.6
12,1,0,111,57,18628,2,39.9,0.0
57,2,0,117,73,10181,1,42.0,0.0
50,2,0,133,81,15401,1,43.2,0.0
67,2,0,127,81,1671,3,47.4,0.0
25,2,0,128,50,11314,1,40.0,0.0
9,1,0,93,41,17407,2,29.4,0.0
51,1,0,121,62,9293,1,60.1,0.1
66,1,0,132,79,12781,1,53.3,0.1
78,2,0,112,51,4803,1,67.1,0.9
27,2,0,94,81,14432,1,34.2,0.0
80,2,0,130,80,11235,1,45.5,0.1
57,2,0,123,61,12341,6,32.3,0.0
57,2,0,103,76,6053,1,11.9,0.0
10,2,0,100,58,17805,1,25.6,0.0
12,1,0,89,62,9910,3,5.0,0.0
54,1,0,102,60,9156,2,64.9,0.0
77,1,0,111,85,8513,1,39.8,0.0
80,2,1,108,76,9759,6,44.1,0.3
10,2,0,102,69,15854,2,40.9,0.0
48,1,1,105,67,7735,3,17.7,3.9
43,1,0,97,65,9581,1,19.4,0.0
59,2,0,111,48,8311,4,52.2,0.0
68,1,0,127,71,7533,1,45.1,0.0
18,1,0,93,42,9750,4,22.3,0.0
21,2,0,85,48,5932,2,43.3,0.0
48,1,0,108,66,10603,2,32.3,0.0
56,2,0,101,49,5093,1,57.3,0.0
29,1,0,105,62,6881,2,73.9,0.0
13,1,0,98,53,14674,1,39.8,0.0
58,1,0,125,75,11452,2,40.3,0.0
78,1,1,111,83,11951,3,9.4,0.0
43,1,0,110,59,11102,5,46.9,0.0
13,2,0,106,66,22134,1,34.2,0.0
17,2,0,112,31,4881,2,43.3,0.1
60,1,0,107,74,9657,2,41.5,0.1
36,2,0,104,63,12997,2,40.5,0.0
50,2,0,109,46,8597,1,36.8,0.8
67,2,0,120,67,21319,2,82.8,0.0
67,2,0,120,67,11092,2,50.9,0.1
20,1,0,138,85,13449,1,62.9,0.1
75,1,1,150,68,9290,2,42.2,0.0
17,1,0,131,77,10780,1,49.6,0.0
72,1,0,125,88,6235,1,44.9,0.7
23,2,0,98,67,18369,1,39.6,0.0
15,1,0,121,64,16222,1,59.8,8.4
79,2,1,99,35,7393,2,33.9,0.1
31,2,0,99,69,6068,1,37.4,0.0
17,2,0,130,55,9460,1,43.9,0.0
46,2,0,116,59,6752,1,37.3,0.0
47,2,0,95,74,19812,1,26.0,0.0
56,2,0,130,81,2207,4,34.9,0.0
25,2,0,121,96,8942,1,33.4,1.7
80,1,1,145,73,10014,3,23.1,0.0
80,1,1,132,85,13307,8,21.4,0.0
36,1,0,149,95,8897,1,52.6,0.0
28,2,0,103,72,7282,1,69.9,0.0
14,1,0,99,63,19624,1,47.9,0.0
57,1,0,118,74,18992,2,53.8,0.0
48,2,0,95,64,10154,1,55.8,0.0
46,2,0,136,63,17666,4,48.0,0.0
21,2,0,103,44,11694,1,60.9,0.2
19,2,0,119,65,20131,1,43.6,0.0
14,2,0,130,51,11366,1,28.4,0.8
36,1,0,109,56,21487,1,41.3,0.1
32,2,0,99,73,13194,4,18.8,0.0
46,1,0,106,60,9805,1,52.4,0.0
71,1,1,158,79,7838,7,10.1,0.0
45,2,0,123,89,9727,1,54.3,0.0
37,2,0,115,66,6295,1,33.2,0.0
60,1,0,138,61,13969,5,62.6,0.9
36,2,0,101,57,6835,2,37.9,0.0
10,1,0,104,67,13152,1,5.0,0.1
16,1,0,121,83,3434,1,28.5,0.5
32,1,0,121,72,8949,1,61.7,0.0
65,2,0,134,76,5885,1,70.4,0.0
40,2,1,139,76,13136,3,48.0,0.0
20,1,0,97,68,5764,1,37.1,0.0
10,1,0,83,34,14164,3,57.9,9.2
27,2,0,110,68,10328,1,15.1,0.0
70,1,0,125,77,2807,2,45.0,0.0
72,2,0,113,76,8264,1,41.7,0.0
42,2,0,106,56,16591,1,47.1,0.0
20,1,0,90,57,14563,1,26.6,0.0
10,1,0,88,53,13861,7,25.1,0.0
80,2,1,174,71,4647,1,71.0,0.0
42,1,0,120,70,11596,5,50.3,0.1
12,2,0,121,59,11902,1,40.1,0.0
41,2,0,102,82,6934,2,52.3,0.0
52,1,0,144,101,17148,6,39.9,0.0
35,1,0,108,45,8234,1,59.9,2.0
71,2,0,135,91,7522,1,56.7,0.0
21,2,0,110,86,20288,1,51.4,0.0
23,1,0,95,41,15606,4,35.9,0.0
72,1,0,122,76,10773,2,50.3,0.0
73,2,1,115,64,7794,4,13.6,0.1
9,2,0,100,53,21803,1,33.5,0.0
11,2,0,81,71,10191,1,5.0,8.0
11,2,0,95,22,12493,3,21.2,0.0
30,2,0,109,78,10929,2,53.6,0.0
80,2,1,135,63,8507,11,7.7,0.0
21,2,0,97,80,15118,1,30.5,0.0
39,2,0,101,64,10702,1,57.4,0.7
14,1,0,120,78,15806,1,43.9,0.0
37,2,0,93,60,13272,1,45.3,0.0
79,1,0,121,82,15401,1,58.0,0.3
21,1,0,100,49,6278,1,48.5,0.0
31,2,0,108,57,16367,1,43.4,0.4
19,2,0,106,62,5855,1,56.9,0.0
16,1,0,103,80,10267,2,24.6,0.0
55,1,0,148,91,5486,1,66.0,0.0
66,2,0,109,82,10492,4,31.4,0.0
10,2,0,109,81,9234,1,28.7,0.2
33,2,0,87,52,14606,2,37.4,0.0
12,2,0,90,60,14256,1,15.9,0.0
57,1,0,102,75,9584,1,38.3,0.0
59,1,0,127,93,5522,1,23.6,0.0
42,1,0,106,57,11187,4,41.4,0.0
80,2,1,142,53,5527,10,6.2,6.4
79,1,1,138,73,8856,9,35.4,0.1
30,2,0,101,51,10525,1,60.6,0.0
15,1,0,89,55,10191,1,51.0,0.0
59,1,0,123,74,3868,2,48.8,0.0
24,2,0,102,43,6938,1,34.8,0.0
33,1,0,108,65,10688,2,23.0,0.0
9,1,0,90,64,8536,1,5.7,0.0
21,2,0,95,52,10426,1,46.4,0.0
20,1,0,115,65,9329,1,44.7,0.0
16,1,0,104,69,10685,1,55.3,0.0
40,1,0,103,51,9869,1,67.3,0.0
63,1,0,120,76,6852,2,42.7,0.0
9,1,0,96,55,18845,1,15.8,0.0
13,1,0,98,65,10106,1,42.9,0.0
42,1,0,115,61,12962,1,71.7,2.8
36,2,0,95,41,13653,1,40.2,0.0
64,2,0,80,48,8043,2,57.8,0.0
42,2,0,126,80,19938,1,71.8,0.0
27,1,0,122,76,17002,1,46.1,0.0
10,1,0,100,39,10725,1,38.3,0.0
79,1,1,113,71,11247,1,25.9,0.9
20,2,0,107,62,6203,1,41.9,0.0
79,1,1,155,72,8373,6,28.2,0.1
17,2,0,112,81,11083,1,53.2,0.0
63,2,0,111,36,5478,1,58.7,1.1
64,2,0,132,65,3553,1,48.7,0.0
43,1,0,107,67,10897,2,51.8,5.8
26,2,0,87,43,8018,3,30.6,0.0
19,1,0,130,79,21063,1,48.9,0.0
13,1,0,104,61,18631,1,46.3,0.0
24,1,0,115,63,7829,1,50.3,8.9
33,1,0,104,39,16979,2,34.6,0.0
69,2,0,103,68,4284,1,72.8,0.0
79,2,1,135,72,7759,4,35.7,0.1
10,2,0,100,74,14983,1,36.0,0.0
12,1,0,96,73,19667,1,47.1,9.0
64,2,0,135,99,9348,4,65.2,0.1
58,1,0,103,75,14208,6,14.4,0.0
43,1,0,105,64,11306,2,43.6,0.2
11,2,0,91,49,18846,2,34.9,0.0
42,1,0,129,59,4725,4,29.8,1.3
33,2,0,102,72,17188,1,17.8,0.0
32,1,0,126,66,4716,1,55.5,0.0
27,1,0,112,55,6085,1,41.8,0.0
73,1,0,146,82,6413,1,53.8,1.2
41,1,0,102,66,9875,2,43.4,0.0
77,2,0,126,64,4257,2,66.3,7.9
15,2,0,97,68,13162,1,50.2,0.0
11,2,0,123,67,10305,1,44.1,0.0
76,2,0,101,80,12794,3,61.2,7.4
68,1,0,109,53,7442,3,62.9,6.1
55,1,0,103,63,5363,1,57.8,0.8
73,2,1,162,76,15229,9,7.7,0.7
44,2,0,113,84,7030,1,38.6,0.0
61,2,0,118,73,2097,2,46.5,0.0
37,1,0,110,62,7177,2,76.3,2.8
80,2,1,125,49,8557,6,14.5,0.0
75,2,0,109,74,16781,2,62.3,0.0
28,2,0,109,66,14389,1,56.8,0.1
46,1,0,134,90,15220,1,88.2,2.1
26,1,0,115,66,13964,1,84.7,0.0
69,2,0,139,77,6005,2,38.5,0.0
67,2,0,103,71,14329,1,84.6,8.8
51,1,0,96,64,12791,1,71.5,1.2
10,1,0,102,77,23512,2,21.0,0.0
57,2,0,109,81,6078,3,34.0,0.0
40,2,0,116,98,8551,1,62.3,0.1
27,2,0,140,67,6986,5,62.7,0.0
19,1,0,109,45,11974,2,13.1,0.0
76,2,0,140,78,5816,3,41.9,0.0
73,1,0,139,49,10828,1,53.9,0.0
67,2,0,133,68,9590,2,40.2,0.0
38,1,0,96,76,7022,1,37.9,0.0
66,2,1,148,71,10126,13,13.2,0.1
37,1,0,90,48,8381,1,52.8,0.0
20,1,0,107,68,2637,2,38.9,3.0
25,1,0,89,36,14298,1,48.2,0.0
73,1,1,136,84,12558,0,63.3,0.0
33,2,0,113,68,12314,4,15.9,0.0
24,1,0,126,61,9576,3,43.0,6.7
43,1,0,117,84,11831,2,43.3,6.6
29,2,0,93,60,19287,2,23.4,0.0
54,2,0,117,67,5625,4,42.1,0.0
32,2,0,95,66,9606,2,32.2,3.4
9,2,0,95,51,8467,1,37.2,0.0
27,2,0,125,62,11764,1,32.8,0.0
17,1,0,125,75,11233,1,33.2,0.0
44,1,0,111,59,12154,2,48.5,9.1
57,2,0,121,79,7928,2,59.4,7.9
80,1,0,140,104,10575,2,78.2,0.1
42,2,0,104,86,12852,1,44.4,0.0
59,2,0,120,85,10122,1,34.6,6.9
80,1,1,132,68,5443,4,6.1,0.0
73,1,0,138,90,5533,4,27.3,0.0
27,1,0,107,50,10986,2,39.5,0.0
20,2,0,103,73,18344,1,65.7,0.0
11,1,0,113,74,18896,1,21.2,0.0
10,2,0,88,32,16764,1,25.4,0.0
45,2,0,112,74,14823,1,63.8,0.0
34,2,0,131,60,11389,5,30.4,0.0
23,2,0,96,60,14357,1,53.1,0.0
23,2,0,116,67,13650,2,12.8,0.0
35,2,0,109,59,7868,1,15.3,0.0
73,2,0,113,64,8644,2,39.8,0.0
47,1,0,106,56,11523,1,38.2,0.0
9,2,0,79,49,12945,1,12.5,0.0
47,1,0,93,52,9489,2,55.6,0.0
59,1,0,129,73,17435,1,64.8,0.0
28,1,0,119,66,13533,1,87.7,0.0
79,1,1,148,56,2508,6,11.2,0.0
62,1,0,117,80,14052,2,46.1,0.1
9,1,0,120,71,15259,1,5.9,0.0
71,2,0,129,92,5929,2,40.9,3.6
64,1,0,112,77,7102,1,69.4,0.0
51,1,0,114,63,11491,1,30.9,0.0
40,1,0,100,51,13311,2,54.6,0.0
51,2,0,125,66,18012,1,46.9,0.0
76,2,0,98,80,5906,5,50.3,0.0
49,2,0,106,66,9100,1,49.3,0.0
24,2,0,122,70,22676,1,65.9,0.0
27,1,0,119,69,10338,1,67.0,0.0
80,2,1,150,56,4374,8,12.3,0.6
29,1,0,119,72,12780,1,56.4,0.0
17,1,0,102,63,17658,2,15.3,0.2
42,1,0,110,87,4648,1,70.9,0.0
61,2,0,139,55,12931,1,55.8,0.0
22,1,0,111,70,24287,2,56.3,0.0
32,2,0,140,60,11554,5,56.3,0.0
27,2,0,107,48,12950,1,30.2,4.9
17,2,0,121,60,10661,2,39.9,0.0
24,1,0,103,49,14754,1,60.4,8.5
12,2,0,121,83,17807,1,60.8,0.0
18,2,0,114,70,17370,1,55.9,0.0
43,1,0,120,72,6455,4,19.2,0.0
12,2,0,109,64,13905,1,20.6,0.0
15,1,0,105,60,8676,5,6.3,0.0
14,1,0,99,74,15326,1,29.3,0.0
59,1,0,115,71,11558,1,43.7,0.0
80,1,1,109,63,8107,1,46.3,0.1
24,1,0,104,63,15171,1,24.4,0.0
44,2,0,109,83,4007,6,23.0,0.0
24,1,0,120,78,10417,1,22.8,0.0
57,2,0,103,75,6990,1,42.5,0.0
54,2,0,133,102,13962,2,45.7,0.0
78,1,0,140,93,4385,1,55.6,0.0
43,2,0,119,61,12731,1,46.3,0.0
27,2,0,111,61,13376,2,24.3,0.0
17,2,0,99,65,10375,1,38.3,0.0
16,1,0,93,70,5386,2,22.3,0.0
75,1,0,132,69,4805,3,48.3,2.7
65,1,0,121,71,9193,3,64.0,0.0
45,2,0,121,67,15953,2,74.2,0.0
58,1,0,133,67,7916,1,47.4,0.0
46,2,0,104,48,5432,3,43.5,0.0
36,2,0,116,56,11600,3,53.3,0.0
64,1,0,129,73,4470,2,36.3,0.1
24,2,0,100,56,5930,1,37.9,0.0
24,1,0,99,50,14340,1,51.9,0.0
80,2,1,138,71,12062,3,25.8,3.2
13,1,0,99,78,15877,2,35.9,0.0
49,2,0,105,61,6281,1,46.7,0.0
51,1,0,101,64,8329,1,30.0,0.1
12,1,0,101,65,8224,1,67.0,0.0
49,2,0,108,58,9336,7,61.1,6.2
37,2,0,105,71,13782,1,19.1,0.1
11,1,0,98,64,13150,2,29.9,0.0
35,1,0,136,71,10107,4,45.4,0.0
12,2,0,94,60,12443,1,31.4,0.0
51,2,0,106,59,16976,2,44.9,0.0
78,1,1,107,77,10100,3,27.5,0.0
33,2,0,90,45,17289,3,20.8,0.0
12,1,0,105,62,10451,1,44.9,0.0
10,1,0,81,46,3722,1,28.1,0.0
39,1,0,100,77,8202,1,57.2,0.0
29,2,0,117,51,11395,1,52.0,0.0
33,2,0,102,81,8739,1,59.6,0.0
10,1,0,95,39,16903,1,51.4,0.0
28,2,0,98,51,5462,1,32.5,0.0
49,1,0,124,68,11832,2,38.2,0.0
11,1,0,110,40,11866,2,29.1,0.0
33,1,0,123,73,11886,1,49.5,0.0
16,1,0,88,37,20493,1,52.6,0.0
80,1,1,144,67,6838,10,33.1,0.1
30,2,0,113,50,21769,1,60.0,5.2
9,1,0,96,69,18483,1,47.2,0.0
69,1,0,116,88,12281,1,39.0,8.9
19,2,0,85,56,12001,2,32.6,0.0
9,1,0,101,39,5698,1,24.3,0.0
15,1,0,91,71,18362,1,29.4,0.0
73,1,0,123,57,5350,7,49.9,0.0
13,1,0,96,60,15431,2,37.0,0.0
63,2,0,121,50,14670,2,70.3,0.0
9,1,0,90,38,18564,1,19.8,0.0
53,1,0,142,85,11353,1,54.0,0.0
29,1,0,100,61,7909,2,39.9,0.0
42,1,0,99,61,5938,3,31.6,0.2
51,1,1,102,70,10595,7,25.9,0.0
71,2,0,101,78,7789,2,77.8,0.0
80,1,1,167,60,15459,4,19.0,0.0
22,2,0,104,57,10939,1,39.1,0.0
15,1,0,114,56,12864,2,20.2,0.0
76,1,0,116,77,12654,1,51.0,0.0
65,1,0,128,79,15350,5,45.5,7.8
21,1,0,110,79,7799,2,11.0,0.0
63,1,0,113,67,15574,3,50.3,0.0
12,1,0,88,49,13873,1,69.5,0.0
48,2,0,115,56,14238,3,39.5,0.0
15,1,0,103,87,11798,1,43.3,0.0
44,2,0,109,75,9793,1,28.6,0.0
30,2,0,99,70,9261,5,33.1,0.0
78,2,0,133,74,4588,1,42.1,0.0
10,2,0,87,59,17319,1,41.3,0.0
41,2,0,94,54,10149,2,41.9,0.0
80,1,1,118,68,11791,11,5.1,0.7
68,1,0,124,79,5702,1,60.2,0.0
18,2,0,115,50,14140,1,31.9,0.0
71,2,0,111,64,3815,6,33.7,0.1
9,2,0,93,49,13251,1,6.3,0.0
19,1,0,110,63,14098,3,38.8,0.0
24,2,0,107,80,13760,1,52.8,0.0
17,2,0,99,71,10991,1,29.7,0.0
10,2,0,99,41,14782,1,50.1,9.1
13,2,0,79,49,5030,2,48.7,0.0
64,2,0,125,58,10374,2,54.2,0.0
11,2,0,88,66,18340,1,41.7,0.0
79,1,1,133,49,9755,12,9.7,0.0
72,1,0,139,76,14022,2,58.7,0.0
68,1,0,115,61,14323,4,43.1,6.1
35,1,0,107,52,19262,1,46.6,0.0
77,1,0,148,61,13424,2,37.1,0.0
9,1,0,93,35,16360,1,10.2,0.0
50,2,0,108,73,12508,2,33.5,0.0
14,1,0,119,69,10167,1,35.8,0.0
11,1,0,100,63,16689,2,42.0,0.0
19,2,0,92,70,8970,2,37.3,0.1
39,2,0,94,52,3663,1,35.9,0.0
37,1,0,98,63,12284,2,42.8,0.0
18,2,0,102,49,15534,1,54.0,0.0
54,1,0,95,43,5249,1,42.7,0.0
20,1,0,107,73,13820,1,24.7,0.0
19,1,0,93,53,8678,1,37.3,0.0
29,1,0,122,63,6457,2,55.7,0.0
20,1,0,125,73,13285,1,52.6,0.0
55,1,0,135,79,10091,2,57.1,0.0
13,1,0,89,69,12872,2,8.5,0.0
48,1,0,110,92,15963,2,68.3,0.1
15,2,0,123,55,11672,1,29.5,0.0
24,2,0,118,54,16447,1,37.5,0.0
74,2,0,123,84,9253,3,71.1,0.0
33,2,0,106,42,18204,1,26.2,0.4
18,2,0,103,69,11433,2,36.7,3.4
79,1,1,123,30,8458,0,38.8,0.2
75,2,0,126,76,8164,3,66.0,0.0
79,1,0,96,41,5807,5,53.4,0.0
11,1,0,121,67,10378,1,5.0,0.0
62,2,0,128,86,12436,2,81.6,0.0
63,1,0,99,63,9631,4,34.5,0.0
80,2,1,168,73,7725,11,49.9,0.0
24,1,0,93,68,10218,1,5.0,0.0
44,1,0,104,71,6896,1,58.7,0.1
22,2,0,101,70,9369,2,24.8,0.0
58,2,0,111,80,9206,1,74.2,0.0
16,1,0,96,56,18483,2,25.9,0.0
26,2,0,135,74,8716,2,27.9,0.0
24,1,0,122,70,10717,1,37.9,0.0
40,2,0,85,58,12056,1,30.2,0.0
20,2,0,91,58,4427,2,44.7,3.2
10,2,0,113,70,9093,2,13.9,0.0
11,2,0,106,37,16825,1,39.3,0.0
43,2,0,98,75,5966,1,52.3,0.0
24,1,0,108,70,11023,2,71.5,0.0
52,2,0,108,84,18992,2,64.3,0.0
12,2,0,105,69,12708,1,59.0,0.0
18,2,0,112,59,9000,1,27.3,8.7
23,1,0,123,66,14934,1,38.9,0.0
12,1,0,110,62,16256,1,34.8,0.8
59,2,0,123,75,10120,3,31.3,0.2
14,2,0,114,77,8499,1,43.3,0.0
76,2,0,115,65,6923,1,72.4,7.9
79,1,0,138,99,7215,1,75.5,0.0
38,1,0,103,62,11885,1,10.1,0.1
60,2,0,124,68,13526,3,49.9,0.0
10,2,0,96,42,10922,1,32.3,0.1
16,1,0,90,59,10293,1,85.3,9.2
62,1,0,107,78,10545,1,25.7,0.1
24,1,0,95,62,11990,1,47.5,0.0
31,2,0,109,63,9025,2,27.1,0.0
44,1,0,122,54,14308,3,45.4,0.0
78,2,0,111,73,5993,7,62.0,0.0
43,2,1,122,56,11802,13,5.2,0.1
70,2,0,122,62,12518,1,61.0,7.6
44,1,0,123,63,10717,4,45.2,0.0
29,2,0,111,52,12756,1,33.4,4.3
15,2,0,118,50,6269,1,19.5,0.0
9,2,0,90,26,15688,1,51.4,0.0
20,2,0,95,57,11967,1,50.8,0.0
45,2,0,141,60,7294,5,44.5,0.0
33,1,0,106,77,12786,1,35.6,0.3
24,1,0,95,45,8664,3,58.1,0.0
9,2,0,84,70,24148,1,46.3,0.4
31,1,0,120,67,8272,2,62.9,0.0
42,1,0,91,72,12163,2,45.2,0.0
71,1,0,130,73,8991,2,49.3,0.0
70,2,0,135,97,10478,2,26.3,0.0
46,2,0,109,74,12636,1,68.3,0.0
33,1,0,109,48,14446,1,21.5,0.0
54,2,0,87,63,7324,3,39.9,0.0
16,2,0,91,63,13461,1,52.9,0.0
13,1,0,96,46,12579,1,16.7,0.0
11,2,0,95,41,10884,1,51.7,1.4
59,1,0,102,59,9686,1,39.4,0.0
30,2,0,88,43,16879,1,46.7,5.7
14,1,0,89,53,12070,1,37.2,0.0
80,2,0,123,93,6666,1,68.9,0.0
80,1,1,137,46,7155,4,5.1,0.0
62,1,0,135,70,11513,1,43.0,0.0
14,1,0,117,68,12510,1,38.0,0.0
22,1,0,105,52,16233,1,58.5,4.0
24,2,0,93,61,6360,1,49.6,0.0
80,2,0,134,70,5967,5,46.3,0.0
35,1,0,92,71,4739,2,35.1,0.0
16,2,0,108,52,12143,1,48.9,0.0
10,2,0,91,70,12741,1,24.4,0.0
38,2,0,131,74,14902,1,36.7,0.0
71,2,0,103,70,4921,1,62.5,0.0
40,2,0,118,59,8467,1,52.4,0.0
13,1,0,120,67,6932,1,58.9,0.1
79,2,1,135,54,11646,13,12.3,0.0
20,1,0,105,66,16171,4,14.1,0.0
32,2,0,125,75,10765,2,49.7,0.7
10,1,0,94,64,12891,1,52.1,0.0
51,1,0,121,49,12956,1,51.8,0.0
43,1,0,111,55,11686,2,45.3,0.0
10,2,0,99,55,17509,1,31.6,0.0
14,2,0,97,67,11786,2,7.1,0.0
69,2,0,92,70,4443,5,39.3,0.0
80,2,0,138,86,7539,4,69.8,0.0
12,1,0,111,62,7543,1,52.6,0.0
9,1,0,90,60,19300,1,23.8,0.1
14,1,0,125,81,16882,1,49.1,0.0
19,1,0,110,65,20144,1,32.8,0.0
12,1,0,118,53,6034,2,18.2,0.0
10,2,0,89,39,10159,1,30.6,0.0
47,2,0,115,65,14179,1,69.0,0.0
56,2,0,109,49,11775,3,16.5,0.0
67,2,0,116,85,6804,1,33.9,0.0
77,2,0,127,75,7521,3,47.1,1.4
50,1,0,105,68,14290,2,50.6,0.0
13,1,0,104,67,11022,2,33.9,0.0
17,1,0,104,55,17404,1,41.7,0.0
74,2,0,106,54,4549,2,60.7,0.0
48,2,0,104,47,9520,3,43.1,0.0
28,1,0,116,66,14064,1,22.4,0.0
67,2,0,129,74,5140,1,54.8,0.1
15,2,0,92,49,11322,1,43.8,0.0
27,2,0,102,79,10390,2,43.6,0.0
32,1,0,105,79,15588,1,47.4,0.0
17,1,0,113,58,22177,1,47.2,0.0
79,1,1,109,48,4250,3,30.5,0.2
69,1,1,117,74,4363,3,6.5,0.0
23,2,0,112,69,9746,2,61.0,0.0
17,1,0,112,53,11953,1,40.0,0.0
19,2,0,94,51,12905,1,29.7,0.0
34,2,0,126,67,25645,1,84.5,0.0
22,1,0,103,68,14354,1,20.4,0.0
25,2,0,110,69,9141,3,46.0,1.3
32,2,0,124,72,7316,1,78.9,4.5
55,1,0,111,81,2644,1,58.8,2.2
43,2,0,100,73,14340,1,16.0,0.0
36,2,0,99,57,13618,1,28.2,0.0
17,2,0,101,78,12048,1,39.3,0.0
69,1,0,145,73,15554,7,44.2,0.0
17,1,0,108,78,11310,2,30.3,0.0
80,1,1,147,75,13220,9,8.6,0.1
16,2,0,115,56,9976,1,6.6,0.0
26,1,0,115,75,11582,1,23.2,0.0
63,2,0,113,71,5863,4,38.5,0.0
25,1,0,103,65,8100,3,15.0,0.0
79,2,1,106,60,8647,1,50.5,0.1
25,1,0,116,57,9786,2,35.6,0.0
69,2,1,150,70,11198,12,8.2,0.1
77,2,0,118,77,9204,2,66.1,0.0
30,1,0,124,98,13064,1,32.8,0.0
30,1,1,109,61,12639,3,35.5,0.0
56,1,0,140,84,13968,1,68.4,0.2
31,2,0,122,63,13901,1,69.6,0.0
80,2,0,128,47,9166,2,71.9,0.0
48,2,0,108,82,13739,1,49.5,0.0
30,1,0,108,70,7786,2,55.3,0.0
61,1,0,120,63,6224,5,37.3,0.0
49,1,1,150,68,9919,4,9.9,0.0
50,2,0,101,46,6192,2,26.6,0.0
43,2,0,101,65,13425,1,49.8,5.3
20,2,1,108,73,7843,2,65.5,0.1
50,2,0,103,69,5248,3,32.0,0.0
48,1,0,107,67,10022,1,48.3,0.1
9,2,0,98,67,10691,1,33.4,0.1
16,1,0,105,42,15076,1,47.1,0.0
61,1,0,105,68,11966,1,73.5,8.8
51,2,0,128,68,5667,2,53.7,0.0
39,2,0,117,54,19692,2,21.6,0.0
35,1,0,123,48,8643,2,22.5,0.0
35,1,0,108,83,15447,1,30.8,0.0
16,1,0,111,72,14059,4,29.9,0.0
9,2,0,105,64,6253,1,13.5,0.6
58,2,0,127,56,11817,2,45.8,0.0
63,1,0,102,77,11633,2,67.8,0.0
24,2,0,107,69,9513,2,50.8,3.8
51,1,0,113,76,9481,1,48.6,0.0
36,1,0,145,79,9759,2,59.8,0.0
59,2,0,123,91,8246,2,48.9,0.0
76,2,0,118,73,11908,3,23.0,0.0
42,2,0,99,50,8480,1,36.5,1.6
33,1,0,102,55,15281,1,52.6,0.0
59,2,1,111,58,9447,6,40.2,3.8
12,2,0,101,68,16420,1,44.4,0.0
64,1,0,127,79,9518,1,42.3,0.0
67,2,1,102,63,11425,2,7.8,3.6
45,2,0,101,71,18776,2,57.1,0.0
53,2,0,94,71,9349,1,52.3,0.0
80,2,1,118,55,5993,9,6.4,0.0
10,1,0,90,53,9103,1,60.9,0.3
22,1,0,109,74,13074,1,29.3,0.0
60,2,0,104,53,4668,2,57.7,0.0
19,2,0,91,49,7678,1,48.4,0.0
34,1,0,115,78,10819,1,56.1,0.0
68,2,0,132,65,11932,1,39.4,6.7
46,2,0,98,67,15760,5,36.8,0.0
26,2,0,126,71,7611,2,40.1,0.1
23,1,0,106,63,13152,1,65.1,0.0
10,2,0,105,54,13921,1,34.0,0.0
70,2,0,111,81,9527,1,49.1,0.0
67,2,0,117,79,9031,2,46.0,0.0
45,2,0,113,64,12938,1,61.4,0.1
63,1,0,105,68,9896,2,67.4,0.1
80,1,1,140,62,5541,5,28.3,0.1
40,1,0,110,61,8969,2,34.7,0.0
30,2,0,105,56,10311,2,54.9,0.0
69,2,0,123,81,10265,3,66.9,4.6
62,1,1,140,66,6967,4,6.2,0.2
42,2,0,99,44,14021,2,29.8,0.0
37,2,0,101,46,11460,2,49.1,9.1
16,2,0,93,49,12653,3,38.1,0.0
23,1,0,109,62,8418,1,40.5,0.0
80,2,0,137,72,13860,1,88.9,0.0
71,1,0,130,77,5169,2,65.9,8.1
33,1,0,101,54,8113,2,45.9,0.0
9,1,0,89,53,13939,2,5.0,0.0
78,2,1,145,81,6855,8,17.6,0.3
33,1,0,118,65,6994,1,67.6,9.2
30,1,0,101,67,13816,2,15.6,0.0
75,2,0,105,87,12142,3,51.5,0.1
64,2,0,105,50,8136,1,46.2,0.0
66,2,0,110,79,6470,1,58.8,0.0
62,2,1,126,73,11143,7,8.4,0.1
23,1,0,92,53,11051,1,27.7,0.0
80,1,1,121,62,7034,10,6.0,1.4
34,2,0,104,79,14162,1,47.1,0.0
46,1,0,111,70,9551,1,30.3,0.0
63,2,0,135,93,7820,2,51.8,1.0
23,1,0,98,62,2022,1,45.0,0.0
72,2,0,116,57,6137,2,53.2,0.0
45,1,1,109,72,10273,4,10.6,0.0
33,2,0,107,82,2804,2,47.4,0.9
46,1,0,126,74,18717,3,44.8,0.0
57,2,0,116,69,15109,2,37.4,1.5
63,2,0,110,64,12590,2,55.6,0.0
23,1,0,96,53,6378,1,24.5,0.0
21,2,0,104,55,7046,2,7.8,0.0
15,2,0,95,66,11505,4,42.3,0.1
51,1,0,145,63,11138,1,51.4,0.0
49,2,0,123,59,5759,2,56.6,0.0
32,2,0,97,69,8093,1,54.7,0.0
50,1,0,123,71,13122,1,56.4,0.0
55,2,0,105,63,8717,1,76.1,0.0
21,2,0,86,52,12420,1,49.1,0.1
33,2,0,114,60,5404,1,44.4,1.7
18,1,0,96,64,12926,1,52.8,0.0
54,2,0,107,59,12054,1,69.0,0.0
20,2,0,92,46,13746,1,30.1,0.0
66,2,0,104,55,7960,6,35.9,0.0
14,1,0,107,62,15871,1,29.1,0.0
60,1,0,124,70,7795,1,44.1,0.0
17,1,0,89,44,4060,2,28.2,0.0
59,2,0,110,85,16106,1,56.4,1.5
49,2,0,118,64,9428,1,50.9,0.0
52,1,0,109,66,8191,1,77.2,0.0
21,2,0,108,59,13718,1,37.8,0.0
9,2,0,81,45,17301,1,19.9,0.0
64,2,0,127,89,3696,3,62.5,0.0
12,2,0,124,78,8676,2,46.4,0.0
10,1,0,87,49,10598,1,13.3,0.0
49,1,0,132,91,12638,1,46.3,0.1
72,2,0,123,83,9617,2,36.3,0.9
54,1,0,117,58,2455,1,60.8,0.0
56,2,0,106,81,13772,1,46.3,0.0
38,1,0,107,69,10058,2,45.0,0.0
25,2,0,109,94,5990,2,45.8,0.0
58,2,1,106,69,10196,2,52.6,0.1
28,2,0,107,58,7659,2,15.3,0.0
22,1,0,92,39,10999,2,24.9,8.7
10,1,0,96,45,16943,1,28.3,0.0
17,1,0,116,72,13260,1,55.9,0.0
32,1,0,90,75,9807,1,58.8,0.0
19,2,0,96,48,14877,3,17.4,0.0
16,1,0,115,64,15065,2,34.3,0.0
76,2,0,123,87,7372,2,74.2,0.0
73,2,0,144,101,8907,2,54.7,0.0
66,2,0,112,81,11747,2,34.9,0.0
76,2,0,116,51,8381,2,68.2,7.0
45,2,0,102,55,6901,1,45.3,0.0
58,2,0,133,76,6669,4,22.6,0.0
11,1,0,114,70,14778,1,41.6,0.0
18,2,0,99,38,7081,1,36.7,0.0
51,1,1,112,68,10186,3,34.2,0.0
24,1,0,104,49,11976,2,42.3,0.0
36,2,0,136,85,12212,1,59.3,0.0
64,1,0,119,70,18915,1,57.3,0.7
33,2,0,126,65,6061,1,69.6,0.0
35,2,0,110,84,9925,4,57.5,0.0
33,2,0,119,61,12126,2,29.3,0.0
11,2,0,98,59,16648,1,70.3,3.2
29,2,0,109,77,9495,1,31.1,0.1
38,1,0,103,67,12151,2,39.1,0.1
45,2,0,100,71,7388,1,60.8,0.0
26,2,0,105,72,5985,1,58.7,0.0
28,2,0,126,70,16312,1,51.5,0.0
9,1,0,92,64,9666,1,23.1,0.6
77,2,0,121,52,9723,2,55.8,0.0
79,1,1,133,96,8054,1,21.7,0.0
36,1,0,110,61,2762,1,41.7,0.0
11,1,0,117,73,13890,1,26.3,0.0
54,1,0,111,58,8943,2,50.4,0.0
19,1,0,123,65,6964,2,65.8,0.0
39,2,0,94,47,14345,1,53.8,0.0
58,1,1,136,95,12082,2,15.3,0.0
36,2,0,110,75,18005,1,44.7,0.0
13,2,0,113,67,13318,1,38.0,0.0
60,1,0,93,56,8051,1,38.5,0.0
12,2,0,90,49,12436,1,45.3,0.0
62,2,0,122,68,12021,2,46.7,0.0
76,2,0,126,84,8515,2,64.7,0.1
18,2,0,98,55,6828,1,30.1,0.0
10,2,0,115,50,19386,1,35.0,0.0
70,2,0,121,75,11123,1,58.5,0.0
17,1,0,108,58,7309,2,28.1,0.0
80,2,1,142,47,6245,6,22.9,0.2
21,1,0,98,57,17552,3,32.3,0.0
47,1,0,124,67,10855,1,63.8,1.0
68,2,0,118,79,10095,3,38.8,0.0
21,1,0,106,54,18353,1,62.1,0.0
76,2,1,100,55,4513,8,18.7,1.8
80,2,1,140,71,6267,16,5.0,0.0
59,1,0,120,60,6995,1,37.6,0.1
16,2,0,91,42,6286,4,5.0,0.0
22,2,0,107,79,9028,2,47.9,0.3
11,2,0,105,47,10619,1,20.7,0.0
55,1,0,115,68,12351,6,45.3,0.0
17,1,0,99,89,6079,1,62.3,0.0
60,2,0,111,62,10605,1,64.8,0.0
15,1,0,122,72,21395,1,41.8,0.0
32,1,1,124,84,11787,3,15.4,9.4
32,1,0,102,46,16088,2,73.4,9.1
76,2,0,106,40,7458,5,45.0,0.0
42,2,0,99,52,10994,3,27.7,0.0
15,2,0,97,68,6031,1,56.2,3.3
43,1,0,123,73,7826,1,32.1,0.1
47,2,0,98,53,11690,1,50.2,0.0
13,1,0,119,62,10699,1,35.9,0.0
80,2,1,152,73,8170,3,47.3,9.3
18,1,0,107,59,15688,2,47.0,9.2
23,1,0,103,72,6620,3,36.0,0.0
80,2,1,125,61,11126,2,36.2,0.1
10,2,0,97,57,12354,1,52.2,0.7
23,1,0,102,65,14301,2,30.1,0.0
34,2,0,127,71,16236,1,22.2,0.0
10,2,0,115,47,9860,1,24.0,0.0
18,2,0,95,64,14437,1,51.2,0.0
24,1,0,109,55,4174,1,30.9,0.0
68,2,1,145,65,8575,6,25.9,9.4
26,1,0,115,54,13039,1,15.1,0.0
39,1,0,111,68,5778,1,48.3,0.0
46,1,0,110,72,16149,2,18.0,0.1
55,1,0,103,67,12905,1,72.0,0.0
79,1,1,106,65,10785,7,40.5,0.1
18,1,0,100,62,6329,3,5.0,0.0
80,2,1,112,54,7403,2,18.5,0.0
32,1,0,98,56,6255,2,77.9,0.0
79,2,0,144,94,9079,4,57.6,5.7
46,1,0,124,65,6923,1,29.4,0.0
23,2,0,111,93,11939,3,36.3,7.7
21,1,0,131,74,11742,1,43.1,0.0
68,1,1,153,85,14221,4,18.5,0.0
18,2,0,94,60,17014,1,40.6,0.0
47,1,0,105,58,7467,3,53.3,0.0
11,1,0,108,58,7178,1,53.2,0.0
29,1,0,130,75,18090,1,54.2,0.0
80,1,1,142,73,7395,4,5.2,0.0
63,2,0,128,79,17086,1,67.2,0.0
46,2,0,124,68,7655,3,31.2,0.0
65,1,0,124,88,8020,3,32.7,0.0
47,1,0,114,57,10371,1,52.0,3.3
27,1,0,110,53,7817,1,61.0,0.0
43,2,0,109,74,3971,1,35.7,0.0
70,1,1,110,61,6370,3,19.1,9.6
63,1,0,99,56,4176,2,36.9,0.0
48,1,1,119,71,8947,1,20.8,0.1
17,2,0,101,55,8351,1,30.1,4.4
59,1,0,115,69,6509,3,81.8,0.0
25,2,0,120,78,10754,2,15.0,0.0
9,1,0,94,60,15362,1,21.7,0.0
28,1,0,119,67,14544,4,23.7,0.0
9,2,0,74,41,14477,1,25.7,0.0
16,1,0,110,68,10802,1,68.3,0.9
15,1,0,121,62,21031,3,34.2,0.0
50,1,0,121,86,12242,1,45.1,0.0
48,1,0,119,63,7300,4,37.6,0.0
58,1,1,112,73,5502,11,5.3,0.0
79,1,0,148,84,8275,3,68.5,1.5
16,2,0,98,73,18880,1,32.3,0.0
35,2,0,108,78,5933,2,52.0,0.0
53,1,0,96,71,18726,1,13.0,0.0
78,2,1,131,68,7964,7,21.7,0.1
62,1,0,107,80,1843,1,58.3,6.9
26,1,0,94,44,13457,1,63.6,0.0
59,1,0,104,65,14314,2,34.6,0.0
15,1,0,105,62,2793,1,36.2,0.0
80,1,1,160,63,7076,14,5.9,0.1
75,2,0,124,91,8100,3,47.0,8.7
42,1,0,120,63,14566,2,31.5,0.0
60,1,1,117,63,8493,3,41.6,0.0
34,1,0,117,67,16070,1,36.4,1.1
20,1,0,93,69,22028,1,52.8,0.0
15,1,0,121,63,5089,1,30.9,8.6
72,1,1,118,67,10143,1,6.2,0.1
15,2,0,105,54,12069,4,50.0,0.0
23,1,0,109,63,7538,1,52.0,0.0
78,2,0,102,83,4348,2,54.2,0.0
80,1,1,103,59,10250,7,12.6,0.0
68,2,0,120,54,14275,2,33.9,0.0
52,1,0,110,60,1344,1,36.6,0.0
41,1,0,104,71,11598,1,50.2,0.0
11,1,0,95,51,16929,1,42.0,0.0
12,2,0,102,35,3593,1,29.0,0.0
40,1,0,123,74,15142,1,81.3,8.0
64,2,0,106,83,5587,2,52.0,0.0
26,1,0,97,81,12072,1,39.8,0.0
39,2,0,133,76,11059,2,43.9,0.0
34,2,0,107,67,13917,1,39.7,0.0
11,1,0,87,56,16123,1,44.1,0.0
64,2,0,115,91,11751,1,79.6,0.0
80,1,1,160,69,9667,15,6.7,0.1
45,1,0,103,57,5316,1,61.8,0.1
34,1,0,133,69,13075,2,23.3,0.0
80,2,1,130,52,7654,3,30.4,4.4
10,2,0,96,68,18764,1,42.0,6.0
34,2,0,122,89,15247,1,69.4,0.0
59,1,0,92,63,13470,1,49.9,0.0
23,1,0,115,66,6715,1,65.7,0.2
62,1,0,127,81,14136,2,20.0,0.0
55,2,0,127,84,7483,2,50.5,0.0
25,1,0,114,69,5657,3,55.3,0.0
56,2,0,110,77,9981,1,24.9,0.0
26,1,0,133,65,11788,4,26.0,0.0
25,2,0,89,74,8154,1,34.6,0.0
45,2,0,98,46,5687,2,71.4,0.0
13,1,0,116,85,5659,2,61.3,0.0
59,2,0,100,66,7087,1,43.6,0.0
68,1,0,125,91,13801,3,50.2,0.0
38,1,0,112,70,8330,1,37.6,0.0
36,1,0,98,75,4010,1,35.3,0.0
78,1,0,92,69,11551,3,59.1,0.0
34,2,0,117,82,2118,1,22.2,0.0
10,2,0,111,53,17855,1,5.0,0.0
21,2,0,102,52,8422,5,6.9,0.0
73,2,0,128,71,11795,3,25.7,6.4
36,1,0,113,64,10032,1,59.3,0.0
19,2,0,94,55,9516,1,44.2,0.0
33,2,0,126,75,4796,1,57.8,0.0
49,2,0,121,66,12182,4,28.7,0.0
69,2,0,122,87,5901,6,45.2,0.0
80,1,1,144,55,7664,10,5.3,0.0
61,2,0,134,76,7533,1,46.9,0.0
41,2,0,122,69,4921,2,55.1,0.0
76,2,0,120,86,3938,1,55.7,0.1
80,1,0,134,102,7633,3,62.6,6.7
9,1,0,116,58,17527,1,70.7,0.0
69,1,0,130,75,11157,5,65.1,0.0
22,2,0,105,72,13696,1,69.4,0.0
65,1,0,127,83,12588,1,52.8,0.0
41,1,0,98,65,15701,1,50.5,0.0
79,1,1,121,72,11948,1,47.7,0.1
71,2,0,116,69,12982,1,60.9,0.0
12,2,0,89,47,11090,1,25.6,0.0
30,1,0,129,67,13349,1,60.9,1.6
11,1,0,82,51,9708,1,34.7,0.0
34,1,0,110,78,13255,2,51.5,0.0
80,1,1,148,92,13064,1,40.6,0.0
58,1,0,112,71,15208,1,17.5,0.0
67,2,0,131,66,14572,1,82.1,0.0
21,2,0,100,58,9504,2,58.3,0.0
43,2,0,96,56,12052,3,43.5,1.9
71,2,0,153,102,9152,4,64.8,0.2
30,2,0,94,57,6277,2,11.7,0.0
55,2,0,88,70,3979,3,21.8,0.0
73,2,0,116,76,7228,4,35.3,0.0
31,1,0,115,67,11034,1,71.1,0.0
16,1,0,98,47,10183,1,50.3,0.0
13,1,0,90,56,22981,1,40.6,0.0
13,2,0,105,54,14096,1,29.7,0.0
13,1,0,130,64,21552,1,47.0,0.0
22,2,0,113,69,21359,1,57.9,7.3
10,1,0,105,66,9502,1,21.4,0.0
29,1,0,91,68,13612,1,16.1,0.0
15,1,0,119,77,10820,1,38.7,0.0
43,2,0,129,80,11843,1,22.9,0.8
24,1,0,134,54,14206,1,52.4,0.0
32,1,0,123,67,12102,3,38.8,8.0
73,2,0,133,78,8869,2,38.1,0.1
67,1,0,125,61,7650,2,50.7,0.0
26,2,0,111,64,11301,1,46.6,8.3
13,2,0,108,61,19165,1,51.3,0.0
9,2,0,98,51,7242,2,82.3,0.0
38,1,0,126,72,3242,4,48.4,0.0
31,2,0,121,71,4626,1,26.8,0.1
56,1,0,119,85,6449,1,62.3,0.0
27,1,0,105,51,5878,1,20.0,0.0
55,2,0,136,97,12422,2,57.1,0.1
40,1,0,103,53,18346,1,22.0,0.0
56,1,0,114,76,5723,3,35.8,0.0
33,1,0,109,66,10987,1,62.2,8.7
31,1,0,119,60,18508,1,76.6,0.0
69,2,1,135,82,8911,3,13.2,0.1
80,1,1,163,72,3471,16,8.9,2.6
34,2,0,101,69,16070,1,53.3,0.0
11,1,0,108,67,12788,4,27.3,1.0
13,2,0,92,73,10570,1,17.7,0.0
68,2,0,145,80,10270,1,27.8,0.0
21,2,0,106,63,14492,2,8.2,0.0
43,2,0,127,59,12849,1,68.5,0.0
27,1,0,123,59,8786,1,35.9,0.0
69,2,0,113,83,20151,1,73.0,0.0
56,1,0,138,71,22822,2,40.8,0.0
62,2,0,117,57,6853,1,60.5,0.0
15,2,0,102,49,17382,1,19.5,0.0
10,2,0,101,66,15035,1,33.9,1.5
11,1,0,89,56,11159,1,13.2,0.1
43,2,0,89,41,5965,4,43.1,0.0
60,2,1,110,74,8722,3,21.9,0.1
46,2,0,114,70,6470,1,49.6,0.0
20,2,0,110,89,3717,1,38.4,0.0
64,1,1,118,81,4170,1,30.0,0.0
29,1,0,117,51,8450,1,30.5,0.0
10,2,0,84,42,8577,1,39.7,1.1
64,2,0,125,61,9598,1,66.8,0.0
59,1,0,92,63,9368,1,70.4,0.0
29,1,0,114,75,6474,2,35.5,0.1
47,2,0,103,84,4546,1,48.8,0.0
70,2,0,108,52,15964,2,59.2,0.0
24,2,0,106,63,13073,3,42.5,0.0
59,1,0,130,77,17107,2,80.1,0.1
26,2,0,127,75,8990,1,63.8,0.0
9,2,0,109,53,10569,2,20.0,0.0
26,2,0,104,62,12045,1,42.9,0.3
35,1,0,136,81,5125,1,49.1,0.0
16,2,0,95,62,18752,1,39.1,0.0
9,1,0,105,53,24640,1,32.1,4.7
18,1,0,91,74,5629,1,42.2,0.0
14,1,0,109,34,9713,1,37.9,0.0
61,1,0,98,31,4318,1,60.1,0.0
28,1,0,92,74,11126,2,95.0,0.0
71,2,0,120,67,10433,2,95.0,0.0
45,1,0,119,74,13375,2,49.2,0.0
20,2,0,96,61,13731,1,29.4,0.0
20,1,0,92,70,5004,1,42.9,0.0
23,1,0,88,63,8738,2,48.8,0.0
14,1,0,109,73,10731,1,57.5,4.4
79,2,1,127,88,10998,13,15.7,0.1
22,2,0,111,62,14630,1,64.3,0.0
9,2,0,100,51,22179,1,43.1,0.0
50,1,0,133,92,7750,1,72.4,0.0
15,2,0,109,87,18026,1,43.5,0.0
66,1,0,131,89,12886,2,46.6,0.0
80,1,1,127,70,4548,15,6.9,0.0
75,2,1,118,70,14085,3,35.2,0.1
75,1,0,157,84,5384,3,59.9,0.0
56,2,0,100,61,11316,1,48.1,0.0
46,2,0,138,82,13696,4,38.7,9.1
68,1,0,109,85,16258,1,50.9,0.0
60,1,0,126,81,4968,2,48.0,0.0
34,1,0,115,72,9245,2,58.1,0.0
78,2,0,136,94,8475,4,46.7,0.0
21,2,0,118,64,15990,1,33.9,0.0
22,1,0,97,70,13069,2,19.4,0.0
69,2,0,132,57,11594,3,71.7,0.0
13,2,0,92,32,14610,1,40.3,0.0
9,2,0,90,36,12301,1,72.4,0.0
69,1,0,97,67,3427,2,54.4,4.0
47,1,0,113,68,14602,2,44.4,0.0
10,2,0,126,55,13486,1,43.6,1.7
9,2,0,84,35,18969,2,22.4,0.0
22,2,0,109,64,14643,1,58.1,0.0
14,2,0,101,74,18023,3,51.7,0.4
70,2,0,122,73,10550,5,48.1,0.1
23,1,0,86,71,7556,3,65.8,0.0
37,1,0,103,69,7379,1,90.1,0.0
33,2,0,108,76,5057,2,54.6,0.0
15,1,0,107,62,7143,1,37.2,0.0
78,1,1,116,58,9197,2,11.9,0.1
37,1,0,123,69,6152,2,43.1,0.0
14,1,0,106,74,11343,2,36.8,0.0
48,1,0,117,66,8646,3,64.1,0.1
13,2,0,110,49,7775,1,39.8,0.0
80,1,1,107,64,8321,5,76.4,0.1
33,1,0,106,71,15310,1,32.6,0.0
21,1,0,97,62,14477,1,59.1,3.7
11,2,0,102,53,14973,1,45.2,8.9
25,1,0,98,32,12202,1,62.8,0.0
54,2,0,100,58,7733,1,57.7,8.7
14,1,0,101,58,12054,1,60.8,0.0
9,1,0,94,38,11947,2,32.4,6.6
61,2,0,111,70,21542,1,56.7,0.0
10,2,0,96,70,21882,1,43.5,6.5
79,2,1,142,62,9305,1,25.2,0.1
51,2,0,121,85,7530,3,74.6,8.1
29,2,0,88,67,8629,1,33.2,0.0
80,1,1,140,71,13036,5,21.1,0.1
43,2,0,120,82,4739,3,24.7,6.7
38,1,0,127,71,5988,2,13.7,0.0
80,1,1,113,66,4945,2,5.1,0.1
46,1,0,103,53,10643,1,66.0,0.0
45,1,1,98,65,10509,0,67.2,0.0
29,2,0,113,70,12096,2,58.9,0.0
19,1,0,104,47,15967,1,70.2,0.0
25,1,0,102,76,11679,1,42.9,0.0
30,1,0,96,63,7840,1,53.8,0.0
10,1,0,88,65,6253,1,51.0,0.0
53,2,0,116,70,14577,4,12.8,0.0
12,2,0,102,37,13598,2,19.9,0.0
63,2,0,109,61,4174,7,43.7,0.0
10,1,0,97,69,20829,2,21.9,0.0
36,1,0,113,65,5789,1,41.2,0.0
15,2,0,95,44,7808,2,70.9,0.0
57,1,0,114,68,14855,2,40.5,5.6
39,1,0,111,78,5743,3,49.2,0.0
18,1,0,111,76,15931,1,31.8,0.0
76,2,0,105,71,13062,2,53.8,0.0
52,1,0,115,71,9780,1,49.5,5.1
11,2,0,99,70,15518,1,67.1,0.0
39,1,0,98,55,11940,1,43.4,0.0
74,2,0,118,59,2395,3,40.9,0.0
77,1,0,113,69,7057,2,65.5,1.6
32,2,0,107,84,19243,1,39.4,0.0
21,1,0,105,90,15930,1,37.7,0.0
80,1,1,131,52,11347,7,5.0,0.1
77,2,1,141,90,17220,0,51.7,0.1
80,2,0,117,82,7078,4,57.6,0.0
47,1,0,108,69,14623,1,73.2,0.0
24,1,0,112,78,11911,1,69.1,0.2
36,1,0,115,87,10495,1,59.2,0.0
71,2,0,142,82,4278,11,52.0,0.0
79,2,1,100,59,10040,4,19.6,0.1
15,2,0,94,71,21417,1,42.5,0.1
51,2,0,98,51,8345,2,44.5,0.2
60,1,0,128,79,4864,2,70.9,0.1
41,2,0,111,51,10656,1,34.2,1.1
29,1,0,108,55,10245,1,57.9,0.0
80,1,0,146,89,3576,4,48.5,0.0
39,2,0,94,45,8054,1,21.0,0.0
50,2,0,96,47,16036,1,41.6,0.0
77,2,0,145,74,4838,3,58.7,0.0
80,2,1,115,69,3597,4,38.3,0.2
57,2,0,145,58,11943,5,54.5,0.0
38,1,0,141,70,6052,3,56.5,0.2
10,1,0,119,46,12250,1,45.1,0.0
79,1,1,122,66,8880,4,13.4,0.1
62,2,0,145,89,2977,2,63.2,0.0
25,1,0,92,68,12171,1,54.4,0.0
43,2,0,125,73,7427,2,51.5,0.0
42,1,0,112,74,18814,1,41.0,0.0
66,1,0,111,65,10819,1,47.0,0.0
29,1,0,116,53,15184,1,46.7,0.0
24,2,0,112,72,14178,2,27.3,0.0
77,1,0,127,61,10983,2,75.6,0.0
65,2,0,101,74,7054,1,52.1,0.0
20,1,0,87,47,24101,1,42.0,0.1
12,1,0,90,46,10108,1,18.7,0.0
59,2,0,107,52,9294,3,29.9,0.0
11,1,0,101,71,18797,1,31.9,0.0
67,2,0,109,78,9260,2,9.8,0.0
21,2,0,96,48,13715,1,53.4,0.0
23,2,0,111,62,6958,1,32.6,0.0
14,2,0,96,75,11207,1,50.5,0.0
21,1,0,83,50,17184,1,38.1,0.0
53,2,0,92,50,9298,4,39.6,0.0
71,1,0,124,78,3925,5,16.5,0.0
55,2,0,133,70,17439,2,65.8,0.0
39,1,0,115,77,7684,1,32.9,0.1
30,2,0,138,77,17333,2,48.3,0.0
9,1,0,98,51,16473,1,41.7,0.0
80,1,1,140,53,5319,8,16.7,0.0
13,2,0,106,47,10016,1,40.0,0.0
65,2,0,127,77,7767,2,65.5,0.1
21,2,0,106,47,13699,1,38.9,0.0
19,2,0,105,69,10988,2,5.6,0.0
43,2,0,110,59,2439,1,40.4,0.0
10,1,0,112,71,5251,2,39.7,0.0
31,1,0,121,75,11678,1,35.3,0.0
54,1,0,124,61,4353,2,23.0,0.0
78,2,1,103,59,11798,2,13.4,4.5
15,1,0,95,45,6025,1,19.0,0.0
20,1,0,103,54,9064,2,7.4,0.8
44,1,0,141,86,18811,2,73.1,0.0
37,1,0,109,76,15130,1,47.2,0.0
51,2,0,99,86,7381,1,53.5,0.0
35,1,0,99,53,9537,1,46.7,2.4
13,2,0,106,78,8301,1,57.6,0.0
72,1,0,119,89,12842,3,36.8,0.0
10,1,0,87,42,9207,1,29.7,0.0
28,1,0,123,67,11704,2,37.3,0.0
33,1,0,111,68,8159,2,54.9,0.0
29,1,0,95,65,10763,2,46.3,0.0
19,2,0,98,54,17571,2,37.1,0.7
77,2,0,134,84,9420,3,54.0,0.0
80,2,1,127,52,8270,13,5.1,3.6
15,1,0,101,49,6879,1,41.9,4.6
12,1,0,99,49,14238,1,25.0,0.0
68,1,0,136,85,6096,2,50.4,0.0
11,2,0,119,76,4642,1,33.9,0.0
54,2,0,131,82,9376,2,70.2,0.0
11,2,0,96,62,11088,1,46.8,0.0
75,1,0,137,69,12151,4,58.7,0.0
66,1,0,134,86,18364,1,59.7,0.0
80,1,1,132,65,7529,4,7.6,0.0
16,2,0,82,70,7684,1,21.4,0.0
68,1,0,117,68,9561,2,60.8,0.1
20,2,0,96,68,10566,1,23.1,1.0
68,2,0,117,52,14119,6,30.3,0.5
18,1,0,110,71,7451,2,53.6,0.0
29,1,0,123,82,7649,1,43.6,0.0
14,2,0,112,55,19512,1,56.9,0.0
43,2,0,117,67,6214,1,35.5,0.0
32,2,0,95,64,18547,1,52.2,0.0
60,2,1,156,100,8875,1,48.6,1.1
52,1,0,115,76,8326,1,67.6,0.0
78,1,1,133,81,5780,5,22.3,0.1
80,2,1,142,44,2506,11,8.3,0.0
10,1,0,87,65,11405,1,18.0,0.0
31,1,0,106,67,5877,2,29.5,0.0
47,2,0,112,57,15248,3,42.3,0.0
33,2,0,93,46,15946,3,50.4,0.0
37,1,0,130,92,6323,2,51.8,1.9
35,1,0,104,57,6770,1,46.3,0.0
74,2,0,105,83,8821,4,45.3,0.0
78,2,1,127,71,11295,5,8.5,0.1
56,1,0,114,72,4488,1,29.7,2.1
9,1,0,81,48,20512,1,8.2,4.4
80,1,1,196,98,16396,5,13.6,0.1
73,2,0,123,60,11983,5,52.9,0.0
54,1,0,139,81,4962,1,41.8,0.0
72,1,0,136,77,10139,2,55.9,0.0
19,2,0,97,73,9418,1,39.0,0.0
20,1,0,94,63,5450,1,57.8,5.8
55,1,0,125,71,9480,1,35.8,0.0
68,2,1,127,65,9346,14,9.4,0.0
80,2,0,145,77,9248,7,61.2,7.0
13,1,0,108,77,24597,1,36.9,0.0
19,1,0,106,66,16008,1,86.1,0.0
51,2,0,109,75,5431,1,68.9,0.0
19,2,0,109,78,10639,1,29.4,0.0
38,2,0,111,64,11267,1,42.0,0.0
51,2,0,93,63,10996,2,34.7,0.0
75,1,0,113,72,13560,1,49.2,0.0
67,2,0,93,49,3005,2,46.1,0.0
33,2,0,87,68,9160,1,33.9,0.0
32,2,0,105,55,11653,1,39.4,0.0
73,2,0,122,68,6688,1,61.3,0.0
59,2,0,105,73,9721,2,50.3,0.0
57,2,0,116,53,10884,4,27.5,0.0
19,2,0,122,65,14618,2,38.1,0.0
10,1,0,115,68,9534,2,45.4,0.0
80,2,1,131,61,9463,14,7.0,0.0
66,1,0,136,82,9687,1,51.9,2.5
9,2,0,130,105,19002,2,29.1,0.0
22,2,0,109,71,16240,1,63.4,0.6
22,2,0,102,64,9281,1,46.0,0.0
60,1,0,123,67,8702,1,46.1,0.0
49,1,0,92,50,10962,1,48.2,0.0
10,2,0,91,51,15374,1,53.5,0.0
48,2,0,137,80,17886,2,67.2,0.0
47,2,0,117,66,16210,3,52.8,0.0
36,2,0,83,46,7336,1,23.5,0.0
73,1,0,135,68,13674,2,58.7,0.6
38,1,0,109,53,10159,1,28.4,6.2
80,2,1,135,67,10348,4,7.5,0.1
76,2,0,133,89,10111,2,34.7,0.0
52,1,0,141,80,7332,2,66.3,0.0
57,2,0,109,95,5977,2,24.9,0.0
56,2,0,105,52,9584,1,68.2,0.0
40,1,0,122,95,17614,1,31.9,0.0
11,2,0,86,55,9077,1,30.0,0.0
59,1,1,124,68,9846,2,64.7,0.0
49,1,0,104,44,10041,2,53.8,0.0
13,2,0,100,69,10053,1,61.2,0.0
39,2,0,130,73,11345,2,67.0,0.0
78,1,0,125,83,10198,2,57.7,0.6
47,1,0,117,75,16914,1,61.4,0.0
11,2,0,96,69,19139,2,29.4,0.0
40,1,0,131,64,14963,1,25.2,0.0
76,2,0,110,93,8595,2,44.0,0.3
48,2,0,126,83,7883,1,47.9,0.0
25,1,0,101,73,19140,1,64.0,0.0
49,2,0,108,85,12186,1,87.8,5.7
61,1,0,117,72,5773,6,43.5,0.0
42,1,0,110,66,9081,3,37.2,0.0
39,2,0,104,80,4605,5,43.6,0.0
45,1,0,121,80,6595,1,40.6,0.0
75,2,0,134,87,18238,1,74.0,0.0
68,1,0,108,76,8372,3,40.2,0.0
44,1,0,132,63,6555,1,65.6,0.3
9,1,0,113,52,9532,1,21.1,0.0
41,2,0,122,64,13499,1,59.9,0.0
43,1,0,90,55,6344,1,45.4,0.0
78,1,0,99,76,7035,2,58.7,0.0
79,2,1,169,93,7338,5,17.4,0.0
59,2,0,134,57,14565,3,48.4,0.0
77,2,0,116,73,12121,2,45.1,5.4
56,1,0,144,64,6192,3,52.6,0.0
46,1,0,112,79,6420,1,53.2,0.0
10,2,0,105,60,16348,1,40.0,0.0
28,2,0,109,62,11211,1,41.4,0.0
50,2,0,117,60,7945,4,22.8,0.0
60,1,0,111,93,9145,1,34.4,0.0
50,2,0,110,60,14155,1,39.9,0.1
50,1,0,105,84,13764,2,70.2,0.0
12,1,0,109,82,5568,1,29.7,0.0
79,1,1,130,50,12367,2,11.8,1.7
57,2,0,97,71,17038,1,51.2,0.0
26,2,0,108,69,15464,1,51.3,2.5
31,2,0,101,48,12466,1,56.8,0.0
35,2,0,97,55,5353,3,46.2,0.0
33,2,0,108,57,3644,2,42.3,0.0
44,2,0,109,62,3790,1,30.8,8.6
13,1,0,99,44,5503,1,73.6,6.8
30,2,0,85,66,14708,1,53.2,0.0
79,2,1,134,60,4223,11,9.1,0.0
54,1,0,122,67,13418,1,65.5,0.0
14,2,0,95,53,14180,1,26.7,0.0
44,1,0,113,64,8771,1,72.4,0.0
72,1,1,140,70,5599,2,48.2,0.1
20,2,0,102,84,13503,5,56.3,0.0
15,2,0,109,59,14403,1,27.8,0.0
18,1,0,106,76,11775,1,68.9,0.0
42,1,0,109,76,10991,1,45.1,0.0
56,1,0,101,68,9750,2,43.1,0.0
39,1,0,127,76,15253,2,31.3,0.0
76,1,0,127,77,3199,5,68.2,0.0
51,2,0,127,59,8575,2,40.9,0.0
27,1,0,121,61,17262,1,56.0,0.0
9,1,0,98,45,11546,1,41.8,9.2
28,1,0,115,47,15627,2,38.9,0.0
14,1,0,95,51,6191,1,43.6,0.0
63,1,1,113,89,9705,2,30.6,0.0
70,2,1,144,82,8171,8,11.2,1.4
76,2,0,144,74,16106,1,61.4,0.0
57,2,0,110,60,15686,2,59.4,0.0
47,2,0,101,73,7103,3,12.2,0.0
27,2,0,107,63,9124,4,55.2,0.0
53,2,0,119,83,12693,4,31.2,0.0
17,1,0,119,76,6686,2,39.2,0.0
50,2,0,121,61,19875,2,52.2,0.0
52,1,0,129,84,8168,2,19.7,4.3
72,2,0,121,68,11322,1,42.3,0.1
10,1,0,85,38,8736,2,32.0,3.1
30,1,0,124,78,10274,1,62.3,0.0
59,1,0,113,86,11460,1,65.4,0.0
10,1,0,107,40,10908,1,54.4,0.0
10,1,0,101,62,16765,1,54.8,0.0
54,2,0,120,81,18549,1,39.0,0.0
43,2,0,104,80,13269,1,57.3,0.0
40,1,0,127,90,15165,1,52.3,0.0
63,1,0,112,64,11766,1,39.0,0.0
72,1,0,99,72,12100,3,59.5,1.7
56,1,0,119,94,12779,1,34.8,0.1
23,1,0,89,54,13581,1,41.7,0.1
78,1,1,154,85,9217,3,15.6,2.3
36,2,0,100,54,14659,1,45.3,4.1
11,1,0,119,43,5478,2,28.6,0.0
29,1,0,126,58,11888,1,63.6,0.0
9,2,0,81,40,8632,2,5.0,0.8
63,2,0,125,83,11649,1,75.7,0.0
39,1,0,123,58,8949,3,33.2,0.0
77,2,0,121,85,9794,2,50.6,0.1
25,1,0,101,80,19347,1,72.8,1.7
22,2,0,102,67,6602,1,35.0,0.0
20,2,0,109,78,10663,2,34.4,0.0
26,1,0,129,64,11375,1,61.7,8.6
76,2,0,128,59,8646,3,59.1,9.0
71,2,1,105,82,12035,2,37.7,0.0
13,2,0,108,64,13846,1,24.5,0.0
53,1,0,112,88,8968,1,54.5,0.0
20,2,0,98,64,6019,1,23.3,0.0
79,2,1,151,81,7953,2,19.7,0.1
53,1,0,100,58,7243,1,50.1,0.0
17,1,0,103,75,9968,2,27.7,0.0
79,1,0,114,94,6655,2,46.0,0.0
80,2,1,147,40,1346,10,6.8,0.0
42,1,0,113,50,9860,1,25.4,0.0
74,1,0,107,59,13660,1,91.7,3.3
65,1,0,119,62,10145,2,46.6,7.2
17,1,0,108,54,8441,3,14.9,0.0
21,2,0,121,66,15199,3,31.9,9.0
45,2,0,119,52,8424,2,58.2,0.6
15,1,0,99,74,18322,1,54.5,0.0
10,1,0,91,76,13708,2,57.3,0.2
40,1,0,107,72,9637,2,47.8,0.0
66,2,0,145,79,4975,2,47.0,0.0
11,1,0,103,65,12415,1,27.6,0.1
29,2,0,102,52,10271,4,5.0,0.0
31,2,0,123,66,13467,2,41.3,6.3
30,1,0,108,67,9242,1,35.0,1.6
28,2,0,87,58,8852,2,53.7,0.0
80,1,1,125,57,9506,3,21.7,0.0
67,2,0,121,87,5043,1,77.3,0.0
25,1,0,94,47,9698,2,44.8,0.0
22,1,0,120,74,12736,1,22.9,0.0
22,2,0,100,76,16205,1,40.7,0.1
75,2,0,120,76,18906,2,65.1,0.0
23,2,0,131,65,10720,6,18.2,0.0
25,2,0,120,72,9739,1,15.4,0.0
38,2,0,107,51,11030,3,14.0,1.2
39,2,0,109,72,4777,1,71.1,0.0
43,1,0,146,66,6237,1,67.0,0.0
61,2,0,101,85,6730,2,10.0,0.0
34,2,0,104,54,8097,1,41.9,0.0
43,2,0,107,82,19849,1,41.6,0.0
55,2,0,109,49,10784,1,62.8,0.0
28,2,0,112,80,9130,1,62.6,0.0
26,2,0,99,77,11802,1,19.5,3.6
44,1,0,124,80,15177,1,75.2,0.0
30,2,0,118,80,10636,6,27.4,0.1
56,2,0,125,92,13911,1,72.8,0.0
10,1,0,83,47,16937,1,49.4,1.3
13,1,0,98,53,19573,1,26.4,0.0
59,2,0,124,53,4505,1,50.6,0.0
9,1,0,83,53,11275,1,40.1,3.8
58,2,0,103,61,8954,2,62.8,0.7
25,1,0,116,77,5481,1,31.4,0.0
25,1,0,128,71,22475,1,52.1,0.0
68,1,1,126,64,3042,7,48.1,2.1
44,1,0,115,50,10346,2,33.2,1.1
72,2,1,95,40,7932,1,63.4,0.1
13,2,0,112,49,18619,3,5.0,0.0
15,2,0,94,63,6585,2,52.0,0.0
17,1,0,124,79,2825,1,53.2,2.0
27,1,0,113,74,10944,1,35.7,0.0
36,2,0,100,76,8693,1,73.2,0.0
31,1,0,100,65,3355,1,38.3,0.0
49,2,0,114,63,7668,2,29.2,0.0
19,1,0,112,74,23437,1,41.2,0.0
37,1,0,128,72,5686,2,47.0,0.0
23,2,0,111,60,13445,2,7.8,0.0
80,2,1,134,70,10446,5,6.3,4.3
80,1,1,155,73,4317,9,12.5,0.1
76,1,0,140,81,11904,1,41.5,4.8
57,1,0,112,72,5654,1,45.4,0.0
11,1,0,100,74,9013,2,63.7,0.1
23,2,0,96,51,14664,1,30.8,0.0
26,2,0,106,70,14505,2,50.8,0.0
16,2,0,100,59,8705,2,25.7,0.0
20,2,0,101,56,10393,1,26.4,0.0
34,1,0,102,57,4303,1,48.0,0.0
75,2,0,128,90,18452,3,44.7,0.0
56,1,0,104,75,15948,3,68.2,0.0
56,2,0,103,76,9324,1,47.5,0.0
19,1,0,104,69,10974,2,45.0,0.0
28,1,0,127,76,11642,2,61.6,0.0
56,2,0,90,33,5069,1,35.5,0.0
21,2,0,101,76,5790,1,23.4,0.0
21,2,0,110,84,8393,1,78.1,0.0
14,1,0,124,70,20852,1,37.8,0.3
32,2,0,95,68,8006,1,52.9,0.0
20,1,0,108,55,18070,1,68.7,6.1
21,2,0,110,53,8924,1,8.8,0.0
51,1,0,135,77,13612,1,43.2,0.0
77,1,0,119,81,20523,2,57.3,0.0
56,1,0,129,78,5196,1,37.8,0.0
25,2,0,94,64,19476,2,49.8,1.5
25,1,0,110,76,15840,3,41.6,0.0
80,1,1,125,34,4796,9,11.9,0.0
75,1,0,117,79,8831,2,65.8,0.8
12,2,0,100,79,18203,1,59.9,0.0
41,2,0,106,67,6310,1,90.1,0.1
77,2,0,111,91,7564,2,59.7,3.7
79,2,1,149,67,7007,2,15.1,8.9
80,1,1,94,56,8996,4,12.1,0.1
9,1,0,103,70,13934,1,63.4,0.0
20,2,0,123,73,12712,2,13.8,0.0
9,2,0,91,53,12360,2,16.4,0.0
21,1,0,108,61,19108,1,34.5,0.0
72,1,0,123,67,13487,2,69.1,0.0
35,2,0,109,66,11317,2,57.2,0.1
80,1,1,114,61,8461,10,7.4,0.0
80,1,1,134,53,8797,13,9.6,0.0
36,1,0,103,63,8878,1,44.0,0.0
67,2,0,125,72,7167,3,49.4,0.0
67,2,0,117,69,15943,7,49.1,6.8
68,1,1,126,85,12752,6,5.8,2.0
76,1,0,110,93,5601,2,33.9,0.5
16,1,0,109,51,7726,3,27.5,0.0
39,1,0,121,96,15073,2,65.4,0.0
80,2,1,129,58,8041,8,5.4,2.5
19,1,0,108,61,2780,1,67.5,0.0
80,2,1,144,55,10330,8,9.4,0.1
35,1,0,122,73,9766,2,46.0,0.0
78,2,0,123,73,5788,3,57.7,0.0
39,2,0,93,57,12394,1,39.0,0.0
54,1,0,107,75,12360,4,34.0,0.0
56,1,0,131,71,4207,1,55.3,0.0
24,2,0,120,61,6908,1,57.9,0.0
50,1,0,112,58,15625,3,33.3,0.0
13,2,0,106,57,10448,2,62.5,3.6
61,1,1,99,74,7821,6,27.1,0.0
77,2,1,103,64,8258,2,12.6,9.1
50,2,0,105,78,14961,1,51.2,0.0
60,1,0,121,61,5954,6,61.1,0.0
35,1,0,103,49,5297,1,41.8,0.0
27,2,0,121,59,8038,1,53.5,0.0
19,1,0,106,60,8511,1,51.4,0.0
22,2,0,96,75,8351,1,32.5,0.0
54,1,0,119,74,12243,2,30.4,0.0
78,1,0,108,91,6813,1,60.6,0.0
75,2,0,125,67,13783,1,71.0,2.1
11,1,0,96,65,11141,1,65.3,0.0
53,2,0,104,77,14449,4,42.3,0.1
70,2,0,113,77,4200,1,45.3,0.0
60,2,0,120,84,9389,1,49.2,1.9
33,1,0,139,77,14943,1,64.2,0.0
80,1,1,138,61,6562,8,45.9,0.1
77,2,0,128,79,5095,8,62.9,0.0
47,1,0,114,63,13264,4,20.6,0.0
23,1,0,120,57,11457,1,58.0,0.0
46,1,0,117,65,6295,1,46.4,0.0
44,2,0,131,71,7080,3,22.3,0.0
9,1,0,85,50,6515,1,44.2,0.0
17,1,0,105,36,14510,2,43.5,0.3
69,2,0,96,80,13611,1,45.4,0.0
13,2,0,101,61,8650,1,60.3,0.2
14,2,0,127,91,8705,2,37.1,0.2
34,1,0,125,63,7589,1,37.1,8.8
36,1,0,133,80,10554,2,26.1,0.0
51,1,0,108,67,11336,1,59.1,0.0
72,2,0,102,47,11294,2,38.8,0.0
62,2,0,98,53,10313,1,20.3,0.0
50,1,0,118,61,10581,1,47.0,0.0
36,2,0,107,54,9156,2,49.6,0.0
48,1,0,117,55,15763,1,57.1,0.0
29,2,0,89,65,11176,1,50.6,8.9
77,1,0,137,87,7903,1,57.1,0.0
26,1,0,111,69,8984,5,37.4,0.0
50,1,0,114,72,3681,1,50.8,0.0
59,1,0,140,81,11572,2,36.9,0.0
51,1,0,114,80,13837,1,89.8,0.0
29,1,0,130,64,9689,1,29.6,0.0
64,1,0,144,88,11054,5,68.3,0.0
80,2,0,125,85,6349,4,61.2,0.2
30,2,0,99,57,17111,1,50.8,0.0
63,1,0,128,69,7977,4,74.1,1.5
14,2,0,95,48,9668,1,41.5,0.3
13,1,0,99,55,19442,1,40.2,0.0
77,2,1,139,74,8637,10,9.8,0.1
42,2,0,100,77,8713,2,54.0,0.0
11,1,0,108,70,22859,1,33.7,1.6
80,1,1,112,57,8125,3,34.7,0.5
19,1,0,113,64,9561,1,48.5,0.0
59,2,0,128,75,15445,1,44.7,0.0
75,2,1,145,83,7892,2,11.1,0.1
49,2,0,105,58,10974,1,45.7,0.0
79,2,1,142,69,8269,1,64.9,0.1
24,2,0,88,58,6250,1,29.5,0.0
38,1,0,114,58,7971,1,39.4,0.0
69,2,0,119,59,9338,1,64.1,0.0
11,2,0,104,62,7342,1,29.0,0.0
11,2,0,113,59,20589,1,55.8,0.0
16,2,0,105,71,20116,1,73.1,0.0
62,2,0,108,66,7030,2,71.7,3.2
32,1,0,117,80,14086,1,53.2,0.0
10,2,0,99,67,18732,1,64.8,0.0
42,1,0,113,60,8639,1,43.1,0.0
33,1,0,96,52,11970,1,26.2,0.0
79,1,1,130,66,9294,10,14.8,5.2
33,2,0,97,62,12739,1,50.3,0.0
27,2,0,111,65,6116,2,65.6,0.1
58,2,0,109,66,10531,1,75.8,0.0
23,2,0,115,65,4477,1,10.3,0.0
20,1,0,104,71,10493,1,40.5,0.0
56,2,0,134,58,13415,3,43.1,0.1
45,1,0,112,66,5087,1,52.1,0.0
22,2,0,117,53,8500,2,44.1,0.0
58,2,0,97,64,9154,1,63.5,0.0
51,1,0,124,66,15969,1,30.5,0.0
13,1,0,101,68,10508,1,37.2,0.0
16,1,0,99,51,8231,3,41.8,0.0
14,2,0,111,61,15397,1,57.1,0.0
10,2,0,110,69,13684,1,22.9,0.0
70,1,0,139,74,12274,3,73.8,0.0
46,2,0,96,67,6166,1,39.7,0.0
51,1,0,108,74,13663,2,69.8,0.0
79,2,1,123,67,8024,2,10.8,3.8
80,2,1,145,70,9286,2,15.1,0.0
80,1,0,125,59,7851,1,64.9,7.9
80,2,0,135,91,8962,2,48.6,0.0
78,1,1,136,73,10468,1,34.2,0.0
18,1,0,111,57,8283,1,59.3,0.0
40,2,0,103,77,5857,4,39.5,0.0
70,2,0,140,84,6711,1,66.4,0.1
48,2,0,122,73,17286,1,60.9,1.5
20,1,0,101,63,9336,3,16.3,0.0
11,1,0,100,43,11195,1,22.8,0.0
55,2,0,127,72,9552,1,66.0,0.0
56,1,0,110,65,18709,2,56.9,0.0
28,1,0,96,66,10497,1,36.4,0.0
41,2,0,107,56,15111,1,55.3,0.0
74,1,0,131,81,3644,1,56.4,0.0
33,1,0,135,77,7010,3,30.6,0.0
30,1,0,131,78,16754,1,62.7,0.0
20,1,0,108,75,18610,1,31.2,0.0
78,2,1,128,53,11779,4,58.8,0.1
20,1,0,121,74,17014,1,36.1,1.2
22,2,0,98,59,8753,1,16.3,5.4
42,1,0,125,86,14104,1,75.8,0.0
24,1,0,125,80,10562,1,54.5,1.2
22,2,0,103,70,11541,1,39.8,0.1
76,2,0,129,69,10247,2,49.7,0.0
71,1,0,122,60,19554,3,39.2,0.0
10,2,0,104,34,18415,2,57.1,3.3
14,2,0,105,73,3447,1,20.8,0.0
54,1,0,115,57,8211,2,68.4,0.0
76,1,1,117,78,10258,5,14.5,2.6
23,2,0,114,64,9870,1,62.2,0.0
59,1,0,134,78,13017,1,78.0,0.1
10,1,0,102,62,13503,1,32.4,2.1
33,1,0,91,58,20371,1,41.3,0.0
37,1,0,123,82,8813,2,64.8,0.0
45,1,0,112,83,4712,1,60.6,0.2
29,2,0,102,44,13574,2,33.2,0.1
55,2,0,130,84,6313,1,52.8,0.1
11,2,0,95,63,17890,1,30.3,4.1
49,2,0,126,80,13457,3,46.8,0.0
12,2,0,97,39,20276,1,37.7,4.3
63,2,0,122,83,11042,2,72.4,0.0
57,2,0,129,75,6331,5,49.5,0.0
29,1,0,111,66,10496,1,47.5,0.0
38,1,0,114,81,6732,1,48.1,0.0
37,2,0,91,49,7595,1,46.4,0.0
34,1,0,110,61,9288,1,55.6,0.0
10,2,0,85,25,12095,2,5.0,3.2
57,1,0,111,56,12654,3,55.2,0.0
69,2,0,112,51,11175,1,24.8,0.0
58,2,0,114,52,6931,4,50.9,1.5
80,1,1,114,59,9207,6,31.2,0.1
46,1,0,128,76,11071,3,11.4,0.0
80,1,1,141,56,10463,11,5.5,0.0
39,1,0,113,70,5588,2,60.0,0.0
14,1,0,113,57,15138,1,35.8,0.0
12,2,0,107,66,8090,1,47.0,8.5
60,1,0,114,68,6869,1,48.9,0.0
51,1,0,109,85,11794,1,59.4,0.0
77,1,0,122,66,12502,1,68.5,5.4
11,2,0,98,54,12722,1,42.3,0.0
20,2,0,87,44,19457,2,51.0,0.0
66,2,0,126,86,14436,1,54.3,0.0
13,2,0,101,69,11048,1,72.2,0.0
32,1,0,106,63,14583,3,54.9,0.0
29,1,0,106,58,16883,1,42.5,0.0
54,2,0,117,71,11850,1,77.4,0.0
43,2,0,94,54,18430,1,52.6,1.8
17,1,0,132,74,15856,1,25.8,0.0
53,1,1,190,65,9578,0,74.5,0.0
79,1,0,139,98,6425,1,51.3,0.0
9,2,0,98,27,14719,3,12.5,0.0
10,2,0,91,60,11591,1,70.4,0.0
29,2,0,122,75,6218,1,67.1,0.0
31,1,0,119,66,6654,1,71.1,0.0
21,1,0,124,63,17270,1,41.2,0.0
63,1,0,118,42,17221,3,41.8,0.0
69,2,1,139,85,11406,1,50.2,0.1
75,1,0,122,86,20513,5,28.3,0.0
18,1,0,100,41,10791,1,50.2,0.0
45,1,0,111,78,14093,1,42.0,0.0
20,1,0,120,57,9437,1,50.4,0.0
17,2,0,128,60,4537,1,5.0,0.0
26,1,0,97,80,13167,1,47.4,0.0
77,2,0,112,85,9228,2,66.2,0.0
16,2,0,127,83,16903,2,66.7,0.0
10,1,0,96,42,11494,1,47.6,0.0
50,2,0,122,64,15458,2,40.5,0.0
68,2,0,117,77,16577,1,30.8,0.1
9,2,0,100,60,14614,2,11.9,0.0
33,1,0,105,39,11234,2,46.3,0.5
71,2,1,120,68,11908,3,48.7,0.0
11,2,0,96,65,13273,1,54.6,1.1
46,2,0,118,74,9653,1,20.4,0.1
33,2,0,97,70,10815,1,44.4,0.0
79,1,0,127,71,8900,2,51.1,0.2
38,1,0,116,72,10726,5,51.6,0.0
72,1,1,109,63,4202,4,21.3,3.7
43,1,0,112,78,20277,6,50.4,0.0
56,2,0,131,65,8232,3,49.1,0.0
10,1,0,103,54,19271,1,45.5,8.2
66,1,0,119,78,7445,1,52.2,0.0
50,2,0,135,63,2204,4,47.1,0.0
15,1,0,100,67,16092,2,26.0,0.1
14,2,0,106,72,17888,1,43.1,5.2
40,1,0,111,59,14729,1,30.0,0.4
19,2,0,116,65,16082,1,56.6,0.0
80,1,1,135,74,11012,3,41.3,0.0
14,2,0,109,74,15763,1,34.8,0.0
73,1,0,139,91,15069,2,55.1,0.0
32,2,0,111,60,14818,1,53.9,0.0
54,1,0,105,60,2890,2,47.9,0.0
10,2,0,111,70,10330,1,56.0,0.0
52,1,0,118,72,15654,4,51.5,0.0
69,2,0,99,77,12102,1,42.3,0.0
41,2,0,99,54,16705,1,59.2,5.9
25,1,0,116,67,13380,2,58.5,0.0
29,2,0,89,38,18146,3,30.2,0.0
61,1,0,103,58,17803,2,43.7,0.0
48,2,0,122,78,3077,1,62.3,0.0
12,2,0,89,54,9532,1,40.8,0.0
22,1,0,112,63,12357,4,58.0,0.0
10,1,0,99,52,18445,1,42.8,0.5
49,2,0,95,44,6725,1,52.5,0.0
80,2,1,98,50,9659,12,5.5,0.3
12,2,0,96,36,9086,1,17.3,3.6
31,2,0,112,57,2692,2,13.8,0.0
48,1,0,153,87,10045,1,46.7,1.8
31,2,0,97,52,7374,2,57.2,0.1
27,2,0,97,65,7459,2,45.1,0.0
12,1,0,110,66,17095,1,81.7,6.0
11,1,0,110,60,4988,1,51.5,0.0
77,2,0,124,89,11613,1,38.9,0.0
31,2,0,94,65,10337,7,29.0,0.0
41,2,0,111,47,11797,7,21.2,0.0
53,1,0,97,56,9302,1,48.0,0.0
31,1,0,124,87,8292,3,27.0,0.0
30,2,0,114,84,6968,1,23.7,0.1
21,1,0,103,66,16114,3,43.3,1.8
54,1,0,99,51,5571,1,46.4,0.0
66,1,0,118,85,7177,2,85.5,0.0
55,2,0,117,72,13785,2,58.3,0.0
24,1,0,129,88,5212,1,30.1,0.0
11,1,0,94,69,23670,1,46.1,0.0
34,1,0,109,57,13378,1,38.1,6.0
15,2,0,110,70,10967,1,49.6,0.1
28,2,0,100,63,6402,1,60.1,0.0
23,1,0,95,45,13777,2,66.2,0.0
63,2,0,99,67,10867,1,34.0,0.2
9,1,0,106,66,7370,1,36.0,0.0
63,2,0,117,69,7937,8,33.7,0.6
47,1,0,109,51,13547,2,71.5,0.0
80,2,0,127,78,9088,2,55.5,0.0
53,2,0,99,48,15559,1,51.6,0.0
80,1,0,133,96,3195,3,76.5,9.0
22,2,0,126,58,4163,2,34.0,0.0
29,1,0,121,70,7789,1,42.7,0.0
77,1,0,126,79,7380,4,49.9,0.0
21,1,0,111,72,14517,1,44.5,0.0
46,2,0,101,76,15226,1,50.4,0.0
31,1,0,114,82,6866,1,72.9,0.0
74,1,0,138,58,9067,4,34.9,0.0
63,2,0,98,67,14944,1,39.4,0.0
40,1,0,109,61,7887,1,46.7,0.0
77,2,0,110,75,8356,2,35.1,1.8
24,1,0,109,54,10652,4,75.6,0.0
28,1,0,116,100,10006,1,57.8,0.0
50,2,0,125,81,7005,2,31.0,0.0
60,2,0,118,62,10998,2,31.9,0.8
64,1,0,121,72,16912,2,63.4,0.0
39,2,0,109,39,7305,2,33.2,4.6
16,2,0,109,57,14958,2,37.3,0.0
79,1,1,111,54,8796,1,51.3,0.0
73,2,0,112,58,14604,1,76.9,1.1
47,1,0,99,70,15416,1,58.8,3.3
41,2,0,117,75,11010,2,26.8,0.0
77,2,0,128,96,3775,2,51.2,0.1
19,2,0,93,59,7067,1,55.3,0.0
72,1,0,124,58,8391,2,49.6,0.0
39,2,0,108,59,10457,1,24.3,0.0
72,2,0,122,66,5230,1,74.7,0.0
47,1,0,103,54,5873,1,46.7,0.0
39,2,0,104,62,3631,1,55.5,0.0
11,2,0,83,39,17675,1,28.9,0.1
80,1,1,133,73,5738,6,17.5,0.0
61,2,0,113,72,11638,2,57.2,0.0
52,1,0,133,63,6053,1,65.5,0.0
60,1,0,119,76,10118,3,43.3,0.5
72,2,1,133,96,10182,3,32.0,0.1
32,2,0,116,90,6607,1,17.7,0.0
28,2,0,109,53,15605,5,39.3,8.4
17,1,0,105,38,12532,1,32.1,0.0
55,2,0,108,80,11415,2,55.4,0.0
80,2,0,137,77,4125,4,56.5,0.0
79,2,0,99,67,6104,6,51.4,0.0
57,1,0,116,51,4013,3,44.1,0.0
78,2,0,143,75,4565,1,55.5,0.0
47,1,0,96,58,5923,2,51.1,4.2
28,1,0,117,52,5975,2,51.1,0.0
10,1,0,103,46,10419,1,34.4,0.0
78,1,0,117,81,8474,1,74.4,0.0
78,2,1,149,70,9706,1,26.5,0.4
40,1,0,115,63,9507,2,46.4,0.0
67,2,0,107,94,8677,1,77.4,7.4
27,2,0,116,63,5581,3,37.0,0.0
28,2,0,105,67,12235,4,49.8,0.0
68,1,1,122,65,10859,0,79.4,0.1
36,2,0,97,59,4249,1,37.7,0.0
30,2,0,95,52,19132,2,50.3,0.1
35,1,0,107,55,10363,3,53.1,0.0
76,2,1,125,74,14256,3,24.3,0.1
61,2,0,140,81,12637,4,28.3,5.4
15,1,0,92,65,23753,1,54.2,0.0
71,2,0,115,66,9932,2,53.0,0.0
25,2,0,121,66,8249,2,52.1,0.0
13,2,0,102,49,9297,1,45.3,7.7
44,1,0,86,50,5670,1,43.0,0.0
34,2,0,103,70,19099,1,52.6,0.0
31,2,0,112,71,14113,1,77.1,0.0
45,1,0,90,56,16908,1,66.1,5.4
9,2,0,79,41,15545,1,25.0,0.3
43,1,0,108,68,10278,5,62.3,0.0
44,1,0,123,61,6227,3,39.3,0.0
19,1,0,108,94,14382,1,57.6,0.0
11,1,0,98,63,10464,1,44.3,0.0
47,2,0,107,56,5326,2,34.8,0.0
10,2,0,100,62,6839,1,42.7,0.0
11,1,0,89,60,10344,1,34.3,2.0
20,1,0,124,45,8156,2,56.4,6.2
35,2,0,117,87,13626,1,54.5,0.1
66,1,0,100,70,7081,2,55.0,0.0
11,2,0,111,68,16971,1,35.6,0.0
27,2,0,104,53,16898,2,36.0,0.0
12,2,0,117,56,17057,1,23.8,0.0
80,2,1,137,68,13571,7,35.3,0.8
38,2,0,100,76,5317,2,34.3,0.0
52,2,1,136,67,10835,2,20.0,0.0
79,1,1,113,53,9387,2,24.1,0.1
13,2,0,83,45,11815,1,34.9,0.1
18,2,0,117,79,12717,2,36.8,0.0
27,1,0,109,51,7101,1,59.3,2.8
72,1,0,120,81,8703,1,68.0,0.0
17,1,0,109,64,17378,1,55.2,0.0
27,2,0,118,73,5588,2,48.2,0.0
16,2,0,94,55,11136,1,34.4,0.0
38,2,0,107,63,10952,1,53.9,0.0
77,1,1,111,46,9575,8,23.8,8.8
28,2,0,109,60,9972,1,69.6,0.0
60,1,0,101,77,11589,2,55.5,0.0
12,2,0,118,56,16318,1,47.1,0.0
45,2,0,120,83,6136,1,64.5,0.0
61,2,0,130,84,7673,1,46.8,1.0
28,2,0,109,51,11952,2,22.3,0.0
16,2,0,117,56,10465,3,13.5,0.0
36,2,1,105,86,7682,8,22.0,0.4
80,1,1,154,64,11175,5,31.4,0.1
51,1,0,141,82,5580,1,51.8,2.8
41,2,0,110,75,7709,3,60.9,0.0
16,2,0,101,44,16775,1,42.8,0.0
35,2,0,119,75,8938,1,41.2,0.1
11,1,0,106,58,13545,1,30.5,0.0
70,2,0,112,60,3160,1,67.6,0.0
58,2,0,115,66,12859,4,57.5,0.0
19,1,0,110,45,16311,4,26.2,0.0
37,1,0,107,63,11099,1,25.7,0.0
56,1,0,105,71,5743,1,31.9,7.1
77,1,0,137,87,2748,1,67.7,1.0
42,2,0,131,83,4129,2,24.5,0.0
70,1,1,111,41,12340,8,20.7,0.1
49,2,0,121,74,6073,1,46.2,0.0
56,1,1,108,71,7621,2,10.1,0.0
13,1,0,111,65,3108,1,38.0,0.0
58,2,0,126,64,8650,2,39.9,0.0
41,2,0,105,59,15000,1,23.4,0.0
26,2,0,97,54,4861,1,39.5,0.0
18,2,0,93,73,8288,2,57.3,0.0
18,1,0,114,76,20246,1,36.7,0.0
74,2,0,131,69,6398,1,51.4,0.0
25,2,0,124,78,19047,1,47.2,0.0
44,2,0,116,61,15440,3,29.2,0.0
68,2,0,119,67,8162,1,50.7,0.0
29,2,0,112,46,15728,5,48.5,0.0
19,1,0,113,63,16034,4,17.8,0.0
18,2,0,87,57,17095,2,36.6,0.0
78,2,1,130,82,13808,0,20.5,0.1
71,2,0,114,54,9671,2,40.6,3.9
59,1,0,124,75,17841,2,28.0,0.0
16,1,0,94,63,1818,2,28.8,7.5
66,1,0,100,81,6191,3,25.4,0.0
72,1,0,100,81,5588,2,70.3,0.0
29,2,0,109,51,8779,2,35.2,0.0
50,1,0,111,50,13128,1,47.1,4.7
21,1,0,113,59,17352,1,52.3,0.9
80,1,1,125,88,16919,1,26.8,4.4
54,1,0,110,65,12556,2,60.3,0.0
14,2,0,89,37,16380,2,26.6,0.0
79,2,1,149,84,10244,4,36.4,0.1
12,2,0,86,58,6545,1,48.5,0.0
50,2,0,110,41,8311,3,61.2,0.0
43,1,0,107,82,8288,1,59.6,0.0
80,2,1,136,82,10809,3,31.9,0.1
11,1,0,97,55,14791,2,65.4,2.8
26,2,0,133,73,7720,1,55.6,0.0
46,1,0,116,71,6794,3,31.9,8.8
54,1,0,123,64,3892,1,28.5,0.0
57,1,1,145,69,2662,3,14.1,0.1
19,2,0,109,53,14800,2,23.0,0.0
48,1,0,118,68,5178,1,41.5,0.0
21,2,0,123,66,10543,1,63.5,1.0
65,2,0,117,55,15616,2,24.9,0.0
33,1,0,100,78,2697,2,17.5,0.0
14,2,0,107,52,19554,1,38.0,0.0
80,1,0,123,62,3065,2,26.6,0.1
29,1,0,122,80,11421,1,60.6,0.0
77,2,1,158,75,6801,0,36.3,4.2
41,1,0,101,44,13043,1,43.8,0.0
41,1,0,146,80,13604,4,38.4,0.0
11,1,0,110,91,12593,1,38.4,0.0
10,1,0,99,65,7342,1,8.4,0.0
61,2,0,127,75,6659,1,61.5,0.0
19,2,0,105,63,16073,1,63.7,4.0
40,2,0,80,58,12759,1,5.0,0.0
43,2,0,93,64,7846,3,43.8,0.0
9,1,0,95,53,13469,1,5.1,0.0
58,1,0,105,76,16190,1,65.7,0.0
18,2,0,114,68,20237,1,49.2,0.0
53,2,0,121,63,10766,5,47.8,0.0
57,1,1,167,89,11775,4,42.6,0.0
75,2,0,143,87,4754,7,44.0,9.2
72,1,0,118,84,8261,2,77.1,0.0
56,1,0,112,61,10039,2,57.6,0.0
46,2,0,120,81,17911,2,55.6,0.0
74,1,0,109,78,10125,2,46.2,0.0
79,1,0,105,78,11291,1,70.3,0.0
11,2,0,106,50,14636,2,56.4,0.0
17,1,0,107,72,8830,3,49.7,0.0
18,2,0,99,59,8381,1,21.5,0.0
35,1,0,103,91,5460,1,72.0,0.0
67,1,0,118,82,3021,1,43.0,0.0
19,1,0,125,51,10999,2,45.1,0.4
17,2,0,131,65,7009,2,79.3,0.0
57,2,0,120,82,15213,3,50.2,0.0
34,1,0,114,94,8286,3,57.2,0.0
26,2,0,124,75,16058,1,70.5,3.1
14,2,0,99,64,12706,1,18.0,0.0
28,1,0,107,70,12808,1,45.7,0.0
79,1,1,142,74,3351,2,58.9,0.0
15,2,0,112,67,19576,3,30.0,0.0
39,1,0,122,90,7851,3,54.7,0.0
79,1,1,160,89,14117,6,17.7,0.0
57,2,0,128,87,8620,1,75.1,0.0
65,1,0,122,78,4322,3,32.3,0.0
67,1,1,113,62,4521,3,20.5,0.1
45,2,0,110,44,12134,3,55.0,1.9
61,1,0,118,62,18745,2,41.0,0.0
12,1,0,110,70,13013,1,43.0,0.0
28,1,0,93,61,16396,2,24.4,0.0
13,2,0,97,72,11914,1,46.7,3.1
50,2,0,123,67,11149,1,83.1,0.0
14,1,0,97,69,15781,1,36.4,0.0
45,1,0,120,76,9892,1,38.8,0.0
14,2,0,102,82,19237,1,42.1,0.1
9,2,0,89,54,17709,1,29.7,0.0
49,1,0,91,67,7719,1,40.8,0.0
80,1,0,146,101,10051,9,72.1,0.0
45,2,0,117,69,6046,2,40.2,0.0
79,1,0,111,59,5698,2,35.8,0.1
28,2,0,107,77,20379,1,43.9,0.0
32,2,0,115,59,13014,1,47.1,0.0
33,2,0,117,77,9943,1,49.5,5.8
34,2,0,117,62,14665,1,45.9,0.0
22,2,0,114,66,17810,1,58.2,0.0
77,1,1,112,62,1732,8,5.7,0.1
54,1,1,136,86,8972,5,24.8,0.0
58,2,0,111,70,8474,1,50.0,0.0
68,1,0,132,68,16466,2,74.4,0.0
41,1,0,113,30,13741,1,18.8,0.0
35,2,0,114,59,17179,1,21.8,0.0
50,2,0,126,76,9442,1,37.0,5.4
41,2,0,115,78,9330,1,64.2,0.0
67,1,0,118,78,11723,3,36.6,0.0
60,2,0,123,72,19749,3,59.3,4.7
78,2,0,138,61,10322,4,71.2,2.3
78,1,0,114,60,5837,2,43.8,0.0
14,1,0,98,56,10781,1,5.0,0.0
78,2,1,140,82,5979,13,19.0,0.1
80,2,0,140,64,8309,5,51.8,0.0
24,2,0,107,62,22302,2,38.8,0.0
17,2,0,107,76,11205,1,31.6,0.0
69,1,0,132,77,13908,1,70.8,0.0
44,2,0,105,62,13235,6,38.5,8.0
49,2,0,112,38,7945,3,35.2,0.1
40,2,0,108,45,9587,1,50.5,0.0
28,1,0,121,67,16768,5,54.2,0.9
80,1,1,119,63,5350,7,24.4,0.0
80,1,1,156,62,4484,12,25.1,0.2
9,1,0,102,60,11415,1,33.2,0.0
12,1,0,97,65,12125,1,17.1,0.0
77,2,0,131,71,17406,1,67.1,2.9
80,1,1,146,67,10020,7,5.1,0.1
78,1,0,125,81,4816,4,30.1,8.0
80,1,1,153,86,5385,7,15.8,0.0
24,2,0,122,79,10070,1,59.1,0.0
20,2,0,110,53,13033,3,22.2,0.0
53,2,0,113,63,19221,2,61.5,0.0
27,1,0,98,53,18003,1,35.4,0.0
48,1,0,127,69,8474,2,29.7,0.0
28,2,0,127,78,9269,1,35.8,0.0
14,2,0,86,48,7660,4,12.9,0.0
77,1,0,105,77,10205,2,75.3,0.0
18,2,0,104,62,13474,2,55.9,0.0
80,2,1,125,52,3935,7,21.1,0.1
16,1,0,115,70,20890,1,56.7,0.0
67,1,0,108,71,18649,1,72.2,0.0
11,1,0,109,60,20103,1,24.2,0.0
79,1,1,135,68,7098,0,57.0,3.1
50,2,0,144,79,8313,4,43.2,0.0
79,1,1,133,75,8252,3,9.4,0.0
65,2,0,122,72,11752,2,52.5,0.1
22,2,0,109,76,9970,1,26.2,0.0
20,1,0,108,72,13932,1,55.0,0.0
45,2,0,112,64,9348,1,50.1,0.0
14,2,0,100,62,16155,1,62.4,0.4
80,2,1,131,73,10878,8,5.1,1.2
49,1,0,109,72,20510,1,62.9,0.0
40,2,0,107,63,9375,7,41.1,0.0
36,1,0,119,77,10814,1,45.3,0.0
65,2,0,110,63,10202,2,50.9,0.0
13,2,0,84,52,17988,1,35.2,0.0
14,2,0,117,50,18440,1,49.1,0.0
65,1,0,136,84,12403,1,76.4,0.0
53,2,0,119,84,10697,1,59.2,8.8
71,1,0,123,65,3666,3,65.3,0.0
77,1,1,91,52,9554,5,57.0,0.0
43,1,0,99,81,11285,2,49.3,9.1
69,2,0,92,65,11332,1,63.7,0.0
55,1,0,118,55,9968,4,6.3,0.0
9,1,0,129,67,6701,1,33.3,0.0
28,1,0,108,65,8793,2,60.6,0.2
22,2,0,99,74,11424,1,82.9,5.4
18,1,0,95,63,18293,1,46.6,0.0
23,1,0,107,87,8463,2,23.0,0.0
71,1,0,120,96,8482,2,34.7,0.0
30,1,0,149,94,9062,1,35.6,3.0
29,1,0,110,66,8770,4,42.0,0.0
66,2,0,133,60,7797,3,43.8,0.0
13,1,0,107,68,11415,1,17.8,0.0
80,2,1,139,85,10776,0,51.6,0.1
77,1,1,93,61,7290,2,38.2,0.0
11,1,0,94,52,14899,1,34.7,0.0
11,1,0,108,80,9372,1,26.7,3.1
28,2,0,111,61,17503,3,38.3,0.0
36,2,0,115,83,14311,1,41.2,0.0
29,1,0,112,64,7656,2,9.4,0.0
73,1,0,134,74,4951,1,64.2,0.9
29,1,0,113,67,7302,1,39.3,0.0
80,2,0,121,71,6370,1,40.7,0.0
9,2,0,96,61,24644,1,5.0,0.0
58,1,0,139,75,12743,1,60.7,5.2
62,2,0,105,54,13548,3,41.2,0.0
77,2,0,118,92,12821,1,61.8,4.5
77,2,1,107,60,9586,1,32.5,2.3
28,2,0,99,60,11348,1,52.2,0.0
22,1,0,97,34,14181,2,33.7,0.0
9,1,0,90,66,17817,1,33.0,0.0
75,1,0,143,87,3089,5,62.2,0.9
80,2,0,115,82,8252,3,48.6,0.0
38,2,0,106,80,12937,2,65.3,0.0
80,1,1,117,55,8824,6,9.5,0.0
28,2,0,128,76,5663,1,36.4,0.0
15,1,0,112,69,7152,3,12.5,0.3
18,1,0,99,57,9487,1,40.8,0.0
31,1,0,118,70,10429,2,45.3,0.0
54,1,0,116,73,10557,1,51.3,0.0
14,1,0,95,60,10490,1,64.6,0.0
67,1,1,141,74,8076,6,33.0,0.2
27,1,0,119,78,8188,1,52.3,0.0
19,2,0,125,47,15034,1,38.2,0.0
46,1,0,120,77,19176,1,23.3,0.0
14,2,0,115,54,8572,2,33.0,0.1
67,2,1,120,86,13293,5,22.0,0.0
78,2,1,154,68,8636,4,46.6,0.1
47,1,0,126,75,14716,1,55.3,0.0
16,1,0,92,56,11227,1,62.2,0.0
17,1,0,100,75,17033,1,47.0,0.0
51,2,0,137,61,4006,2,59.3,0.0
36,1,0,96,82,11938,1,69.3,0.0
38,1,0,114,72,17385,1,44.2,0.0
58,2,1,102,72,9739,4,53.5,0.0
21,2,0,105,65,8355,1,55.6,0.0
20,1,0,113,58,19223,1,61.6,0.1
10,1,0,109,69,5889,1,16.9,0.1
17,2,0,88,62,15960,1,52.3,0.0
80,2,1,107,56,5409,9,10.8,9.2
33,2,0,111,69,8796,1,28.6,0.1
77,2,0,130,69,14549,1,56.4,0.0
22,2,0,88,62,20815,1,34.8,0.0
53,1,0,118,66,15462,6,68.3,0.0
69,2,0,123,56,12839,2,53.7,0.1
13,1,0,112,62,7656,1,23.9,0.1
19,2,0,104,47,16379,1,18.9,0.0
74,2,0,124,77,12894,2,72.9,1.9
10,1,0,92,48,13681,1,55.7,0.0
18,1,0,103,67,7767,1,54.2,0.0
47,1,0,107,54,7570,2,46.7,0.0
17,1,0,97,64,10099,1,65.7,0.1
12,1,0,115,71,11436,1,23.2,0.0
51,1,0,135,102,5860,1,65.2,0.1
73,2,0,127,96,2609,1,58.4,0.0
56,1,0,107,85,11503,1,87.9,0.0
17,1,0,113,69,10717,2,42.6,0.0
59,2,0,147,100,2984,2,65.7,0.0
33,1,0,106,56,10671,1,24.7,0.0
42,2,0,136,57,8237,6,8.1,0.0
65,1,0,102,43,6618,1,43.3,0.0
25,2,0,108,58,17084,1,43.8,0.1
56,2,0,110,65,5286,1,69.9,0.0
65,1,0,123,63,12384,4,40.7,0.0
40,1,0,118,82,9333,1,29.8,0.0
49,2,0,110,60,9365,1,27.4,0.0
20,2,0,93,39,7541,1,39.9,5.3
12,2,0,102,66,15173,1,16.1,0.0
27,1,0,113,73,8012,1,46.0,0.0
10,1,0,100,49,11074,1,27.2,0.0
27,2,0,102,61,12062,1,66.3,0.0
68,2,0,113,81,5504,4,47.3,0.0
11,2,0,80,62,16179,1,52.1,0.0
49,2,0,116,79,9370,5,65.9,6.9
69,2,0,114,74,14922,3,49.2,0.0
53,1,0,111,55,10853,1,36.3,0.0
11,1,0,97,63,7577,1,20.9,0.0
38,2,0,107,65,23749,2,22.7,0.0
40,1,0,110,83,10732,1,41.1,0.0
31,2,0,92,48,13705,1,44.9,0.0
15,1,0,112,58,18945,1,43.0,0.0
15,1,0,87,61,17482,1,77.3,0.0
50,1,0,95,74,7835,1,78.2,0.0
13,2,0,109,52,14124,2,48.3,0.0
39,1,0,111,78,16302,1,61.6,0.0
31,2,0,119,78,12436,5,12.7,0.3
77,2,0,130,71,3776,1,78.9,0.0
26,1,0,97,71,10832,1,60.7,0.0
17,2,0,106,69,16223,4,28.6,0.0
20,2,0,118,76,8573,1,53.1,0.0
20,2,0,100,59,7440,1,56.7,0.0
61,2,0,116,69,5567,2,55.2,0.0
48,2,0,124,67,11881,1,60.9,0.0
47,2,0,90,71,16537,2,43.0,0.0
69,2,0,113,64,12483,2,68.0,0.0
79,1,0,126,73,3417,1,59.7,0.1
61,2,0,128,83,8818,1,31.2,0.1
80,2,0,123,67,6887,2,62.7,0.0
44,1,0,102,70,13469,3,35.2,0.0
38,1,0,111,80,9005,1,49.5,0.0
16,2,0,103,66,8681,1,39.6,0.0
10,2,0,92,73,7242,1,22.8,0.0
20,1,0,106,69,12788,1,34.1,0.0
15,1,0,94,35,12859,1,44.7,0.0
79,2,0,121,92,9945,3,64.6,0.1
13,1,0,94,56,18573,2,28.1,0.0
19,1,0,94,48,14039,1,60.2,0.0
41,1,0,103,61,11114,3,56.8,0.2
24,1,0,115,94,7544,1,39.1,0.0
10,1,0,89,48,17959,1,27.2,0.0
44,2,0,116,63,9260,4,56.7,0.0
21,2,0,101,68,10241,1,40.1,0.0
80,1,1,158,76,7156,3,11.2,0.6
80,1,1,111,52,7898,11,11.2,8.8
54,1,0,100,68,5911,1,36.4,0.0
57,2,0,129,79,18366,1,51.2,0.0
62,2,1,130,84,7571,5,13.9,1.2
79,2,1,120,52,7604,5,15.1,0.0
11,2,0,98,72,7165,1,5.0,0.0
79,2,1,126,50,13185,4,59.6,0.0
52,1,0,130,85,18137,9,44.9,0.0
72,2,0,141,77,8733,1,74.0,8.4
44,2,0,96,55,13739,2,54.2,0.0
30,1,0,109,74,3520,1,31.8,0.0
59,1,0,116,73,4263,1,27.4,0.1
54,1,0,122,81,4496,3,56.5,0.0
48,1,0,133,74,14603,2,37.3,0.0
25,1,0,98,64,15436,2,41.1,0.3
17,1,0,102,69,16536,1,37.0,0.0
47,1,0,104,70,11326,1,55.5,0.0
12,2,0,99,68,21477,1,38.1,0.1
41,2,0,119,68,9170,2,42.3,0.9
65,2,0,98,58,5048,5,56.0,0.0
38,2,0,107,79,12404,2,54.1,0.0
80,2,1,117,66,9459,2,64.8,0.1
18,2,0,120,87,17497,2,62.4,0.0
47,2,0,102,71,15718,4,32.8,0.1
64,2,0,133,87,15247,2,65.5,0.0
76,2,0,140,74,12669,2,78.6,0.1
45,2,0,116,69,9115,1,28.3,0.1
40,2,0,103,45,11107,1,42.4,0.0
78,2,1,129,68,9076,5,40.4,2.5
31,2,0,92,76,9262,1,31.1,3.8
23,1,0,122,74,17411,2,62.1,0.0
11,1,0,103,67,10188,1,43.9,0.0
29,2,0,132,86,5378,1,70.7,0.0
16,2,0,119,78,9105,1,41.5,0.0
73,1,0,120,95,14725,1,83.1,0.0
80,2,0,140,87,8169,5,58.6,0.0
36,1,0,99,67,5303,1,67.8,0.1
76,1,0,116,72,5544,3,41.5,0.0
11,2,0,89,59,13201,1,35.2,0.0
16,1,0,120,84,19004,1,51.2,0.0
19,1,0,135,74,11206,4,23.4,0.0
50,1,0,105,42,3314,4,47.9,0.0
43,1,0,139,86,5186,2,55.1,0.0
67,2,0,104,78,10344,1,49.1,0.0
10,1,0,95,55,13523,1,21.4,0.0
54,2,0,93,46,9341,1,57.0,0.0
44,2,0,110,50,10987,1,50.0,0.0
47,2,0,113,78,7576,1,50.5,0.0
48,1,0,108,66,4981,4,73.3,0.0
9,1,0,91,57,20662,1,35.8,0.0
18,2,0,113,58,18438,3,43.4,0.0
10,1,0,102,56,7887,1,17.5,0.0
77,1,0,147,90,4418,6,49.8,0.0
70,2,0,120,79,12296,1,55.0,8.4
42,1,0,104,64,12667,1,38.3,0.1
40,2,0,134,96,8041,2,49.5,0.0
46,1,0,124,78,3619,3,60.3,0.0
52,2,0,108,69,6674,5,19.7,0.0
10,2,0,90,60,15219,1,46.5,1.1
75,2,0,127,95,12047,8,48.4,5.8
52,1,0,121,84,5955,1,57.2,0.0
67,1,0,116,105,8333,2,52.6,0.2
63,1,0,114,74,6664,3,36.9,0.0
10,1,0,120,63,15945,1,18.6,0.0
23,1,0,104,70,7867,1,68.1,0.1
14,1,0,101,57,14869,1,54.0,0.0
78,1,1,144,69,10114,6,8.9,0.1
51,2,0,129,71,10988,4,69.6,0.0
48,1,0,117,59,9097,1,56.4,0.0
14,2,0,96,71,7568,1,29.7,0.6
10,2,0,87,46,11851,1,32.9,0.0
28,1,0,110,61,10152,1,48.5,2.0
25,1,0,92,55,16098,1,36.6,1.2
69,1,0,107,49,6857,2,72.7,0.0
10,2,0,106,56,12497,1,5.0,0.0
80,2,1,126,53,11658,2,57.0,0.0
21,1,0,107,77,11350,1,49.9,0.0
44,2,0,104,50,7196,3,37.8,0.0
35,1,0,103,73,11190,2,51.3,0.0
29,2,0,97,58,24551,1,42.0,0.0
11,2,0,97,62,19742,1,33.8,0.0
64,1,0,118,41,10355,2,57.9,0.0
63,1,0,111,57,16285,2,59.3,8.3
25,2,0,117,84,12250,1,49.5,0.0
72,1,0,110,89,8366,4,51.9,0.0
47,2,0,130,85,9725,2,41.8,0.0
50,1,0,118,71,5222,2,28.9,0.0
71,1,0,119,75,11330,2,55.7,7.3
21,2,0,95,62,8949,1,51.2,0.0
31,2,0,90,56,9366,1,51.3,0.0
68,2,0,109,74,11338,1,41.7,0.0
39,1,0,123,82,6013,1,86.9,0.0
18,2,0,87,58,12115,1,34.8,0.0
31,1,0,102,54,12445,1,43.0,6.6
80,2,1,132,58,7000,14,7.4,0.0
55,1,0,131,68,6000,4,51.3,0.0
10,2,0,109,56,11225,3,10.2,0.0
47,1,0,110,61,7795,1,34.0,0.0
80,2,1,105,55,7116,12,14.3,1.6
21,2,0,108,67,22141,1,46.8,1.2
28,2,0,101,64,8770,1,70.6,0.0
32,1,0,128,63,9433,2,38.0,0.0
55,2,0,123,57,5255,1,52.1,0.0
17,2,0,99,50,14055,1,39.0,0.0
13,1,0,95,54,11987,2,38.9,0.0
23,2,0,125,80,19703,1,56.7,0.0
9,1,0,94,47,18103,2,42.5,0.0
10,2,0,86,25,11194,1,27.4,0.0
80,1,1,134,57,8645,11,7.5,0.0
19,2,0,114,63,19066,1,20.4,0.0
60,1,0,111,70,4805,3,32.6,0.1
79,1,1,115,72,6458,12,12.7,0.1
26,2,0,114,63,14906,1,73.6,0.0
24,2,0,121,62,17260,1,19.8,0.0
26,2,0,101,53,9717,1,42.4,0.0
59,1,0,117,48,8672,5,58.6,0.0
11,1,0,82,40,17909,1,24.7,0.0
47,1,0,108,59,18495,1,27.9,0.0
62,2,0,123,47,4960,4,44.0,0.0
30,1,0,87,50,6715,2,35.2,0.0
9,2,0,94,35,18072,1,54.2,0.0
51,2,0,113,90,9665,1,42.3,0.0
80,2,0,143,76,5315,5,67.0,0.0
13,1,0,101,56,17172,1,51.4,4.3
30,1,0,112,77,5349,1,44.6,0.0
13,1,0,101,64,12991,1,43.3,0.0
12,1,0,88,50,15422,1,28.6,0.0
10,1,0,88,60,9982,1,39.9,0.2
33,1,0,127,50,15016,1,54.9,0.0
12,2,0,93,59,16067,1,56.8,3.9
74,1,1,98,72,6375,1,40.8,0.1
80,2,0,145,87,11082,8,57.8,6.4
51,2,0,95,58,10476,1,49.5,0.0
63,1,0,130,78,8206,2,54.5,0.0
10,2,0,101,69,15869,1,38.2,0.0
15,1,0,96,53,7336,1,36.8,0.0
71,1,0,131,60,6510,2,62.7,0.0
79,1,1,111,49,10682,7,22.3,0.0
80,1,0,155,100,5808,1,49.5,0.0
40,2,0,105,61,11317,3,49.1,1.3
18,2,0,112,68,10254,2,20.8,0.0
68,1,0,97,85,16771,1,54.8,0.7
79,2,1,131,77,3390,7,35.3,0.0
59,2,0,114,74,10327,2,62.0,0.0
19,2,0,101,47,13726,1,53.7,0.0
17,2,0,108,64,10311,2,31.7,0.0
17,2,0,102,78,13732,1,38.1,0.0
49,2,0,118,61,14085,2,47.6,0.0
61,2,0,108,74,10993,1,69.0,5.2
34,1,0,114,64,10486,1,37.3,0.1
58,1,0,97,59,10499,1,35.2,0.0
26,1,0,112,87,9632,1,40.1,0.0
13,1,0,113,68,18902,1,34.3,0.0
12,1,0,99,76,7457,2,30.6,0.0
67,2,0,105,74,13789,3,58.7,0.0
73,1,0,136,80,7808,4,60.3,2.9
53,2,0,102,72,11232,1,13.1,0.0
17,2,0,90,43,6351,4,20.3,0.0
47,1,0,98,45,7892,5,26.8,0.3
64,1,0,114,62,7816,4,47.6,8.9
25,1,0,104,81,11931,1,39.3,0.0
10,1,0,120,69,15723,1,21.2,0.0
44,2,0,108,61,5364,3,28.9,0.0
55,1,0,108,62,15360,2,52.6,0.3
35,1,0,116,61,14809,2,54.2,0.0
11,2,0,96,69,16982,1,42.6,0.0
78,2,1,150,65,6794,17,5.0,0.0
80,2,0,129,97,14405,1,77.4,0.0
24,1,0,131,75,11397,1,44.3,0.0
18,2,0,102,64,10073,2,35.8,0.0
79,1,1,135,91,5669,5,7.2,8.1
22,2,0,88,78,9022,1,32.0,0.0
56,1,0,110,56,9245,1,35.3,0.0
11,2,0,115,75,9014,1,42.3,0.2
12,2,0,124,61,7795,1,33.0,6.7
29,1,0,104,78,13377,1,50.4,0.0
53,1,0,126,66,7638,1,34.7,0.0
22,1,0,118,88,13137,1,44.7,0.0
11,2,0,121,66,21455,2,47.3,6.8
69,1,0,112,67,8438,4,66.5,7.3
72,2,0,134,68,3340,6,55.3,0.0
10,2,0,109,64,15067,2,44.8,6.0
18,1,0,108,45,11756,2,23.9,0.0
74,1,0,134,104,5949,4,55.1,3.3
79,1,1,124,68,9372,11,18.7,0.1
14,2,0,92,36,11617,1,59.7,6.1
45,1,0,124,86,16030,2,67.0,0.0
13,1,0,113,58,8067,1,67.2,0.0
39,1,0,103,51,12139,1,60.5,0.0
50,2,0,99,59,9524,5,63.8,7.7
51,2,0,121,57,10475,1,21.8,0.0
51,2,0,132,91,3849,4,50.9,0.0
42,2,0,98,71,6753,1,42.2,0.0
34,2,0,105,59,10348,1,43.3,0.0
11,2,0,104,51,19375,1,31.6,3.0
62,2,0,120,77,11644,1,52.8,0.0
9,2,0,89,59,26046,1,9.4,0.0
52,1,0,103,73,6557,2,54.2,0.0
56,1,0,108,61,10748,1,76.9,0.0
54,1,0,122,80,7564,2,32.8,0.0
23,1,0,96,64,12045,1,50.2,0.0
67,1,0,130,81,9692,1,58.3,0.0
12,1,0,121,60,18871,1,15.7,0.0
65,1,0,120,73,12889,1,44.2,0.3
32,2,0,115,61,8498,2,73.8,0.0
38,1,0,100,72,12190,1,57.2,0.0
19,2,0,120,58,8667,2,19.5,0.0
25,2,0,102,64,10509,1,54.5,0.0
78,1,0,128,75,11337,1,71.4,0.0
25,1,0,94,64,5369,1,63.8,0.0
22,1,0,107,54,15735,1,44.6,1.1
70,2,0,114,75,17864,1,93.2,7.5
19,1,0,90,55,14341,1,50.9,0.0
79,2,0,102,65,7023,1,55.9,0.0
58,2,0,95,62,9329,1,65.5,0.0
58,2,1,103,63,9800,2,39.3,8.3
25,2,0,117,56,8388,1,25.7,0.0
44,1,0,114,56,11048,2,56.6,0.0
21,2,0,96,60,10737,1,26.4,0.1
67,1,0,135,84,12658,2,72.7,4.2
13,1,0,111,78,9665,1,36.4,0.0
75,1,1,126,69,10549,16,5.1,0.1
60,2,0,112,72,9721,1,54.8,0.0
10,2,0,95,73,9341,1,18.8,0.0
63,1,0,100,54,4829,1,23.3,0.0
54,2,0,97,46,12616,1,35.9,0.0
78,2,0,148,86,9859,3,82.2,0.0
14,2,0,105,53,7304,1,48.5,5.8
79,1,1,147,78,7355,1,52.7,0.0
18,1,0,101,77,12780,1,69.6,0.7
49,2,0,112,87,6181,1,84.9,0.0
64,1,0,112,92,6319,1,51.0,7.6
18,1,0,110,65,21815,1,46.2,8.7
73,2,0,130,105,10220,3,78.7,0.0
77,2,1,126,66,7486,5,9.5,1.7
49,2,0,108,56,5332,2,48.9,0.0
45,2,0,111,52,6457,1,52.2,2.9
32,1,0,121,80,11317,1,35.4,0.1
80,2,1,161,76,2538,2,25.5,0.0
67,2,1,133,67,11357,10,5.5,0.1
39,2,0,96,42,11740,1,50.5,0.0
10,1,0,99,42,9220,1,28.9,7.9
29,2,0,99,61,12207,1,16.0,0.0
14,2,0,100,66,8956,2,53.8,0.0
80,1,0,112,63,1807,3,52.0,0.0
25,1,0,117,55,12785,2,48.6,0.0
12,1,0,88,40,8267,1,42.6,0.0
61,1,0,123,68,8800,3,46.3,0.1
80,2,1,156,47,15681,2,25.3,0.0
77,1,1,135,67,6408,9,10.2,0.1
22,2,0,105,89,6418,1,50.8,0.1
34,2,0,113,54,11225,3,34.2,0.0
14,1,0,116,48,19167,1,36.0,0.0
10,1,0,104,50,11640,1,30.2,0.0
29,2,0,111,68,9042,2,23.7,0.0
24,1,0,138,75,6390,2,29.5,0.0
10,1,0,102,75,24407,1,58.7,0.4
79,2,0,132,81,3888,8,68.4,0.0
55,1,0,111,98,18679,3,69.3,0.0
16,1,0,107,70,5838,2,38.1,0.0
15,1,0,93,64,16400,1,54.5,0.0
71,1,0,110,70,6384,2,60.1,0.1
16,1,0,116,67,11090,1,36.3,0.2
41,1,0,128,56,19690,2,21.0,0.0
41,2,0,122,73,9379,2,19.3,0.0
53,2,0,98,64,8204,2,53.0,0.0
13,2,0,86,67,15285,1,56.9,0.0
64,2,0,121,97,8065,2,62.2,0.0
29,1,0,106,69,14337,1,45.3,0.0
46,2,0,120,39,8555,1,47.7,0.0
80,2,1,132,77,10653,8,26.0,1.1
42,1,0,118,70,4444,1,57.2,0.0
15,1,0,107,86,5689,1,39.7,0.0
60,1,0,132,72,8086,1,48.9,0.0
75,2,0,135,69,6895,6,48.0,0.0
75,2,0,146,80,3317,1,70.5,0.1
54,2,0,126,90,12634,1,79.6,0.0
74,1,0,131,93,7755,3,63.2,0.1
75,1,1,167,74,5618,6,13.5,0.0
15,1,0,103,52,6639,1,49.9,8.8
10,2,0,126,83,21360,1,39.2,0.0
25,2,0,122,56,11184,1,61.3,0.0
57,1,0,125,60,9602,3,82.2,0.0
72,2,0,107,49,9952,1,65.6,0.0
43,2,0,136,82,13799,1,50.2,0.0
9,1,0,97,47,12890,1,34.3,0.1
26,2,0,94,53,15073,1,45.5,4.8
10,1,0,95,35,15457,3,31.0,0.0
14,1,0,111,76,14013,1,35.7,0.0
32,2,0,99,43,11616,1,46.9,0.0
66,2,0,125,68,6944,5,41.0,0.0
12,1,0,116,53,7402,1,67.2,0.0
40,1,0,124,51,20448,2,36.1,0.0
52,2,0,137,62,6388,1,39.9,0.0
43,1,1,125,46,8260,9,13.2,0.0
76,1,0,126,93,10335,1,56.3,9.2
41,1,0,98,77,7131,1,49.8,0.0
10,2,0,95,65,12610,4,44.6,0.0
26,2,0,118,100,17878,3,56.2,0.0
66,1,0,106,60,5545,1,55.6,0.0
11,1,0,111,48,18982,1,50.1,8.0
32,1,0,100,63,14794,2,55.9,0.0
41,2,0,120,79,14540,2,76.2,0.0
41,2,0,98,69,5948,1,74.8,0.0
16,2,0,90,49,5942,2,43.5,0.0
23,1,0,111,61,10338,1,58.2,0.0
67,2,0,98,67,12916,1,56.2,0.0
80,2,1,159,61,9584,14,5.0,0.0
46,2,0,103,93,5569,1,50.7,0.1
60,1,0,152,110,11227,2,59.6,0.2
13,1,0,103,68,13337,1,38.4,0.0
48,1,0,120,57,13425,1,57.2,0.0
67,2,0,97,67,10943,1,85.4,0.0
78,2,0,106,74,4174,3,67.6,0.2
27,2,0,88,62,20420,1,50.8,0.0
41,1,0,123,65,5494,1,31.2,0.0
48,1,0,108,79,9437,3,51.3,1.5
26,2,0,107,85,12326,1,10.7,0.0
45,1,0,126,63,15091,2,65.7,0.0
15,1,0,111,55,5092,1,25.2,0.0
32,2,0,123,73,1916,1,69.0,0.0
26,2,0,98,66,9019,1,55.6,0.0
55,2,0,113,86,15814,1,31.8,0.5
35,2,0,83,53,7605,1,32.7,5.7
80,2,1,165,72,12621,4,34.4,0.0
21,1,0,121,86,12179,1,43.4,0.1
22,2,0,94,79,18495,1,53.5,0.0
79,2,1,117,63,6771,0,33.6,0.1
10,2,0,96,86,15946,2,42.7,0.0
54,2,0,104,60,10719,4,40.9,0.0
45,2,0,110,81,12376,1,69.6,0.1
10,2,0,92,39,10713,1,34.1,0.0
9,2,0,90,44,18829,1,35.4,0.0
62,2,0,100,74,13207,1,75.6,0.0
62,2,0,120,96,15681,5,32.9,0.0
40,1,0,104,45,7186,2,31.6,0.0
21,1,0,116,65,15249,3,23.6,0.0
11,2,0,113,69,9546,3,36.5,0.0
44,2,0,108,45,12972,5,27.3,0.1
26,2,0,115,80,4421,1,10.7,0.0
53,1,0,128,85,16637,1,56.7,0.0
9,1,0,92,69,5989,2,13.4,2.2
10,1,0,87,52,8268,1,5.0,3.2
80,1,0,125,78,4036,1,47.3,3.4
14,2,0,92,62,12608,1,32.7,2.4
10,2,0,95,69,18318,1,43.8,0.0
9,1,0,91,59,16651,1,36.5,0.0
21,2,0,79,52,18313,1,37.2,0.0
23,2,0,89,50,6788,2,30.8,0.1
26,2,0,91,81,10031,3,41.1,0.0
26,2,0,98,55,12205,1,40.3,0.0
62,2,0,97,74,9109,2,38.8,0.0
18,1,0,131,99,11185,1,61.9,0.3
30,1,0,88,44,8824,2,8.3,0.0
75,1,0,115,84,3516,3,26.4,0.0
80,1,0,130,68,9549,1,53.2,6.3
25,2,0,94,50,7612,1,28.0,0.0
25,2,0,102,57,7811,2,15.5,0.0
10,1,0,90,63,8249,1,41.6,1.0
9,1,0,87,48,20364,1,15.2,9.1
80,1,0,139,109,8435,3,71.9,0.0
17,1,0,107,51,9518,1,27.9,0.0
74,1,0,116,75,6187,2,51.8,0.2
80,2,0,116,61,7093,3,50.6,0.1
61,2,0,102,70,18073,1,43.0,0.0
46,1,0,128,86,8752,1,52.1,0.0
16,1,0,128,77,14720,2,52.5,0.0
57,2,0,146,52,14452,9,36.7,0.0
11,1,0,101,70,11482,1,22.5,0.0
39,2,0,115,89,11527,1,66.4,0.0
15,2,0,102,43,15768,1,50.4,0.0
9,2,0,91,48,15576,1,37.4,7.5
79,1,0,144,87,3329,2,51.4,0.0
27,1,0,104,69,17891,2,58.3,0.0
77,1,1,100,63,9874,3,7.6,0.1
19,1,0,118,62,3040,1,59.1,0.0
33,2,0,91,72,12116,1,31.2,0.0
19,1,0,100,53,10522,1,49.9,0.0
23,2,0,118,55,13622,1,41.1,0.0
57,1,0,122,89,7616,1,44.0,0.0
14,2,0,98,62,14796,1,26.8,0.0
41,2,0,111,50,11449,3,15.4,0.0
56,2,0,111,77,13413,1,55.6,0.0
78,1,0,106,73,2851,1,53.8,0.0
9,2,0,99,50,13132,1,22.1,6.0
70,1,1,122,69,3626,12,15.2,0.0
33,2,0,99,55,16113,2,49.4,0.0
16,2,0,96,63,7092,1,63.1,0.4
39,1,0,97,42,16434,1,51.2,0.0
62,2,0,107,71,9619,1,59.6,0.0
77,1,0,139,85,14196,2,92.2,0.0
36,1,0,106,80,14564,2,57.7,0.0
25,1,0,113,40,8900,1,42.3,7.9
78,2,1,102,65,6575,10,15.1,0.1
80,1,1,166,78,6806,1,38.2,0.1
10,2,0,140,90,17150,1,35.7,0.0
34,2,0,110,76,12639,1,25.3,0.0
74,1,0,142,83,7450,1,54.3,0.0
80,1,1,142,68,3753,11,27.3,0.0
20,2,0,108,75,14941,2,42.2,0.0
12,1,0,108,79,14270,1,36.5,0.0
42,1,1,139,77,9322,4,24.4,0.1
13,1,0,111,54,10854,1,39.0,0.0
35,1,0,112,63,17907,1,44.9,0.0
79,1,1,138,71,15087,5,6.0,0.1
65,2,0,122,73,9995,1,70.5,0.0
33,2,0,113,45,7700,1,24.0,0.0
80,2,1,140,54,5464,4,29.1,0.1
31,1,0,123,65,8883,1,41.3,0.0
29,2,0,98,72,14422,1,48.7,0.0
66,1,0,124,88,4492,4,66.7,0.0
23,1,1,92,82,7040,5,11.2,0.0
54,1,0,114,69,16037,2,47.8,0.0
21,1,0,102,66,6719,1,37.5,0.0
37,1,0,116,51,19908,1,46.9,0.0
76,1,0,107,74,7114,2,33.4,0.0
38,2,0,103,53,15318,1,37.9,0.0
32,2,0,108,98,9037,2,59.3,0.0
9,2,0,102,61,12149,1,39.5,0.0
42,2,0,100,60,9289,1,29.0,0.0
44,1,0,121,75,15912,2,57.6,0.0
78,2,1,128,94,8921,4,10.9,0.0
63,1,0,115,68,7340,2,71.3,0.0
80,2,1,132,65,12362,1,7.8,0.1
54,1,0,109,75,7337,1,55.5,0.0
24,2,0,113,69,5989,2,74.2,0.1
73,1,1,136,85,5302,2,63.3,0.1
14,2,0,85,41,12978,1,49.1,0.6
76,1,0,134,75,11493,6,46.0,0.0
34,1,0,98,53,4576,2,48.0,0.0
10,1,0,102,62,14352,1,38.0,0.0
20,2,0,99,58,6192,1,47.9,0.1
77,2,0,153,86,12254,2,78.1,0.0
69,1,0,120,74,12276,1,47.4,1.1
30,2,0,107,57,21072,1,25.4,0.0
57,2,1,98,47,15274,2,23.7,0.1
32,2,0,110,74,10673,2,35.9,0.0
28,2,0,84,44,20202,1,48.7,0.0
54,2,0,106,90,7949,1,71.0,2.8
9,2,0,110,57,10928,1,31.4,1.0
13,2,0,102,59,11836,1,52.0,1.5
31,1,0,128,75,19240,1,11.0,0.0
34,2,0,105,66,10230,1,36.3,0.0
9,1,0,82,42,9570,1,41.2,0.0
70,2,1,148,71,6465,11,10.0,0.0
28,2,0,96,50,13083,1,31.8,0.0
33,1,0,94,79,11526,3,27.0,0.0
26,2,0,113,59,7370,1,64.7,0.0
35,2,1,120,77,8532,6,16.1,0.0
16,1,0,109,67,15468,1,35.9,0.1
40,2,0,125,74,13330,1,57.3,0.0
10,2,0,123,59,9940,2,28.6,0.0
78,1,1,150,77,7235,7,10.5,0.1
65,1,0,106,52,8790,5,38.2,0.1
34,2,0,103,61,8556,4,38.7,0.0
50,1,0,99,51,9116,1,34.8,0.0
9,2,0,101,42,18883,1,5.0,5.6
45,2,0,114,65,15339,3,31.7,4.2
77,2,1,123,56,6972,6,5.4,2.5
29,1,0,110,78,11377,1,35.3,0.0
36,2,0,102,52,17013,2,58.5,3.1
34,1,0,97,50,8397,4,41.8,0.0
63,2,0,131,88,7271,1,52.0,0.0
13,2,0,86,55,18641,1,48.9,0.0
17,2,0,110,59,13181,1,40.9,0.0
11,1,0,98,61,13764,1,37.9,0.0
74,1,1,110,61,9602,2,53.0,0.0
66,1,0,105,49,4357,7,66.7,0.0
11,1,0,96,53,12372,1,37.3,0.0
45,2,0,131,60,8787,1,63.1,0.0
78,1,1,145,72,7759,3,40.7,6.0
33,2,0,100,54,8532,3,20.3,0.0
47,2,0,109,65,10124,3,44.5,0.1
11,2,0,91,44,16784,2,48.0,0.0
51,2,0,95,60,1530,1,23.8,0.0
69,2,0,120,85,8227,1,67.4,1.4
33,2,0,98,61,12307,1,50.9,0.0
63,2,0,107,80,7497,1,32.9,0.1
67,2,0,112,86,9905,1,18.7,0.0
49,2,0,124,54,10161,4,34.0,0.0
12,1,0,92,61,11076,1,39.6,0.0
17,1,0,98,73,8943,1,31.2,0.0
33,1,0,115,71,9217,1,54.9,0.0
73,1,0,126,79,5578,1,61.5,9.2
76,2,0,121,70,14296,1,75.0,0.0
56,2,0,106,66,7952,3,63.8,0.7
64,1,0,133,84,11349,2,48.9,0.1
55,1,0,128,81,3917,1,50.9,0.0
37,1,0,144,77,11607,3,54.4,0.0
80,2,1,121,49,9681,6,26.5,0.0
47,2,0,107,70,4759,2,45.3,0.0
11,1,0,106,58,21492,1,55.6,0.0
9,2,0,102,48,10891,2,36.0,0.0
61,2,0,112,95,6671,2,50.4,0.0
19,1,0,96,49,10826,4,16.3,8.9
22,1,0,105,76,19381,1,33.0,0.0
14,1,0,109,64,14831,1,27.7,0.0
57,1,0,107,56,15997,2,47.5,0.0
19,2,0,99,58,8233,4,22.0,0.0
45,2,0,131,70,14537,2,18.3,0.0
34,1,0,102,62,10352,3,32.2,0.0
69,2,0,101,72,14795,1,58.6,0.0
75,1,0,132,73,10934,9,66.2,0.0
78,2,1,129,74,6656,6,45.3,0.6
52,1,0,138,75,12229,3,45.4,0.0
71,1,0,166,64,6935,1,55.6,0.0
65,1,0,118,90,6378,1,95.0,8.0
39,2,0,107,67,15211,2,46.6,0.0
79,2,1,130,68,6610,4,8.9,0.1
9,1,0,106,46,16497,1,22.2,0.0
13,2,0,103,49,8795,1,53.1,0.2
47,1,0,93,80,5386,1,37.9,0.0
9,1,0,112,61,19091,1,34.7,0.0
59,1,0,122,70,6699,2,47.6,0.0
68,2,0,102,62,10641,4,28.8,7.0
12,1,0,107,55,9905,3,24.9,0.0
18,2,0,104,51,10477,4,38.3,0.0
36,1,0,87,55,9830,2,50.4,0.0
17,2,0,93,47,10453,1,32.8,0.0
47,2,0,101,75,15273,1,41.6,0.0
74,2,0,119,67,10919,3,34.1,0.0
39,1,0,141,66,14338,2,14.4,0.0
80,1,1,117,73,6348,6,37.3,0.5
12,2,0,120,49,13777,2,15.7,0.0
73,1,0,142,70,13034,2,33.8,8.3
71,2,0,112,61,8852,2,77.4,0.0
28,1,0,119,74,10252,3,61.1,0.0
45,1,0,93,52,16152,1,53.3,0.0
46,1,0,130,98,13296,1,64.8,0.0
42,1,0,96,55,12059,3,22.7,0.0
63,1,0,96,76,8539,2,48.7,0.0
13,1,0,108,75,18646,1,12.4,0.0
10,2,0,95,41,14625,3,29.7,0.0
14,2,0,127,80,10835,1,58.2,0.0
32,2,0,114,69,13902,1,34.7,0.0
68,1,0,126,65,1828,1,40.3,0.0
78,2,0,153,68,7451,3,45.9,4.6
80,2,1,127,64,5242,2,68.4,4.0
80,1,0,113,80,2803,6,50.1,0.1
19,2,0,124,82,16845,2,58.3,0.0
18,1,0,98,46,9636,1,14.4,0.1
31,1,0,100,55,13146,2,43.6,0.0
57,1,0,135,80,13420,2,62.8,0.0
14,1,0,117,70,12115,1,20.1,0.0
38,2,0,126,56,8908,5,57.4,0.0
56,2,0,101,78,2218,1,47.0,0.0
79,2,1,107,56,4203,4,33.0,0.1
13,1,0,116,65,12953,3,42.4,0.0
30,2,0,104,71,12596,1,35.6,0.0
48,1,1,110,80,9849,8,6.8,0.1
12,2,0,113,58,11823,3,22.7,0.0
38,1,0,95,53,10104,1,41.5,0.0
52,2,0,109,60,8979,2,68.4,0.0
49,1,1,134,67,5344,12,5.1,0.0
16,2,0,115,68,6802,1,42.9,0.0
80,1,1,108,59,7733,2,46.6,0.7
57,2,0,106,65,14281,1,82.7,0.0
37,1,0,112,70,7745,1,80.5,0.0
80,2,1,146,63,5611,8,14.3,0.0
31,2,0,120,58,12561,2,34.7,0.0
43,1,0,115,93,13386,5,41.3,0.0
74,2,0,142,83,11369,5,37.9,0.0
21,1,0,115,82,8640,1,22.2,0.0
78,1,1,130,72,4845,0,51.4,0.1
80,2,1,128,34,4519,7,23.5,0.0
26,1,0,122,99,9247,1,50.2,0.0
30,2,0,114,71,8902,1,40.9,8.9
21,1,0,104,53,7070,1,34.0,7.3
80,2,1,124,68,5176,0,33.5,0.7
24,2,0,101,64,6023,2,42.4,0.0
10,1,0,113,44,4760,1,24.0,0.0
22,2,0,119,56,5679,1,51.5,9.2
80,1,0,139,66,2450,2,47.8,0.0
13,2,0,106,63,18284,2,50.0,2.0
78,2,1,140,72,12727,4,65.1,3.0
39,2,0,135,78,16696,7,42.9,0.0
43,1,0,143,70,6680,4,53.4,0.0
61,2,0,118,66,10191,2,47.8,0.0
55,2,0,118,104,16541,3,53.1,0.0
22,1,0,121,59,10426,1,40.4,0.0
28,1,0,111,79,10140,1,40.0,0.0
18,1,0,99,63,6542,1,49.9,0.4
35,2,0,130,55,5405,1,29.4,0.0
22,2,0,86,66,7435,1,33.0,0.0
71,2,0,123,71,14937,4,51.2,0.0
11,2,0,109,48,14550,1,44.2,0.0
30,1,0,122,46,12469,3,38.5,0.0
38,2,0,116,48,9843,4,28.1,0.0
16,2,0,104,43,11683,1,46.6,0.2
16,1,0,98,70,17958,1,26.4,0.0
51,1,0,99,60,9202,1,32.1,0.0
29,1,0,117,77,8457,1,80.3,0.0
36,2,0,110,57,6778,1,27.5,0.0
47,2,0,113,53,15599,1,48.6,0.1
36,2,0,115,64,7390,3,47.4,0.0
10,2,0,103,40,16943,1,33.2,0.3
57,1,0,129,58,7003,7,27.4,0.0
18,2,0,107,52,13843,1,62.2,0.0
25,1,0,104,45,12023,1,50.9,0.0
64,1,0,117,98,11258,1,44.8,0.0
29,2,0,89,65,10066,2,40.9,0.0
50,1,0,126,91,9432,5,26.2,0.0
48,2,0,107,63,16874,2,45.0,0.0
42,2,0,124,75,10197,2,76.1,0.0
16,2,0,116,55,9202,2,23.5,0.0
30,2,0,103,66,8931,2,37.2,0.0
22,1,0,124,67,17418,1,45.9,0.0
22,1,0,99,68,8955,1,51.8,0.0
39,2,0,127,73,3742,3,26.9,0.0
26,1,0,106,63,7523,1,54.3,0.0
66,2,0,124,79,6554,3,51.5,0.0
64,1,0,131,62,8533,6,44.3,0.0
60,1,0,119,75,6441,3,38.1,9.1
36,2,0,113,69,8529,1,5.4,0.0
48,2,0,109,51,8010,2,33.1,0.0
79,1,0,141,78,11676,1,59.7,0.0
38,1,0,125,75,16535,1,46.5,0.0
52,1,0,153,94,12807,1,50.4,0.4
25,2,0,111,65,11716,4,83.8,0.0
33,2,0,120,65,9294,2,45.9,0.1
15,1,0,97,62,11064,2,36.4,0.1
10,2,0,94,49,6883,1,30.1,1.4
69,2,1,139,85,7186,10,10.1,0.1
41,1,0,122,90,12009,2,40.7,0.0
15,2,0,102,67,15833,4,36.3,0.0
71,1,0,120,80,6562,5,46.1,0.0
28,1,0,88,49,13786,1,39.9,0.0
30,1,0,113,56,4679,2,33.5,0.9
28,1,0,92,54,12565,1,25.9,0.0
80,1,0,160,109,13286,6,59.3,0.0
44,2,0,120,78,4330,4,53.2,0.0
76,1,1,141,62,12844,4,47.8,0.1
25,1,0,104,55,10776,2,43.3,4.0
49,2,0,113,65,7051,2,14.6,0.0
80,2,1,117,70,6695,3,5.2,0.0
58,1,0,132,80,12711,1,66.0,0.1
33,1,0,123,78,13174,3,58.4,0.0
51,2,0,118,65,7029,2,59.5,0.9
52,1,0,141,89,11916,2,43.8,0.0
23,1,0,101,46,13763,1,37.5,0.2
72,1,1,125,70,13610,4,8.3,1.0
31,2,0,108,56,9705,5,22.7,0.0
23,1,0,112,66,12908,1,46.9,0.0
22,2,0,92,48,10721,1,48.6,0.0
80,2,1,137,88,4819,7,19.9,1.4
42,2,0,102,69,16130,2,48.1,0.0
60,2,0,96,76,4678,1,35.4,0.0
40,2,0,114,69,19623,2,24.8,0.0
62,1,0,123,59,8642,1,52.5,0.1
69,1,0,99,79,9137,1,51.3,0.1
78,1,1,141,73,11750,3,17.7,0.1
23,1,0,89,42,18490,1,61.2,0.0
19,1,0,132,68,11854,6,22.8,0.0
80,2,0,152,85,8344,3,68.0,0.0
64,1,1,111,64,3319,4,10.8,0.0
78,2,0,126,78,9979,1,57.5,0.0
51,2,0,109,80,4820,1,79.7,2.9
60,1,0,107,88,16121,1,64.6,0.0
20,2,0,105,60,14333,1,40.4,0.0
22,2,0,87,54,13443,1,49.2,5.9
59,1,0,109,75,11006,1,80.1,4.9
32,1,0,94,29,5344,1,43.7,0.0
40,2,0,96,48,10854,2,52.6,0.0
40,2,0,97,57,10104,2,47.2,0.0
51,1,0,104,56,16964,1,61.8,0.0
10,2,0,106,59,15711,1,41.4,3.6
46,1,0,92,60,12213,1,40.9,0.0
56,2,0,112,71,4387,1,50.5,0.0
78,1,1,128,80,5156,3,45.0,1.3
24,2,0,121,70,7718,1,55.9,0.0
17,1,0,120,64,15723,1,36.8,0.0
27,1,0,111,49,6374,1,43.4,0.0
33,2,0,106,68,14199,2,73.3,0.0
46,1,0,120,67,16703,2,54.0,0.0
14,2,0,113,84,20647,1,48.6,0.0
15,1,0,99,75,10114,1,53.5,0.0
36,2,0,109,72,14726,1,74.8,0.1
29,1,0,114,59,20878,2,72.0,0.0
48,2,0,100,59,11163,1,54.3,0.0
32,1,0,102,68,9039,1,20.4,0.0
26,2,0,126,79,7809,1,56.1,0.0
11,2,0,96,41,15811,1,35.1,0.0
11,1,0,128,75,14891,2,30.1,0.0
21,2,0,111,43,7847,3,19.4,0.0
14,2,0,88,52,11768,1,39.3,0.4
49,2,0,116,54,6006,1,41.1,0.0
49,1,0,119,63,7628,2,29.3,0.0
43,1,0,114,61,18048,1,51.1,0.1
38,2,0,116,49,12639,2,16.2,0.0
18,1,0,110,69,16035,4,20.6,0.0
57,1,0,116,61,4986,1,64.7,7.6
26,2,0,99,43,10828,3,25.1,8.6
46,1,0,102,64,12981,1,48.8,0.0
47,2,0,96,54,12677,1,37.3,0.0
24,2,0,154,89,4206,1,32.1,0.0
48,2,0,118,56,7827,1,35.5,0.0
75,1,0,120,88,2808,1,30.4,0.0
58,1,0,116,58,10465,1,47.9,0.0
63,2,0,119,70,7261,1,60.3,0.0
39,2,0,136,79,14770,2,40.0,0.0
12,1,0,90,49,5812,2,28.6,0.0
9,1,0,110,59,10983,2,36.6,0.0
25,2,0,124,96,13242,1,57.1,0.0
23,2,0,105,59,7407,1,77.1,0.0
58,1,0,107,72,6182,2,48.9,0.0
33,2,0,105,71,8777,2,50.0,0.4
55,2,0,112,102,4825,2,29.1,0.0
28,1,0,107,71,11645,3,46.9,0.0
62,2,0,120,73,11884,1,18.0,4.4
30,2,0,110,66,3564,2,28.9,0.0
62,2,0,123,95,6031,2,22.2,0.1
10,1,0,94,58,2238,1,14.7,0.0
72,2,0,111,75,7778,1,73.2,0.0
80,1,1,154,58,6159,9,5.3,0.0
45,2,0,109,71,7586,5,55.1,0.0
62,2,0,121,67,7939,2,30.1,4.5
74,2,0,127,84,15241,2,72.1,3.1
52,2,0,97,62,8374,1,33.7,0.0
58,1,0,104,57,12886,1,48.4,0.0
61,2,0,139,74,9797,1,54.1,3.2
75,2,1,102,59,11055,6,9.1,0.0
25,1,0,96,59,21084,2,13.5,0.0
17,2,0,95,43,11920,1,47.8,0.0
62,1,0,128,72,5330,1,52.4,0.0
10,2,0,101,70,9159,1,51.1,3.3
69,1,0,121,88,7506,4,54.4,0.0
45,1,0,122,103,15762,1,50.7,0.0
79,2,1,130,81,5598,3,6.3,0.1
37,1,0,100,56,15857,2,43.8,0.5
49,2,0,102,49,7966,3,57.8,0.0
28,2,0,112,67,12433,1,47.9,0.0
43,1,0,103,49,7362,2,5.0,0.0
14,1,0,92,51,15426,1,61.0,0.0
36,2,0,115,80,13821,1,42.3,0.0
76,1,0,142,80,11698,2,52.4,0.0
31,2,0,111,66,6036,1,26.2,0.0
18,1,0,134,63,11625,2,47.7,0.0
28,2,0,115,67,5051,1,23.4,0.0
31,1,0,127,53,4208,3,48.5,0.0
57,2,0,115,81,14521,2,41.4,0.0
71,1,0,104,75,3343,1,60.8,0.0
11,2,0,82,40,12142,2,26.2,0.4
42,2,0,104,45,16007,1,61.2,0.0
80,1,1,124,85,79,3,19.3,0.0
69,2,0,110,71,14813,3,30.2,0.0
69,2,0,129,62,9066,1,66.9,0.0
43,1,0,116,67,12884,1,57.4,0.0
17,2,0,104,64,5098,1,27.7,0.0
25,2,0,100,78,8174,1,18.2,0.0
80,1,0,107,73,12434,3,70.2,0.0
12,1,0,92,37,10789,1,51.6,0.0
80,1,1,148,61,5171,7,19.4,2.5
35,2,0,102,61,15455,1,35.2,0.1
42,2,0,94,69,18860,1,53.5,0.0
53,1,0,134,74,14244,1,74.9,0.0
40,2,0,114,69,8239,2,67.9,0.0
12,1,0,106,64,7989,1,34.9,0.0
13,1,0,128,71,12215,1,36.7,0.0
77,2,0,106,72,8700,5,44.3,1.5
33,2,0,107,52,11575,1,72.2,1.8
60,2,0,103,76,14249,1,60.5,4.0
41,2,0,105,72,14059,1,70.0,0.0
20,2,0,115,54,8937,1,54.8,0.0
79,2,1,116,63,10118,3,31.9,2.1
44,1,0,90,49,6876,2,40.7,0.0
26,2,0,99,71,9735,1,45.3,0.0
12,1,0,117,66,11107,2,36.3,0.0
35,2,0,126,55,9351,1,36.3,0.0
56,2,1,150,83,12606,0,85.4,3.3
36,2,0,103,78,9304,4,46.9,0.0
12,1,0,93,64,16001,1,36.3,2.0
51,1,0,135,99,5535,1,54.9,0.5
54,1,0,125,57,12338,1,77.4,8.5
24,2,0,102,53,13226,1,57.9,0.0
42,2,0,100,68,13321,2,33.9,0.0
25,2,0,123,59,12085,3,17.9,0.0
42,2,0,114,56,16091,1,51.1,0.0
76,2,0,107,89,9370,1,65.9,7.3
12,2,0,100,62,9338,2,33.3,0.0
27,2,0,108,56,5633,2,17.0,0.0
60,2,0,121,74,12718,1,40.7,0.0
13,1,0,101,63,14576,2,19.5,0.0
68,2,0,96,45,6830,1,37.0,0.0
20,2,0,118,60,16151,2,29.1,0.0
11,2,0,102,52,19130,1,36.8,0.0
79,1,1,114,39,3837,10,29.5,0.0
12,2,0,92,62,11734,1,33.5,0.0
69,2,0,123,83,18206,2,52.7,0.0
52,1,0,123,83,7750,2,35.9,0.0
13,1,0,129,53,19322,1,51.2,0.0
67,1,1,120,84,9623,5,7.6,6.5
13,2,0,94,55,16024,2,50.7,0.1
34,2,0,107,71,9952,1,71.7,0.0
80,1,1,121,48,6156,5,16.1,0.1
71,2,0,116,74,13750,3,43.8,1.7
15,1,0,95,60,15423,1,30.9,0.0
10,2,0,96,61,11167,1,22.2,0.0
26,1,0,97,52,7664,2,53.6,0.0
79,2,1,111,61,8596,5,14.7,0.1
53,2,0,103,78,4500,2,50.5,0.0
17,1,0,101,78,6106,1,31.6,0.0
14,2,0,101,51,11350,3,43.0,0.0
29,2,0,97,45,22723,2,22.7,5.2
78,1,0,137,101,5399,3,55.9,6.7
72,2,0,136,80,6659,1,56.6,5.6
60,1,0,103,71,10893,2,54.5,0.0
32,2,0,90,49,12224,1,43.5,0.0
26,2,0,114,81,12205,1,65.9,0.0
10,1,0,97,65,10492,1,33.6,0.0
19,2,0,93,68,16172,1,34.6,0.0
50,2,0,112,62,6104,1,93.3,0.0
25,2,0,111,54,18439,6,37.3,0.0
63,2,0,110,66,11342,1,69.5,0.0
62,2,0,109,72,19124,1,41.6,2.1
79,1,1,152,62,13429,8,13.5,0.1
80,2,0,157,82,16356,4,79.7,5.9
20,2,0,92,62,10392,2,61.1,0.0
79,2,0,130,61,3385,1,51.9,0.0
21,1,0,99,62,9548,2,49.2,0.0
27,1,0,93,70,16117,1,67.6,0.0
35,2,0,104,67,9640,2,31.5,0.0
20,2,0,97,60,5386,1,47.5,0.0
34,2,0,111,41,15356,2,61.4,0.0
27,2,0,109,43,8293,1,42.7,7.7
11,1,0,98,61,12860,1,24.3,0.0
36,1,0,130,84,7673,2,66.5,0.0
10,2,0,94,66,20824,1,26.2,0.0
47,2,0,120,65,11141,1,52.4,0.0
12,1,0,102,65,11609,7,24.1,3.4
60,1,0,114,90,5896,3,37.6,0.0
34,1,0,126,62,15566,1,47.2,0.0
54,1,0,119,84,11478,2,57.9,0.0
53,1,0,120,77,7575,4,77.9,0.0
30,2,0,101,66,15741,2,68.7,6.7
56,2,0,130,55,10160,1,53.0,0.0
26,1,0,95,47,23797,1,71.8,0.0
79,2,0,147,86,10242,1,34.5,0.0
11,2,0,97,64,6909,1,21.0,0.0
36,1,0,106,45,9128,1,34.9,0.0
72,1,0,117,67,6130,3,57.6,0.0
34,1,0,116,66,10795,1,53.9,0.0
11,1,0,94,59,17016,1,28.9,0.1
9,2,0,95,50,13261,1,38.6,0.0
77,2,0,114,82,20762,1,69.0,0.0
26,2,0,121,86,16218,2,66.2,0.0
52,1,0,108,73,9638,2,83.6,0.0
42,2,0,114,81,15444,1,39.4,0.0
13,1,0,100,55,15213,1,51.2,0.0
26,2,0,116,83,8100,2,39.2,0.0
12,2,0,100,65,7784,1,24.9,0.0
11,1,0,103,70,16447,1,36.3,0.0
43,2,0,107,70,16938,3,51.0,5.6
29,1,0,115,76,15562,1,61.9,0.0
59,1,0,117,84,13785,1,45.6,0.0
80,1,1,166,73,6303,2,54.4,0.0
41,1,0,134,65,19477,3,34.8,0.0
41,2,0,110,68,4188,2,51.3,0.0
15,2,0,127,67,12593,1,46.5,0.0
11,2,0,121,79,19810,6,45.7,0.1
10,1,0,92,58,6574,1,41.7,0.1
36,1,0,97,67,9533,3,40.6,0.0
80,1,1,124,51,4604,7,26.2,0.1
53,2,0,130,80,8173,2,66.0,3.1
56,2,0,115,70,6339,2,58.4,0.0
64,1,0,120,80,13588,1,70.5,0.0
24,1,0,115,55,11799,3,56.1,0.0
17,1,0,96,41,16233,1,39.3,0.0
78,2,1,123,42,10090,4,44.6,0.1
11,1,0,95,48,11734,1,30.7,0.0
80,2,0,121,85,4552,1,38.5,0.0
30,1,0,106,58,10902,1,40.9,0.0
53,2,0,116,44,9615,1,49.9,2.5
45,1,0,108,70,12250,2,41.8,1.5
80,2,1,115,65,4926,3,57.0,0.1
38,1,0,91,54,7678,1,26.5,0.0
30,2,0,118,104,16596,1,40.2,0.0
24,2,0,113,68,12486,2,27.3,0.0
11,1,0,120,66,16702,1,22.6,0.0
24,1,0,108,76,8752,1,69.0,0.1
15,2,0,98,61,24310,1,49.8,0.5
9,2,0,83,61,18726,1,23.0,0.0
70,1,0,117,76,13917,4,61.1,0.0
66,1,1,124,101,10706,1,21.6,1.2
24,1,0,113,48,14021,2,44.7,0.0
25,1,0,102,66,23266,2,44.4,0.0
55,2,0,111,86,15223,2,49.4,0.0
69,2,0,119,68,10840,1,49.7,0.0
44,2,0,117,59,11569,1,67.3,0.0
26,2,0,106,55,1952,2,52.1,0.0
11,1,0,100,54,19156,1,31.4,0.0
9,1,0,90,41,19912,1,36.8,0.0
26,2,0,100,68,11909,2,14.1,0.0
23,1,0,115,63,12156,1,65.0,0.0
80,2,0,115,69,8660,2,54.5,5.1
10,1,0,111,58,10896,1,32.4,0.0
60,2,0,120,87,3294,1,61.1,0.0
17,1,0,111,68,7181,2,47.2,0.0
72,1,0,134,71,6717,1,78.6,0.0
48,2,0,135,80,8955,3,38.4,0.0
17,1,0,118,83,9748,2,26.3,0.0
47,1,0,131,78,9668,1,31.4,0.0
49,1,0,101,87,11021,1,37.5,0.0
20,2,0,114,65,4270,2,50.1,0.0
55,1,0,123,87,7456,1,65.0,0.0
24,1,0,105,66,11410,5,46.7,0.0
29,1,0,103,71,16215,3,52.9,0.0
48,2,0,125,72,5675,2,67.0,8.5
61,2,0,134,83,2626,3,23.4,0.0
16,1,0,111,61,12810,1,40.4,0.0
53,1,0,118,47,8569,6,36.6,0.0
21,2,0,114,72,13419,1,50.4,0.3
55,1,0,109,66,11333,2,44.3,0.0
18,2,0,108,72,14818,1,47.0,0.1
24,1,0,102,61,10646,2,38.0,0.0
77,1,0,108,75,6998,1,82.0,0.0
11,1,0,123,72,11246,3,35.2,0.0
58,1,0,115,75,12764,1,70.6,0.1
41,2,0,125,47,16951,1,35.7,0.0
68,1,0,120,76,9184,2,42.8,0.0
40,2,0,113,57,13388,1,60.7,0.0
13,1,0,95,61,7002,1,44.6,0.0
22,1,0,110,60,14586,1,61.9,0.0
53,1,0,131,74,9859,2,55.2,0.0
78,1,0,140,70,5421,3,85.1,0.0
44,1,0,110,70,9657,2,45.0,8.9
47,2,0,113,43,18146,1,68.0,0.0
57,1,0,125,71,13266,1,54.4,3.0
12,2,0,97,69,8704,1,18.9,0.0
80,1,1,144,85,5853,3,27.1,0.0
42,1,0,131,87,9433,1,62.8,0.0
19,2,0,109,80,12450,1,55.4,0.0
15,2,0,101,87,9112,2,29.2,0.0
34,2,0,115,62,16074,3,54.0,0.0
10,2,0,110,54,19382,2,20.8,0.0
42,1,0,116,76,17789,1,33.3,0.0
31,1,0,123,49,9327,2,58.5,1.1
26,2,0,95,67,7176,3,64.4,0.0
77,1,0,114,80,6964,4,56.6,0.0
9,1,0,99,50,13464,1,39.7,7.4
9,1,0,103,62,18322,1,42.1,0.0
18,2,0,95,71,6592,1,58.1,0.0
57,1,0,137,75,9439,4,69.1,0.0
32,2,0,96,59,9279,1,61.3,0.0
70,1,0,114,64,8481,3,47.6,0.0
31,2,0,109,64,9043,1,69.3,0.0
24,2,0,107,64,15673,2,60.8,0.0
33,1,0,94,75,14805,1,23.4,0.0
75,1,0,127,69,13840,7,39.3,0.0
10,1,0,108,45,11510,1,39.4,0.0
11,1,0,98,52,6593,1,31.4,0.0
41,1,0,133,69,13039,2,40.6,0.1
12,2,0,96,58,13842,2,21.1,0.0
28,2,0,102,90,14139,1,48.3,0.0
20,1,0,123,64,8574,4,21.2,0.0
49,2,0,100,85,6564,4,44.2,0.0
29,2,0,111,63,7704,1,47.7,0.0
35,1,0,105,60,12846,2,15.6,0.0
64,1,0,109,71,7190,1,45.3,0.1
14,1,0,84,55,11618,2,23.3,9.0
56,2,0,128,102,17410,1,67.0,0.0
44,1,0,120,70,13639,1,35.7,0.0
72,2,0,120,66,3827,3,63.4,0.0
43,2,0,112,78,6856,3,60.7,0.0
12,2,0,104,58,14486,2,63.3,0.0
70,1,0,117,99,11503,1,56.2,0.0
13,1,0,92,60,10328,1,74.8,0.0
28,2,0,114,70,10072,3,42.4,0.0
10,2,0,101,61,18152,1,26.3,0.0
22,1,0,110,67,22521,1,37.9,0.1
77,2,0,144,100,15688,3,61.5,0.0
22,1,0,124,76,9773,1,50.9,0.0
63,1,0,108,87,15493,2,41.2,0.6
69,1,0,119,61,5315,1,27.1,7.7
29,2,0,92,76,16575,1,34.7,0.0
78,1,1,123,52,14037,5,40.9,0.0
31,1,0,103,62,10924,1,47.6,0.0
49,1,0,128,73,18065,1,47.2,0.0
65,2,0,114,73,10048,1,49.3,0.1
80,1,1,100,57,5951,4,59.3,0.1
47,1,0,96,66,12129,1,36.1,0.0
30,1,0,115,82,5938,1,36.0,5.7
35,2,0,110,65,17527,2,30.0,0.0
10,2,0,85,44,9630,2,72.5,0.0
24,1,0,113,82,9108,2,43.0,0.0
66,2,0,119,51,19081,2,60.1,0.4
56,1,0,107,67,16304,1,45.5,0.0
59,2,0,124,68,19021,1,51.0,0.0
11,1,0,112,65,13998,1,36.7,0.0
80,2,1,120,46,11453,12,8.9,0.0
41,2,0,98,47,8172,2,50.1,0.0
57,2,0,99,67,8817,2,55.3,0.0
24,2,0,101,73,8137,1,28.1,0.7
65,2,0,109,54,10867,1,38.6,0.0
24,1,0,100,61,10551,1,36.5,0.0
19,1,0,115,45,10212,2,38.3,0.0
80,2,1,96,50,8722,2,37.5,0.3
18,1,0,91,44,11115,1,21.4,0.0
52,2,0,123,53,11443,1,51.7,0.0
15,1,0,111,56,12897,1,43.1,0.0
77,2,0,117,93,5782,1,53.8,0.0
44,1,0,107,76,7255,3,47.7,0.0
31,1,0,102,81,7854,5,31.3,0.0
72,2,1,132,89,12505,5,40.9,6.5
12,1,0,98,48,10806,1,62.7,8.5
12,2,0,107,61,18605,3,47.9,7.6
46,2,0,95,72,12777,2,40.3,0.0
80,2,0,124,68,6480,1,58.7,8.4
45,1,0,139,64,4007,2,54.8,0.0
11,2,0,101,63,9338,2,5.0,0.0
22,1,0,124,57,9282,1,47.5,0.0
35,2,0,108,62,12816,2,52.4,0.0
34,1,0,122,65,10953,5,44.7,0.0
57,2,0,102,65,5131,2,39.1,0.0
76,2,0,142,92,6280,4,80.9,0.1
80,1,1,149,61,4129,11,5.0,6.6
75,1,0,120,59,4854,6,62.4,0.0
40,1,0,114,59,11368,1,55.5,0.0
48,1,0,117,60,8177,2,36.6,0.0
11,1,0,113,72,19400,2,33.5,0.0
34,2,0,118,82,10873,1,34.8,0.0
34,1,0,112,70,10377,1,50.5,0.0
80,1,0,138,66,16438,4,44.8,0.1
21,1,0,107,59,4949,1,40.9,0.0
22,1,0,103,70,6572,1,24.0,0.0
56,2,0,141,70,9823,7,46.8,0.0
57,2,0,90,56,13058,2,24.8,0.0
38,2,0,100,65,15055,1,53.0,0.0
23,2,0,108,61,13401,1,25.4,0.0
21,2,0,113,47,15153,2,63.6,0.0
42,1,0,94,59,16241,1,53.6,0.0
53,2,0,106,64,6873,1,43.6,0.0
54,1,0,139,76,6002,1,56.3,0.0
76,2,0,128,71,5511,1,58.1,0.1
76,1,1,133,80,7921,8,8.5,6.1
62,1,0,102,70,3278,1,51.8,0.0
28,1,0,92,56,10601,3,45.4,0.0
14,1,0,100,83,4035,1,37.9,0.0
30,1,0,114,67,12932,1,32.5,0.0
15,1,0,111,82,17743,1,30.6,0.0
79,2,1,138,82,12318,1,58.3,0.0
21,2,0,100,59,8237,1,49.0,0.0
42,1,0,108,48,8870,3,43.9,0.0
32,2,0,103,59,7139,2,55.2,0.0
11,2,0,101,57,21642,3,14.7,0.0
79,1,1,109,67,10460,9,59.2,0.1
76,2,0,106,72,15713,2,54.6,0.0
34,1,0,98,71,13925,1,43.1,1.3
31,1,0,91,57,15355,1,46.9,0.0
68,2,0,129,93,5663,4,20.0,6.3
71,1,0,150,77,4061,4,36.4,4.0
54,2,0,103,62,8961,1,60.4,0.0
72,1,0,113,64,7794,5,66.1,0.1
36,2,0,111,73,13715,1,14.9,0.0
64,2,0,116,88,11218,4,56.5,0.0
50,2,0,107,51,6419,1,43.8,0.0
80,2,1,135,61,8101,8,8.6,0.0
20,2,0,97,33,9866,2,28.1,0.0
80,2,1,153,86,7994,6,26.7,0.0
23,2,0,129,75,12845,2,25.6,0.0
41,1,0,136,72,11707,1,63.8,0.6
15,2,0,89,58,21024,1,30.2,4.6
65,1,0,110,75,4567,1,28.6,0.0
41,1,0,110,68,18513,1,50.7,0.1
23,1,0,93,62,4925,1,33.7,0.0
12,2,0,97,64,12007,1,42.1,0.0
9,1,0,106,62,6982,1,10.3,0.0
35,1,0,134,62,6846,2,76.5,0.0
76,1,0,128,60,5750,1,33.1,7.0
18,2,0,96,72,8761,1,21.6,0.0
27,2,0,124,67,10741,2,31.8,0.0
30,2,0,128,91,12680,1,76.2,0.0
44,1,0,120,71,18797,2,48.9,0.0
70,2,0,139,90,6684,2,61.5,6.7
48,1,0,123,74,3407,2,37.4,0.0
36,1,0,125,61,19780,1,37.7,0.0
37,1,0,101,60,14562,1,61.0,0.0
80,1,1,142,74,6481,8,11.8,9.5
43,2,0,123,73,8667,3,44.0,0.0
24,1,0,110,66,6825,2,42.9,7.4
57,2,0,112,49,9860,2,71.0,0.0
55,2,0,114,65,5368,2,60.0,0.0
14,2,0,94,61,24583,1,57.7,0.0
10,2,0,97,43,12326,1,26.4,0.0
30,2,0,109,71,8659,3,32.6,0.1
31,2,0,111,68,8151,2,32.3,0.0
68,2,0,135,68,9287,3,45.7,0.1
31,1,0,112,82,11457,2,79.8,0.0
10,1,0,111,73,12823,1,49.5,0.0
72,2,0,108,81,13056,2,36.4,0.1
70,1,0,124,71,9296,1,20.0,0.0
37,2,0,113,67,9893,2,47.3,0.0
29,2,0,116,69,9181,1,27.0,0.0
30,2,0,100,73,10987,1,26.0,0.0
26,2,0,109,56,10638,1,46.6,0.0
67,2,0,115,73,5248,1,57.3,0.0
64,2,0,114,64,15651,7,47.9,0.0
32,2,0,97,60,8045,1,69.6,0.0
60,1,0,108,60,8021,5,38.3,0.1
17,1,0,95,68,9061,2,15.3,0.0
69,1,0,122,76,4993,2,68.1,0.0
72,1,0,104,51,5202,2,44.4,6.7
22,1,0,133,60,9042,1,69.4,0.0
30,2,0,103,59,12374,2,55.1,0.0
67,2,0,119,50,11450,2,29.3,0.0
9,1,0,93,56,15480,1,39.7,0.0
41,2,0,129,72,10510,1,41.2,0.0
10,1,0,92,50,12880,1,53.1,0.0
76,1,0,136,88,5680,1,48.5,0.0
11,2,0,91,58,15287,1,40.6,0.0
80,1,0,119,75,4238,2,80.1,0.0
76,1,0,112,79,6981,1,54.7,0.0
80,1,1,112,35,9030,3,37.1,0.1
52,2,0,119,64,19061,2,46.4,0.0
15,2,0,99,67,14549,1,28.0,0.0
60,2,1,147,85,7124,6,8.2,0.4
42,2,0,110,72,13823,1,50.8,0.0
78,1,1,133,84,14965,2,83.6,0.1
75,2,0,127,76,15587,1,73.1,0.0
10,2,0,96,52,17150,1,30.3,0.0
17,1,0,95,52,8644,2,49.1,2.4
49,1,0,112,47,18743,1,40.3,0.0
77,1,0,116,68,18377,2,49.2,8.2
18,2,0,109,38,12329,1,25.1,0.0
17,2,0,105,59,9416,1,32.2,0.0
17,1,0,107,70,6093,2,37.1,0.0
67,1,1,116,66,11197,5,38.3,5.3
10,1,0,103,58,8774,1,5.0,0.0
36,1,0,109,51,14300,2,45.0,0.0
75,2,0,113,65,14739,1,72.5,0.0
9,2,0,99,58,14783,1,53.3,0.1
70,1,0,124,79,9693,4,46.0,6.8
34,2,0,94,64,8702,1,37.9,0.0
15,2,0,111,54,14653,1,27.5,0.0
14,2,0,121,78,15099,1,39.2,0.0
48,1,0,105,58,8455,1,44.3,0.0
9,2,0,118,65,6842,1,36.4,0.0
67,2,0,120,62,10353,5,5.0,0.0
21,1,0,114,61,7152,1,42.3,0.0
57,1,0,132,83,10005,1,94.7,0.3
42,2,0,105,69,15781,1,45.5,3.2
54,2,0,106,59,3026,1,62.9,0.1
58,2,0,96,70,1580,1,67.0,9.2
56,1,0,98,58,17255,2,60.9,0.0
31,2,0,108,74,7583,2,37.3,0.0
50,1,0,125,77,9528,2,46.0,0.0
12,2,0,88,54,15572,1,22.4,0.0
79,2,0,131,90,6832,1,69.9,0.0
19,1,0,106,70,13348,1,27.0,0.0
22,1,0,106,69,11354,1,55.5,0.0
80,1,1,133,71,9069,2,40.5,0.7
58,2,0,97,62,18456,2,67.4,0.0
51,1,0,108,51,11637,1,63.9,0.0
74,1,1,123,61,6989,7,5.0,1.9
30,1,0,99,42,12158,1,41.1,0.0
50,2,0,114,59,11454,1,58.5,0.0
15,1,0,97,50,9208,1,44.0,0.0
14,2,0,105,59,19371,2,49.0,0.1
37,2,0,137,100,11039,2,37.9,0.0
14,2,0,99,46,21702,1,57.3,0.0
72,1,0,148,76,17689,2,48.0,0.0
80,2,1,122,67,9687,3,18.9,0.1
34,2,0,115,81,3922,1,40.6,0.0
39,1,0,111,72,8590,1,58.8,0.0
20,2,0,109,72,10696,1,53.2,0.0
67,2,0,141,90,11179,4,39.9,0.0
23,2,0,130,69,9835,1,39.9,0.0
20,2,0,100,66,15365,1,38.9,0.0
43,1,0,115,79,12195,1,56.1,0.0
51,2,0,118,80,16876,1,56.2,0.0
80,2,1,121,68,3858,2,45.9,0.1
28,2,0,127,85,7774,1,27.6,0.0
31,2,0,97,61,11695,5,55.7,0.0
21,1,0,92,45,3773,5,46.3,0.0
70,2,0,112,64,14395,2,66.4,0.1
40,1,0,97,42,11606,1,61.3,0.0
24,2,0,107,63,3992,2,35.2,0.0
11,2,0,95,44,14399,1,11.2,0.0
27,1,0,121,71,15418,1,24.7,0.0
9,2,0,89,40,10883,1,24.9,0.0
27,2,0,102,61,17066,3,29.6,0.0
57,2,0,105,62,15195,3,34.5,8.9
38,2,0,100,86,10736,1,53.4,0.0
28,2,0,90,45,9778,3,17.1,0.0
46,2,0,139,59,6378,2,40.3,0.0
78,2,1,172,90,8288,2,80.1,0.1
20,1,0,98,63,16335,1,65.6,7.3
74,2,1,101,65,15305,7,7.0,8.8
23,1,0,108,62,10113,1,35.4,0.1
20,1,0,131,71,6147,1,23.4,0.9
77,1,0,132,86,9251,3,51.1,8.6
18,2,0,108,42,8837,1,41.7,0.0
43,1,0,138,89,12594,1,58.6,0.1
43,1,0,90,68,12475,6,35.1,0.0
61,2,0,130,77,5651,1,36.2,0.0
80,2,1,113,44,3712,3,38.3,5.0
34,2,0,106,57,4134,1,31.9,0.0
35,2,0,83,50,3079,2,25.5,0.0
15,2,0,91,35,7483,1,62.4,0.1
60,2,0,114,60,2466,3,50.5,0.0
44,1,0,105,73,5541,1,40.2,0.0
18,2,0,114,59,12451,3,48.1,0.0
34,1,0,127,70,8709,2,41.3,0.0
35,2,0,105,66,18257,1,46.4,0.0
33,1,0,97,55,15135,2,41.5,0.2
18,2,0,102,79,5796,1,46.4,0.0
36,1,0,127,77,13570,2,29.5,5.4
44,2,0,118,71,17060,1,37.4,3.8
64,1,0,121,59,11254,2,60.7,0.0
11,2,0,83,67,5729,1,16.9,0.0
57,2,0,131,93,6099,1,43.8,0.1
12,2,0,83,42,18603,1,48.3,0.0
74,2,0,122,72,3008,1,51.8,0.0
29,1,0,119,88,6785,1,32.5,0.0
14,1,0,110,64,17359,1,26.7,0.0
10,1,0,88,60,8018,1,21.1,0.0
10,1,0,110,79,13329,1,47.2,0.0
22,1,0,86,58,3928,1,74.8,0.0
11,1,0,116,69,9859,1,56.4,0.0
54,2,0,124,73,10380,1,44.4,0.0
68,2,1,143,76,7369,7,27.1,0.4
16,1,0,106,75,8026,1,24.9,0.0
43,2,0,121,81,7334,1,69.7,0.0
65,2,0,119,98,4580,2,54.4,0.0
79,2,1,100,54,9258,5,21.7,0.0
79,1,1,152,46,7205,9,15.5,0.3
23,1,0,120,78,14004,1,46.9,0.0
80,1,1,157,57,9889,15,9.2,0.0
71,1,1,114,65,7334,2,60.7,0.3
17,2,0,95,76,6739,1,26.0,0.0
29,1,0,102,65,7986,1,25.8,0.0
38,2,0,109,50,14027,2,31.6,0.0
25,1,0,88,65,6278,1,51.7,0.0
12,1,0,112,58,17576,2,24.1,0.0
15,1,0,121,91,7266,3,33.5,0.1
71,1,0,123,71,9725,1,38.2,0.0
29,1,0,117,53,12907,3,23.6,0.0
15,1,0,115,55,7943,2,53.3,0.0
28,1,0,103,69,10186,1,33.7,0.0
22,2,0,111,77,14943,3,47.1,0.0
63,2,0,135,74,5760,1,53.3,0.0
11,2,0,90,65,10133,1,40.0,0.0
18,1,0,118,72,5401,3,24.9,0.0
24,1,0,107,83,11046,3,37.8,0.0
57,1,0,127,66,2997,4,48.7,0.0
78,1,0,148,100,10547,5,51.0,0.0
48,1,0,137,76,13431,5,51.1,0.4
43,1,0,127,77,18392,1,56.6,0.0
26,2,0,86,56,9070,1,40.9,0.0
64,2,0,109,63,4157,1,49.4,0.0
76,2,0,132,84,7700,1,69.6,0.0
66,1,1,99,60,13869,2,23.8,0.1
9,2,0,98,75,14855,1,43.7,0.0
51,2,0,100,61,12986,1,33.5,5.1
47,1,0,133,84,11736,1,39.7,0.0
25,2,0,92,66,6617,1,47.6,0.0
25,1,0,120,84,13135,3,38.1,2.6
20,1,0,112,82,14375,1,39.3,0.0
24,2,0,110,60,12734,2,48.2,7.4
29,1,0,114,64,9382,1,75.4,0.0
43,2,0,100,67,11577,4,55.9,0.1
15,1,0,104,55,8328,1,52.6,0.0
73,2,0,104,66,4766,2,37.0,0.0
20,1,0,103,59,17189,1,56.5,1.0
22,2,0,106,78,13217,1,62.4,0.0
25,2,0,98,54,24300,2,30.1,0.0
24,2,0,84,53,18344,1,43.9,0.0
34,1,0,135,71,17309,1,33.8,0.0
41,1,0,136,102,8538,2,43.8,0.0
34,1,0,120,77,14400,1,22.9,0.0
45,2,0,100,64,6610,1,47.5,0.0
13,2,0,92,42,18280,1,62.5,0.0
63,1,1,89,63,8369,3,27.6,0.1
25,2,0,97,72,6472,2,63.5,0.0
43,2,0,140,75,9504,2,46.3,0.0
9,2,0,104,51,15130,1,33.3,0.0
44,2,0,132,90,5207,3,53.6,0.0
42,2,0,98,71,11807,2,18.3,0.0
44,2,0,97,64,10539,1,59.3,0.0
11,1,0,106,78,20709,1,39.9,0.0
71,2,0,114,73,8209,1,39.6,0.0
33,1,0,90,80,14275,1,93.8,0.0
31,1,1,143,96,11317,1,37.9,0.0
59,2,0,112,61,12722,1,41.6,4.4
14,2,0,96,62,10815,3,50.9,0.0
25,1,0,107,81,19531,1,7.1,0.0
11,2,0,101,47,17940,1,40.4,1.5
22,2,0,93,59,10623,1,62.0,0.0
16,1,0,97,76,4825,1,43.9,0.0
80,1,1,138,57,4700,6,38.7,0.0
53,1,0,116,65,10259,2,44.7,0.0
64,2,0,134,76,6301,2,90.4,1.7
31,1,0,95,62,15038,1,30.6,3.2
53,2,0,102,73,12762,1,30.7,0.1
79,1,1,125,73,12145,0,46.8,0.0
48,2,0,133,75,10368,1,68.7,8.8
51,1,0,108,75,10844,3,32.8,0.0
63,2,1,112,52,10748,5,35.9,8.1
80,1,0,136,71,6065,1,78.5,0.0
21,2,0,81,49,3155,2,36.3,0.0
73,1,0,164,90,9564,2,47.4,0.0
11,2,0,100,56,9294,1,45.6,0.0
24,1,0,116,57,5828,3,40.7,0.0
54,2,0,114,62,2817,5,37.9,0.0
39,2,0,114,78,3130,1,40.0,0.0
24,2,0,89,53,8778,2,38.3,0.0
77,2,1,118,65,10128,6,15.5,2.1
61,1,0,108,98,15317,1,37.0,0.0
10,1,0,110,84,14981,1,39.0,0.0
52,2,0,130,77,10577,3,25.2,0.0
71,2,0,122,49,14974,3,54.9,0.0
24,2,0,93,56,6802,1,43.7,0.0
56,1,0,110,64,9590,3,27.5,0.0
72,1,0,120,67,15094,2,32.2,5.0
11,2,0,117,68,19300,1,53.8,1.7
31,1,0,100,61,5563,1,69.7,0.0
80,2,1,126,57,7975,9,5.5,0.0
45,1,0,125,66,4053,1,81.7,0.0
69,2,1,152,80,9484,9,6.7,0.0
44,1,0,95,54,10574,5,31.2,9.2
80,1,1,121,63,8537,3,24.3,0.0
75,1,1,109,52,9191,0,10.2,0.0
35,1,0,104,67,3325,1,25.4,0.0
13,2,0,124,60,9154,1,42.9,0.0
50,1,0,130,82,20103,1,38.1,0.0
58,2,0,105,64,5535,2,43.1,0.0
76,1,1,102,79,8482,1,17.8,4.1
78,1,0,134,65,16288,4,63.1,0.0
40,2,0,110,80,15158,1,65.7,0.0
19,2,0,121,50,15078,2,50.5,0.0
48,2,0,106,61,14449,4,39.6,0.0
24,1,0,101,57,12048,1,28.6,3.2
72,2,0,97,67,3143,4,65.0,0.6
37,2,0,96,50,13647,1,49.4,0.0
80,1,1,120,54,6223,13,5.8,0.0
35,2,0,99,74,16195,1,60.7,0.4
41,2,0,116,73,2163,2,56.9,0.0
78,2,0,125,75,5431,3,60.0,0.1
19,2,0,110,49,14865,1,60.0,0.2
13,1,0,124,68,10161,2,46.0,0.0
77,2,0,104,54,17568,4,37.1,0.9
14,1,0,98,52,11753,1,25.8,5.4
19,1,0,88,49,9000,2,50.9,5.6
18,2,0,105,79,18230,1,45.8,0.0
61,1,0,134,74,10013,2,56.6,2.3
16,1,0,115,57,25991,1,34.6,0.0
16,2,0,95,58,14818,2,51.6,0.0
58,2,0,112,65,10906,2,34.2,0.0
78,1,1,89,70,8047,1,85.4,0.0
20,2,0,130,65,7980,1,48.4,0.0
69,2,0,114,93,11464,3,83.5,4.9
10,2,0,98,62,17292,1,65.8,0.7
39,1,0,105,60,9665,1,52.1,0.0
63,1,0,121,80,3981,4,30.6,0.0
25,2,0,105,59,3333,6,47.0,0.0
10,1,0,101,56,13316,1,5.0,0.0
77,2,1,108,50,10438,5,27.6,1.5
26,1,0,119,68,14355,1,73.8,0.0
10,2,0,122,56,3124,3,37.0,1.7
10,2,0,115,52,12211,1,34.3,0.0
80,2,1,162,62,8647,7,15.2,0.0
27,2,0,105,58,10007,1,41.2,0.0
67,2,0,112,74,13549,1,49.3,0.0
16,1,0,99,59,10168,1,42.8,0.0
47,1,0,104,63,11445,2,39.5,0.0
25,1,0,97,54,8713,4,10.8,0.0
79,2,1,135,50,13295,9,9.3,0.0
14,1,0,91,81,20096,2,31.4,0.0
54,1,0,136,88,5310,1,63.6,0.1
16,2,0,97,58,10924,3,38.1,2.0
17,1,0,109,59,12623,1,37.3,0.0
30,2,0,104,72,8592,3,33.9,0.3
16,1,0,109,64,8307,1,40.7,0.0
45,1,0,105,62,13773,1,70.2,0.0
57,2,0,128,79,12672,7,83.0,0.0
41,2,0,97,53,8623,2,62.4,0.0
11,2,0,101,50,10858,1,29.0,0.1
54,2,0,123,90,7593,4,52.0,0.0
65,1,0,137,77,11334,3,11.9,0.8
10,2,0,88,71,18055,1,35.2,0.0
48,1,0,113,53,9438,1,70.8,0.0
80,2,0,129,69,12056,2,54.1,0.0
21,2,0,92,82,6275,1,44.7,0.0
21,1,0,115,62,15396,1,30.5,0.0
9,2,0,85,59,15087,1,37.7,0.0
15,1,0,106,54,17265,1,43.4,0.0
40,1,0,118,76,8663,1,36.7,0.0
11,2,0,114,49,17351,1,33.6,0.0
15,2,0,111,58,9133,2,20.7,0.0
64,1,0,109,68,14430,5,65.8,3.4
44,2,0,121,84,17337,1,34.8,0.0
46,2,0,128,75,4019,2,51.7,0.0
78,2,1,111,71,6949,8,13.0,0.1
58,2,0,120,67,13587,2,49.3,0.0
80,2,1,130,59,10788,6,15.9,1.4
51,2,0,126,63,11651,5,27.6,0.1
26,2,0,103,69,15146,1,75.5,0.0
30,1,0,102,71,10962,1,61.6,0.0
28,1,0,95,49,8940,2,49.3,0.0
45,2,0,111,78,10044,2,40.2,5.3
13,2,0,113,64,10767,1,27.3,1.1
62,2,0,117,51,13327,1,36.9,1.1
65,1,0,128,73,16014,3,56.6,0.0
40,1,0,122,54,7223,3,30.0,1.2
78,2,0,116,76,4747,3,68.7,0.0
79,1,0,127,76,6411,1,71.5,0.0
27,1,0,98,72,17226,1,71.4,7.8
71,1,1,106,96,10467,1,43.4,0.0
75,1,0,127,82,6666,1,79.0,1.8
57,2,0,146,74,9800,1,69.8,0.0
29,1,0,143,76,7307,5,47.8,0.0
13,2,0,98,68,19508,1,58.3,0.1
69,2,0,110,72,4975,2,64.1,3.1
52,2,0,129,67,19329,1,62.3,0.0
79,1,1,158,82,15920,6,29.7,0.0
14,1,0,88,51,11848,1,32.1,0.0
25,1,0,123,57,6041,2,29.1,0.0
38,1,0,139,87,6351,1,57.2,0.0
80,2,1,124,51,8856,0,72.8,0.0
66,2,0,105,60,12953,1,57.4,0.0
66,2,0,111,55,9027,2,33.7,0.2
9,1,0,107,63,11990,1,41.9,0.0
51,2,0,94,66,3573,1,64.4,0.0
49,2,0,121,74,12080,1,20.4,0.0
80,1,1,113,58,10087,2,30.0,0.1
40,1,0,98,53,11185,3,37.3,6.0
34,1,0,132,50,6023,2,17.4,0.0
75,2,0,106,60,5580,2,46.2,9.2
37,1,0,87,42,2594,1,54.2,0.0
55,1,0,121,43,6713,4,38.9,0.0
20,2,0,125,79,9276,3,56.9,0.0
16,2,0,87,62,19383,1,49.1,0.0
48,2,0,106,84,12227,1,52.2,0.0
45,1,0,98,46,16052,2,36.8,0.0
79,1,0,147,82,4008,2,27.7,0.0
80,2,1,137,68,4457,9,9.9,0.1
80,1,1,103,57,10735,5,22.0,0.1
40,2,0,100,56,12266,2,64.9,0.0
47,1,0,129,59,5689,3,28.7,0.0
60,1,0,104,71,11874,1,42.0,0.0
54,2,0,107,79,6816,2,39.8,0.0
24,1,0,116,55,3203,2,40.5,4.9
40,1,0,127,73,8191,2,63.4,0.0
34,2,0,107,68,12143,3,31.1,0.0
27,1,0,118,68,11066,1,34.6,0.1
43,1,0,123,88,11618,1,38.1,0.2
9,1,0,115,68,19858,1,29.5,0.0
80,1,1,109,56,11654,8,8.0,0.9
79,1,0,107,79,5914,1,52.8,1.6
72,1,0,107,64,11502,1,58.5,8.1
10,2,0,122,59,21248,1,47.0,0.0
69,1,0,100,70,12292,2,53.6,0.0
12,2,0,100,66,10799,1,36.9,0.0
24,2,0,95,60,16531,2,50.0,1.3
43,1,0,114,71,9742,1,36.4,0.0
19,1,0,106,71,8536,1,84.8,0.1
63,2,0,110,68,10710,1,69.8,0.0
80,2,1,119,72,9303,10,5.8,2.7
23,2,0,96,70,7961,3,26.9,0.0
55,1,1,124,72,13238,3,13.5,0.2
71,2,0,120,71,3002,1,46.4,0.0
57,1,0,137,58,9762,3,47.2,0.0
18,2,0,106,77,14387,1,26.0,0.0
72,1,0,133,77,6296,2,61.8,6.9
12,1,0,107,81,20895,1,26.7,0.0
10,2,0,100,67,11369,1,25.8,0.0
52,1,0,143,72,22851,1,46.4,0.0
80,2,0,134,84,7321,4,46.4,0.0
18,1,0,97,59,7672,1,48.1,0.0
33,2,0,115,58,11131,3,47.6,7.5
80,2,1,170,71,5604,10,34.4,0.0
45,2,0,122,82,9999,2,65.2,0.0
58,1,0,103,47,7127,1,76.1,0.0
19,1,0,104,60,9398,1,38.4,0.0
28,1,0,97,81,13917,1,44.1,0.0
15,1,0,104,41,18042,2,48.0,0.0
72,2,1,137,76,10320,3,8.5,2.4
77,2,1,115,57,16428,3,37.9,0.1
45,2,0,99,77,15561,1,45.3,0.0
54,2,0,112,70,9323,3,51.9,0.3
9,2,0,85,42,19974,1,29.4,8.9
28,1,0,112,88,5356,2,57.3,0.0
65,1,0,138,63,6821,2,71.8,0.0
32,2,0,108,43,13788,1,44.7,0.0
74,1,0,127,57,13427,2,46.8,0.0
52,1,0,123,78,10985,3,54.1,0.0
30,2,0,110,73,2566,3,49.0,0.0
71,1,0,132,83,9845,2,53.8,0.0
61,1,0,102,61,8835,5,24.6,0.0
21,1,0,94,61,15515,1,66.3,8.8
38,2,0,99,51,15822,1,42.7,0.8
63,2,0,135,84,5332,5,44.3,9.1
71,2,0,104,56,6851,1,70.7,0.0
70,1,0,136,79,7444,2,56.4,0.0
76,2,0,165,83,10026,4,33.7,0.0
80,1,1,119,60,6204,2,10.0,0.0
35,1,0,103,65,10289,7,12.5,0.0
49,1,0,108,77,6266,1,46.6,0.1
28,2,0,96,57,14358,2,35.5,0.0
53,2,0,89,49,14262,1,57.4,0.0
11,2,0,109,60,9949,1,36.3,0.0
76,2,0,112,83,9853,1,37.2,0.4
11,2,0,109,53,16904,1,70.4,0.0
38,1,0,104,41,7844,3,32.0,0.0
58,2,0,98,75,8978,1,67.8,0.0
56,2,0,122,70,8485,1,76.6,0.0
22,2,0,102,39,15705,1,59.4,0.0
27,2,0,118,84,5379,2,61.0,0.0
19,1,0,101,36,15811,1,46.3,0.0
11,1,0,97,52,10284,1,27.6,0.0
51,1,0,113,66,6331,4,68.4,0.0
28,2,0,113,63,9594,1,46.9,0.0
22,1,0,108,63,12612,2,16.4,0.0
18,1,0,90,68,6391,3,5.0,0.0
49,2,0,115,73,8754,1,51.4,0.0
65,1,0,113,64,5175,1,36.4,0.0
57,1,0,125,69,18635,2,26.7,0.0
71,2,0,100,41,6014,1,36.9,0.0
65,2,0,150,81,19335,3,56.2,0.0
10,2,0,95,39,17642,1,37.1,0.0
33,2,0,136,68,7847,1,50.6,0.0
40,2,0,108,49,23248,2,37.4,0.0
45,2,0,103,66,12432,3,41.4,4.7
27,2,0,116,64,10782,4,10.6,1.5
66,2,0,124,102,10628,2,36.9,0.0
71,1,0,134,72,11163,1,69.3,0.0
51,1,0,123,74,13790,2,55.4,0.0
14,2,0,103,49,8421,2,21.5,6.4
12,1,0,111,59,11143,2,26.2,0.0
73,2,0,116,73,11234,4,56.4,0.0
11,2,0,100,73,11896,1,38.7,0.0
38,2,0,129,67,10006,2,46.0,0.0
71,2,0,126,96,8706,6,49.3,4.2
80,2,1,148,81,3281,10,26.8,0.0
80,1,0,117,67,10688,3,67.7,0.0
47,1,0,98,70,8558,4,39.7,0.0
37,1,0,115,67,11776,2,77.4,0.0
44,1,0,119,89,18671,1,34.7,0.0
27,2,0,98,35,4398,2,17.4,0.0
79,1,0,141,116,10159,4,45.2,0.0
41,2,0,125,87,18381,2,39.0,6.7
27,1,0,109,70,7515,1,28.7,0.0
68,1,0,116,79,7262,1,33.8,0.0
18,1,0,101,84,16542,1,34.5,0.1
26,1,0,119,71,8590,1,56.6,0.0
14,2,0,101,61,9501,1,55.2,0.0
9,2,0,112,60,10603,1,5.0,0.0
67,2,1,119,86,16600,4,14.4,0.0
12,1,0,99,61,13268,1,33.4,0.0
79,1,0,124,97,9215,1,61.8,0.0
29,2,0,103,57,2526,1,45.5,0.0
10,1,0,103,75,12267,1,60.8,0.0
45,1,0,135,109,24825,3,15.9,0.0
61,1,0,118,75,7747,1,50.0,5.0
79,2,0,146,71,9704,4,46.4,5.8
21,2,0,108,75,14024,1,21.0,0.0
69,1,0,127,85,11012,7,45.9,9.1
73,2,1,151,69,9589,9,28.3,0.1
12,2,0,86,42,17336,1,24.9,0.0
21,1,0,133,74,6917,1,48.9,0.0
59,1,0,108,71,5300,2,42.6,0.0
50,2,0,121,69,8035,6,42.3,0.0
